-- phpMyAdmin SQL Dump
-- version 5.2.0
-- https://www.phpmyadmin.net/
--
-- 主機： 127.0.0.1
-- 產生時間： 2022-08-18 10:26:17
-- 伺服器版本： 10.4.24-MariaDB
-- PHP 版本： 8.0.19

SET SQL_MODE = "NO_AUTO_VALUE_ON_ZERO";
START TRANSACTION;
SET time_zone = "+00:00";

--
-- 資料庫： `coffee`
--

-- --------------------------------------------------------

--
-- 資料表結構 `admin`
--

CREATE TABLE `admin` (
  `admin_sid` int(11) NOT NULL,
  `admin_name` varchar(255) COLLATE utf8mb4_unicode_ci NOT NULL,
  `admin_account` varchar(255) COLLATE utf8mb4_unicode_ci NOT NULL,
  `admin_password` varchar(255) COLLATE utf8mb4_unicode_ci NOT NULL
) ENGINE=InnoDB DEFAULT CHARSET=utf8mb4 COLLATE=utf8mb4_unicode_ci;

--
-- 傾印資料表的資料 `admin`
--

INSERT INTO `admin` (`admin_sid`, `admin_name`, `admin_account`, `admin_password`) VALUES
(1, 'chia', 'chia', 'chia123'),
(2, 'black', 'black', 'black'),
(3, '管理子揚', 'tommyad', '1234');

-- --------------------------------------------------------

--
-- 資料表結構 `cart`
--

CREATE TABLE `cart` (
  `cart_sid` int(10) NOT NULL,
  `cart_product_id` int(255) NOT NULL DEFAULT 0,
  `cart_price` int(10) NOT NULL,
  `cart_quantity` int(10) NOT NULL,
  `cart_member_id` int(10) NOT NULL,
  `cart_order_id` int(10) NOT NULL DEFAULT 0
) ENGINE=InnoDB DEFAULT CHARSET=utf8;

--
-- 傾印資料表的資料 `cart`
--

INSERT INTO `cart` (`cart_sid`, `cart_product_id`, `cart_price`, `cart_quantity`, `cart_member_id`, `cart_order_id`) VALUES
(69, 7, 320, 1, 1, 15),
(70, 2, 320, 1, 1, 15),
(71, 15, 170, 1, 1, 15),
(72, 49, 320, 1, 1, 15),
(73, 83, 3600, 1, 1, 17),
(74, 69, 400, 1, 1, 17),
(75, 3, 320, 3, 1, 17),
(76, 4, 320, 1, 1, 18),
(77, 10, 270, 2, 1, 18),
(78, 13, 170, 1, 1, 18),
(79, 17, 170, 1, 1, 18),
(80, 22, 630, 4, 1, 18),
(81, 86, 1990, 1, 1, 19);

-- --------------------------------------------------------

--
-- 資料表結構 `comment`
--

CREATE TABLE `comment` (
  `sid` int(11) NOT NULL,
  `content` varchar(255) NOT NULL,
  `replies` int(11) NOT NULL DEFAULT 0,
  `created_at` datetime NOT NULL,
  `post_sid` int(11) NOT NULL,
  `member_sid` int(11) NOT NULL
) ENGINE=InnoDB DEFAULT CHARSET=utf8mb4;

-- --------------------------------------------------------

--
-- 資料表結構 `coupon`
--

CREATE TABLE `coupon` (
  `sid` int(11) NOT NULL,
  `coupon_name` varchar(255) NOT NULL,
  `coupon_send_type` varchar(11) DEFAULT NULL,
  `coupon_setting_type` varchar(11) DEFAULT NULL,
  `coupon_money` varchar(255) NOT NULL,
  `menu_sid` int(11) DEFAULT NULL,
  `products_sid` int(11) DEFAULT NULL,
  `type` varchar(11) NOT NULL,
  `coupon_validity_period` varchar(11) NOT NULL,
  `coupon_status` varchar(11) NOT NULL
) ENGINE=InnoDB DEFAULT CHARSET=utf8mb4;

--
-- 傾印資料表的資料 `coupon`
--

INSERT INTO `coupon` (`sid`, `coupon_name`, `coupon_send_type`, `coupon_setting_type`, `coupon_money`, `menu_sid`, `products_sid`, `type`, `coupon_validity_period`, `coupon_status`) VALUES
(1, '生日優惠券$100', '1 生日時發送', '1 折扣金額', '100', 0, 0, '3 全品項', '12', '0'),
(2, '註冊優惠券$100', '2 註冊時發送', '1 折扣金額', '100', 0, 0, '3 全品項', '12', '0'),
(3, '咖啡拿鐵5折', '3 玩遊戲時發送', '2 打折', '0.5', 1, 0, '1餐點類', '12', '1'),
(4, '卡布奇諾 5折', '3 玩遊戲時發送', '2 打折', '0.5', 3, 0, '1餐點類', '12', '1'),
(5, '義式摩卡75折', '3 玩遊戲時發送', '2 打折', '0.75', 9, 0, '1餐點類', '12', '1'),
(6, '耶加雪菲75折', '3 玩遊戲時發送', '2 打折', '0.75', 17, 0, '1餐點類', '12', '1'),
(7, '宇治奶茶8折', '3 玩遊戲時發送', '2 打折', '0.8', 20, 0, '1餐點類', '12', '1'),
(8, '精選曼巴咖啡組8折', '3 玩遊戲時發送', '2 打折', '0.8', 0, 1, '2 商品類', '12', '1'),
(9, '黃金曼特寧組9折', '3 玩遊戲時發送', '2 打折', '0.8', 0, 3, '2 商品類', '12', '1'),
(10, '購物優惠券9折', '4 購物完發送', '2 打折', '0.8', 0, 0, '3 全品項', '12', '0'),
(12, '焦糖瑪奇朵折30元', '3', '1', '30', 2, NULL, '1', '12', '1');

-- --------------------------------------------------------

--
-- 資料表結構 `coupon_logs`
--

CREATE TABLE `coupon_logs` (
  `sid` int(11) NOT NULL,
  `member_sid` int(11) NOT NULL,
  `coupon_receive_sid` int(11) NOT NULL,
  `order_sid` int(11) NOT NULL,
  `used_time` datetime DEFAULT NULL
) ENGINE=InnoDB DEFAULT CHARSET=utf8mb4;

--
-- 傾印資料表的資料 `coupon_logs`
--

INSERT INTO `coupon_logs` (`sid`, `member_sid`, `coupon_receive_sid`, `order_sid`, `used_time`) VALUES
(1, 1, 32, 1, '2022-05-31 14:29:48'),
(2, 2, 4, 3, '2022-05-31 14:50:43'),
(7, 1, 23, 32, '2022-08-07 21:59:34'),
(8, 54, 22, 34, '2022-08-06 22:04:53'),
(9, 1, 28, 35, '2022-08-07 21:59:34'),
(10, 1, 42, 55, '2022-08-13 20:02:07');

-- --------------------------------------------------------

--
-- 資料表結構 `coupon_receive`
--

CREATE TABLE `coupon_receive` (
  `sid` int(11) NOT NULL,
  `member_sid` int(11) NOT NULL,
  `coupon_sid` int(11) NOT NULL,
  `create_time` datetime NOT NULL,
  `end_time` datetime NOT NULL,
  `status` int(11) NOT NULL DEFAULT 0,
  `category` int(11) DEFAULT NULL
) ENGINE=InnoDB DEFAULT CHARSET=utf8mb4;

--
-- 傾印資料表的資料 `coupon_receive`
--

INSERT INTO `coupon_receive` (`sid`, `member_sid`, `coupon_sid`, `create_time`, `end_time`, `status`, `category`) VALUES
(1, 1, 4, '2021-03-28 00:00:00', '2022-03-28 00:00:00', 0, 1),
(2, 1, 7, '2022-03-31 00:00:00', '2023-03-31 00:00:00', 1, 2),
(3, 1, 3, '2022-05-07 00:10:00', '2023-05-07 00:10:00', 0, 1),
(4, 2, 4, '2022-05-07 00:00:00', '2023-11-07 00:00:00', 1, 2),
(5, 2, 4, '2022-05-08 00:00:00', '2022-11-08 00:00:00', 0, 2),
(6, 3, 5, '2022-05-09 00:00:00', '2023-05-09 00:00:00', 0, 1),
(7, 4, 7, '2022-05-19 00:00:00', '2023-05-19 00:00:00', 0, 1),
(8, 5, 8, '2022-05-28 00:00:00', '2023-11-28 00:00:00', 0, 1),
(9, 6, 9, '2022-05-30 00:00:00', '2023-05-30 00:00:00', 0, 2),
(10, 7, 10, '2022-06-01 00:00:00', '2023-06-01 00:00:00', 0, 2),
(11, 1, 8, '2022-06-02 09:18:00', '2023-06-02 09:18:00', 0, 1),
(12, 1, 9, '2022-06-03 09:20:09', '2023-06-02 09:18:00', 0, 2),
(13, 1, 3, '2022-06-10 09:21:19', '2023-06-10 09:21:19', 0, 1),
(14, 1, 4, '2022-06-11 09:22:06', '2023-06-11 09:22:06', 0, 1),
(15, 1, 5, '2022-06-12 09:22:35', '2023-06-12 09:22:35', 0, 2),
(16, 1, 3, '2022-06-12 10:25:01', '2023-06-12 10:25:01', 0, 1),
(17, 1, 6, '2022-02-11 09:29:28', '2023-02-11 09:29:28', 0, 1),
(19, 54, 3, '2022-08-02 21:39:01', '2023-08-02 15:39:01', 0, 2),
(20, 1, 4, '2022-08-09 15:42:27', '2023-08-09 15:42:27', 0, 2),
(21, 54, 4, '2022-08-10 15:43:44', '2023-08-10 15:43:44', 0, 2),
(22, 54, 5, '2022-08-06 15:44:55', '2023-08-06 15:44:55', 1, 2),
(23, 1, 5, '2022-08-06 15:45:22', '2023-08-06 15:45:22', 1, 2),
(24, 1, 6, '2022-06-07 15:46:02', '2023-06-07 15:46:02', 0, 2),
(25, 54, 6, '2022-06-07 15:46:46', '2022-06-07 15:46:46', 0, 2),
(26, 1, 7, '2022-05-07 15:47:58', '2023-05-07 15:47:58', 0, 2),
(27, 54, 7, '2022-08-02 15:50:56', '2023-08-02 15:50:56', 0, 2),
(28, 1, 8, '2022-07-05 16:06:09', '2023-07-05 16:06:09', 1, 2),
(29, 1, 5, '2022-08-08 15:37:31', '2023-08-08 15:37:31', 0, 1),
(30, 1, 6, '2022-08-13 22:29:38', '2023-08-13 22:33:03', 0, 1),
(31, 1, 3, '2022-08-13 22:32:57', '2023-08-13 22:36:22', 0, 2),
(32, 1, 3, '2022-07-01 22:40:56', '2023-07-01 22:40:56', 0, 1),
(33, 1, 4, '2022-06-13 16:42:19', '2023-06-13 16:42:19', 0, 1),
(34, 1, 5, '2022-05-13 16:43:12', '2023-05-13 16:43:12', 0, 2),
(35, 1, 6, '2022-04-13 16:43:38', '2023-04-13 16:43:38', 0, 1),
(36, 1, 3, '2022-04-23 16:46:37', '2023-04-23 16:46:37', 0, 2),
(37, 1, 5, '2022-04-03 16:47:08', '2023-04-03 16:47:08', 0, 1),
(38, 1, 4, '2022-07-23 16:47:49', '2023-07-23 16:47:49', 0, 1),
(39, 1, 7, '2022-01-10 16:48:11', '2023-01-10 16:48:11', 0, 1),
(40, 1, 7, '2022-05-23 16:48:35', '2023-05-23 16:48:35', 0, 2),
(41, 1, 8, '2022-02-28 16:48:55', '2023-02-28 16:48:55', 0, 1),
(42, 1, 4, '2022-08-13 16:49:31', '2023-08-13 16:49:31', 1, 2),
(43, 1, 4, '2022-03-13 16:49:43', '2023-03-13 16:49:43', 1, 2),
(44, 1, 3, '2022-06-09 16:50:27', '2023-06-09 16:50:27', 1, 1),
(45, 1, 3, '2021-06-13 16:59:04', '2022-06-13 16:59:04', 0, 2),
(46, 1, 4, '2021-02-13 16:59:36', '2022-02-13 16:59:36', 0, 1),
(47, 1, 6, '2022-05-03 16:59:58', '2022-05-03 16:59:58', 0, 1),
(48, 1, 7, '2021-07-10 03:52:52', '2022-07-10 03:52:52', 0, 2),
(49, 1, 8, '2022-07-11 03:53:34', '2022-07-11 03:53:34', 0, 1),
(50, 1, 6, '2022-07-13 03:54:04', '2022-07-13 03:54:04', 0, 2),
(51, 1, 3, '2022-07-14 04:54:41', '2022-07-14 04:54:41', 0, 2);

-- --------------------------------------------------------

--
-- 資料表結構 `course`
--

CREATE TABLE `course` (
  `course_sid` int(11) NOT NULL,
  `course_name` varchar(255) NOT NULL,
  `course_price` int(11) NOT NULL,
  `course_level` int(11) NOT NULL,
  `course_img_s` varchar(255) NOT NULL,
  `course_content` varchar(255) NOT NULL,
  `course_people` varchar(255) NOT NULL,
  `course_material` varchar(255) NOT NULL
) ENGINE=InnoDB DEFAULT CHARSET=utf8mb4;

--
-- 傾印資料表的資料 `course`
--

INSERT INTO `course` (`course_sid`, `course_name`, `course_price`, `course_level`, `course_img_s`, `course_content`, `course_people`, `course_material`) VALUES
(102, '愛心拉花', 1200, 1, '2dac83ad-a5cc-4bc8-b203-3cee5f6a8a6e.png', '愛心應該是拉花所有入門者的第一個圖吧?到現在還記得第一次做出心型的感動，也因此讓我終於有點成就感，就這樣到了現在。\n愛心看似簡單，其實要做的完美也是有點難度，尤其是常常卡在奶泡的問題，不過愛心奶泡就算打得很差還是可以免強弄出來，多少可以建立一點信心。\n', '‧適合年滿12歲以上對拉花有興趣的各位!如未滿18歲則需家長陪同參加。\n<br>\n‧對咖啡有興趣者，無須任何品飲、沖煮經驗。\n<br>\n‧想增加第二專長進修者。\n<br>\n‧企業專業進修增加工作職能者。\n <br>\n‧欲從事咖啡相關工作者必學證照。\n <br>\n‧已經從業或是已在教授咖啡課程者。', '‧磨豆機\n <br>\n‧手沖壺\n<br>\n‧溫度計\n<br>\n‧電子秤\n<br>\n‧濾杯\n<br>\n‧濾紙\n<br>\n(以上材料由主辦者提供,不需額外付費。)\n'),
(103, '0+B 烘豆課', 1500, 2, 'f2ffbe1e-6a63-4b5c-ae0c-f7a0752a0044.png', '深度認識咖啡文化，傳承台灣咖啡職人精神，「0+B」全新打造的品牌旗艦店。另設置強調「咖啡五感沉浸式體驗」的烘豆體驗專區，推出專業咖啡體驗課程，帶領你了解從一顆生豆，到一杯咖啡的烘豆過程。\n<br>\n<br>\n‧每位學員可完整單獨操作一台單人烘豆機\n<br>\n‧烘焙自己喜好的咖啡專屬風味\n<br>\n‧認識瑕疵豆、體驗手工挑豆\n', '‧適合年滿12歲以上對拉花有興趣的各位!如未滿18歲則需家長陪同參加。\n<br>\n‧對咖啡有興趣者，無須任何品飲、沖煮經驗。\n<br>\n‧想增加第二專長進修者。\n<br>\n‧企業專業進修增加工作職能者。\n<br>\n‧欲從事咖啡相關工作者必學證照。\n<br>\n‧已經從業或是已在教授咖啡課程者。\n', '‧磨豆機\n <br>\n‧手沖壺\n<br>\n‧溫度計\n<br>\n‧電子秤\n<br>\n‧濾杯\n<br>\n‧濾紙\n<br>\n(以上材料由主辦者提供,不需額外付費。)\n'),
(104, '手沖咖啡體驗課程', 1000, 1, 'f152fa47-e276-4d30-980b-94767ceffa23.png', '手沖咖啡近年來，在台灣相當盛行。本行程提供簡單入門的咖啡知識，讓體驗行程的人能選擇自己喜歡的咖啡豆來體驗手沖咖啡的樂趣。0+B的手沖體驗課程除了可以讓您體驗本店自家烘焙的咖啡之外，另附自家手作甜點乙份（當日店內商品均可供選擇）。\n', '‧適合年滿12歲以上對拉花有興趣的各位!如未滿18歲則需家長陪同參加。\n<br>\n‧對咖啡有興趣者，無須任何品飲、沖煮經驗。\n<br>\n‧想增加第二專長進修者。\n<br>\n‧企業專業進修增加工作職能者。\n<br>\n‧欲從事咖啡相關工作者必學證照。\n<br>\n‧已經從業或是已在教授咖啡課程者。\n', '‧磨豆機\n<br>\n‧手沖壺\n<br>\n‧溫度計\n<br>\n‧電子秤\n<br>\n‧濾杯\n<br>\n‧濾紙\n<br>\n(以上材料由主辦者提供,不需額外付費。)\n'),
(105, '咖啡生豆認識及風味鑑嘗', 1600, 3, 'dc2afe8a-c2ab-4024-9418-2a1c824332be.png', '認識不同咖啡產地及品種，加強自己品嚐咖啡思維，可以品嚐到不同產地咖啡豆，了解不同品種咖啡豆對風味影響。\n<br />\n<br />\n‧了解不同處理法對風味影響\n<br />\n‧如何區分咖啡生豆\n<br />\n‧咖啡生豆分類\n<br />\n‧了解咖啡瑕疵豆類型\n<br />\n‧教授cupping 方法去了解咖啡品種及產地\n<br />\n‧咖啡生豆生長過程', '‧適合年滿12歲以上對拉花有興趣的各位!如未滿18歲則需家長陪同參加。\n<br>\n‧對咖啡有興趣者，無須任何品飲、沖煮經驗。\n<br>\n‧想增加第二專長進修者。\n<br>\n‧企業專業進修增加工作職能者。\n<br>\n‧欲從事咖啡相關工作者必學證照。\n<br>\n‧已經從業或是已在教授咖啡課程者。\n', '‧磨豆機\n<br>\n‧手沖壺\n<br>\n‧溫度計\n<br>\n‧電子秤\n<br>\n‧濾杯\n<br>\n‧濾紙\n<br>\n(以上材料由主辦者提供,不需額外付費。)\n'),
(106, '咖啡感官補習班', 1800, 3, '8289d4cc-dcd8-46af-a6e8-d4aa54d55d83.png', '學習分辨花類，莓類，熱帶果類等風味特徵，學習分辨不好咖啡風味，了解咖啡口感上不同描述。\n<br>\n<br>\n‧咖啡品嚐專業術語\n<br>\n‧品啡5大元素\n<br>\n‧咖啡甜度分類\n', '‧適合年滿12歲以上對拉花有興趣的各位!如未滿18歲則需家長陪同參加。\n<br>\n‧對咖啡有興趣者，無須任何品飲、沖煮經驗。\n<br>\n‧想增加第二專長進修者。\n<br>\n‧企業專業進修增加工作職能者。\n<br>\n‧欲從事咖啡相關工作者必學證照。\n<br>\n‧已經從業或是已在教授咖啡課程者。\n', '‧磨豆機\n<br>\n‧手沖壺\n<br>\n‧溫度計\n<br>\n‧電子秤\n<br>\n‧濾杯\n<br>\n‧濾紙\n<br>\n(以上材料由主辦者提供,不需額外付費。)\n'),
(107, '虹吸咖啡體驗班', 1600, 2, '2be52af5-8b25-475b-a54d-b930f0f75aa6.png', '虹吸咖啡沖煮步驟，虹吸咖啡沖煮原理 ，沖煮比例調整 ，改善風味方法，攪拌手法講解及示範主要以1對1形式教學，更易掌握學習內容及不用為等候咖啡工具浪費時間。', '‧適合年滿12歲以上對拉花有興趣的各位!如未滿18歲則需家長陪同參加。\n<br>\n‧對咖啡有興趣者，無須任何品飲、沖煮經驗。\n<br>\n‧想增加第二專長進修者。\n<br>\n‧企業專業進修增加工作職能者。\n<br>\n‧欲從事咖啡相關工作者必學證照。\n<br>\n‧已經從業或是已在教授咖啡課程者。\n', '‧磨豆機\n<br>\n‧手沖壺\n<br>\n‧溫度計\n<br>\n‧電子秤\n<br>\n‧濾杯\n<br>\n‧濾紙\n<br>\n(以上材料由主辦者提供,不需額外付費。)\n'),
(108, '義式咖啡體驗班 ', 1200, 1, 'fcf9d86b-5afa-4b54-9c27-bcd289e22d88.png', '詳細講解什麼是特濃咖啡（Espresso) ，不同咖啡豆之風味， 磨豆機及咖啡機之間的關係，講解及教授沖煮各類時下流行之義式咖啡 （e.g. Latte, Cuppuccino, American) ，介紹各類型義式咖啡機。', '‧適合年滿12歲以上對拉花有興趣的各位!如未滿18歲則需家長陪同參加。\n<br>\n‧對咖啡有興趣者，無須任何品飲、沖煮經驗。\n<br>\n‧想增加第二專長進修者。\n<br>\n‧企業專業進修增加工作職能者。\n<br>\n‧欲從事咖啡相關工作者必學證照。\n<br>\n‧已經從業或是已在教授咖啡課程者。\n', '‧磨豆機\n<br>\n‧手沖壺\n<br>\n‧溫度計\n<br>\n‧電子秤\n<br>\n‧濾杯\n<br>\n‧濾紙\n<br>\n(以上材料由主辦者提供,不需額外付費。)\n'),
(109, '咖啡機認識與操作', 1800, 3, '8c625e3d-4aa0-4c51-b1c3-df01e3c2f9c2.png', '認識不同種類的咖啡機，加強自己在這方面的知識，手把手教學如何正確使用咖啡機。\n如何保養與清潔機台，針對需求挑選合適的咖啡機，機會難得敬請把握此課程哦！\n', '‧適合年滿12歲以上對拉花有興趣的各位!如未滿18歲則需家長陪同參加。\n<br>\n‧對咖啡有興趣者，無須任何品飲、沖煮經驗。\n<br>\n‧想增加第二專長進修者。\n<br>\n‧企業專業進修增加工作職能者。\n<br>\n‧欲從事咖啡相關工作者必學證照。\n<br>\n‧已經從業或是已在教授咖啡課程者。\n', '‧磨豆機\n<br>\n‧手沖壺\n<br>\n‧溫度計\n<br>\n‧電子秤\n<br>\n‧濾杯\n<br>\n‧濾紙\n<br>\n(以上材料由主辦者提供,不需額外付費。)\n'),
(110, '小花兒拉花', 1200, 1, 'a0b02d0f-e03b-4a8b-a41c-feecdaca3d4a.png', '小花兒拉花很適合初學者來練習哦，難度適中不會太難，能很好的得到成就感，不會一開始就產生，阿...拉花好難...想放棄的念頭哦！\n<br>\n<br>\n‧輕鬆打發奶泡技巧\n<br>\n‧咖啡牛奶融合的技巧\n<br>\n‧拉花基礎圖形快速上手', '‧適合年滿12歲以上對拉花有興趣的各位!如未滿18歲則需家長陪同參加。\n<br>\n‧對咖啡有興趣者，無須任何品飲、沖煮經驗。\n<br>\n‧想增加第二專長進修者。\n<br>\n‧企業專業進修增加工作職能者。\n<br>\n‧欲從事咖啡相關工作者必學證照。\n<br>\n‧已經從業或是已在教授咖啡課程者。\n', '‧磨豆機\n<br>\n‧手沖壺\n<br>\n‧溫度計\n<br>\n‧電子秤\n<br>\n‧濾杯\n<br>\n‧濾紙\n<br>\n(以上材料由主辦者提供,不需額外付費。)\n'),
(111, '專業咖啡師訓練班', 2400, 3, 'ba6f309c-b4f9-4dac-9f0e-abbfa0744cd4.png', '咖啡基本知識及感官體驗，課堂保證每位學員可使用每人一套沖煮工具，兩部雙頭商用咖啡機及一部單頭專業咖啡機供學員使用，課堂全部有六款由「台灣烘培咖啡豆」為上堂指定用豆。', '‧適合年滿12歲以上對拉花有興趣的各位!如未滿18歲則需家長陪同參加。\n<br>\n‧對咖啡有興趣者，無須任何品飲、沖煮經驗。\n<br>\n‧想增加第二專長進修者。\n<br>\n‧企業專業進修增加工作職能者。\n<br>\n‧欲從事咖啡相關工作者必學證照。\n<br>\n‧已經從業或是已在教授咖啡課程者。\n', '‧磨豆機\n<br>\n‧手沖壺\n<br>\n‧溫度計\n<br>\n‧電子秤\n<br>\n‧濾杯\n<br>\n‧濾紙\n<br>\n(以上材料由主辦者提供,不需額外付費。)\n'),
(112, '藝術拿鐵', 2000, 3, 'd0e8fb55-2fad-4094-b56e-07c568eea41e.png', '優質的義式咖啡、完美的奶泡，加上漂亮的圖形“ 是這堂課的學習目標，本課程採小班制學習，依照學員的進度調整課程進行的方式，以達到最有效果的學習。\n咖啡拉花的圖形與飲料結構的關係密不可分，不同的機型有不同的發泡技巧，不同的杯子有不同的拉花技巧，圖案形成的概念理解後，就等著我們發揮天馬行空的創意囉。', '‧適合年滿12歲以上對拉花有興趣的各位!如未滿18歲則需家長陪同參加。\n<br>\n‧對咖啡有興趣者，無須任何品飲、沖煮經驗。\n<br>\n‧想增加第二專長進修者。\n<br>\n‧企業專業進修增加工作職能者。\n<br>\n‧欲從事咖啡相關工作者必學證照。\n<br>\n‧已經從業或是已在教授咖啡課程者。\n', '‧磨豆機\n<br>\n‧手沖壺\n<br>\n‧溫度計\n<br>\n‧電子秤\n<br>\n‧濾杯\n<br>\n‧濾紙\n<br>\n(以上材料由主辦者提供,不需額外付費。)\n'),
(113, '達人講座', 2000, 2, '5ad26183-3593-431b-a3a3-a6c8522dafdb.png', '開一間夢想中的店鋪，已是現下許多人的生涯規劃，但卻面臨不知該從何下手的窘境，或是開店後才發現跟想像中的差距竟然如此之大。本次課程將邀請許多擁有多年經營經驗及不同背景出身的講師分享自身開店心得及經營祕訣，讓學員朝夢想邁進的路上能更加順利有方向。本課程將藉由互動及討論的方式，讓學員更精準快速的找到適合自己的店面籌備方向及營運技巧規劃。', '‧適合年滿12歲以上對拉花有興趣的各位!如未滿18歲則需家長陪同參加。\n<br>\n‧對咖啡有興趣者，無須任何品飲、沖煮經驗。\n<br>\n‧想增加第二專長進修者。\n<br>\n‧企業專業進修增加工作職能者。\n<br>\n‧欲從事咖啡相關工作者必學證照。\n<br>\n‧已經從業或是已在教授咖啡課程者。\n', '‧磨豆機\n<br>\n‧手沖壺\n<br>\n‧溫度計\n<br>\n‧電子秤\n<br>\n‧濾杯\n<br>\n‧濾紙\n<br>\n(以上材料由主辦者提供,不需額外付費。)\n'),
(115, '雪人拉花', 1500, 2, '3f12e880-d6ac-4246-b3b9-212fe8bc77b8.png', '牛奶藝術（Lae Art） 又稱為拉花。是一種在濃縮咖啡（Espresso）裡， 加入經由濃縮咖啡機（Espresso Machine）加熱後產生大量的氣體壓力蒸氣，將產生大量的氣體壓力蒸氣經由空氣與蛋白質跟牛奶脂肪摩擦後，產生凝結的固體泡沫，再經由氣體旋轉原理，將固體的泡沫，吸入牛奶內部接而混和了牛奶與泡沫，產生了滑順細緻的泡沫牛奶（Steam Milk），接著將溫熱的泡沫牛奶加入製作好的濃縮咖啡裡，在短短幾秒內，經由推擠、晃動、轉動等不同組合方式，完成一杯擁有美麗圖案或是有著像絲綢般口感的咖啡拿鐵。', '‧適合年滿12歲以上對拉花有興趣的各位!如未滿18歲則需家長陪同參加。\n<br>\n‧對咖啡有興趣者，無須任何品飲、沖煮經驗。\n<br>\n‧想增加第二專長進修者。\n<br>\n‧企業專業進修增加工作職能者。\n<br>\n‧欲從事咖啡相關工作者必學證照。\n<br>\n‧已經從業或是已在教授咖啡課程者。\n', '‧磨豆機\n<br>\n‧手沖壺\n<br>\n‧溫度計\n<br>\n‧電子秤\n<br>\n‧濾杯\n<br>\n‧濾紙\n<br>\n(以上材料由主辦者提供,不需額外付費。)\n'),
(116, '恐龍拉花', 1200, 1, 'c100501a-53e7-4085-bc68-66bb24a8f7d2.png', '你是咖啡迷嗎？咖啡的世界包羅萬象，從原料到端上桌那一杯，都有許多學問在裡頭，這也是為什麼許多人一接觸咖啡就會變得無法自拔。而其中有一項技術「拉花」更是不少咖啡師會練習的項目，完美的拉花，能讓一杯咖啡變得更美麗、富有生命力！', '‧適合年滿12歲以上對拉花有興趣的各位!如未滿18歲則需家長陪同參加。\n<br>\n‧對咖啡有興趣者，無須任何品飲、沖煮經驗。\n<br>\n‧想增加第二專長進修者。\n<br>\n‧企業專業進修增加工作職能者。\n<br>\n‧欲從事咖啡相關工作者必學證照。\n<br>\n‧已經從業或是已在教授咖啡課程者。\n', '‧磨豆機\n<br>\n‧手沖壺\n<br>\n‧溫度計\n<br>\n‧電子秤\n<br>\n‧濾杯\n<br>\n‧濾紙\n<br>\n(以上材料由主辦者提供,不需額外付費。)\n'),
(117, '天馬拉花', 1500, 2, '8a3ba0fe-1645-428f-b50b-09432739b651.png', '表面看起來花俏的咖啡拉花，除了引人注目的技巧外，一個成功的咖啡拉花，其實是藉由各個不同的環節組合而成， 像是最重要的基底咖啡 Espresso，如何成功萃取出好的咖啡油脂，除了影響入口口感，對於咖啡拉花圖案的成形也會有著重要影響，又或者是關乎到奶泡是否綿密的牛奶品質，另外，還有蒸氣管放置角度，以及蒸氣噴出的狀態等等，這些都是直接或間接影響到最後成敗的重要因素。', '‧適合年滿12歲以上對拉花有興趣的各位!如未滿18歲則需家長陪同參加。\n<br>\n‧對咖啡有興趣者，無須任何品飲、沖煮經驗。\n<br>\n‧想增加第二專長進修者。\n<br>\n‧企業專業進修增加工作職能者。\n<br>\n‧欲從事咖啡相關工作者必學證照。\n<br>\n‧已經從業或是已在教授咖啡課程者。\n', '‧磨豆機\n<br>\n‧手沖壺\n<br>\n‧溫度計\n<br>\n‧電子秤\n<br>\n‧濾杯\n<br>\n‧濾紙\n<br>\n(以上材料由主辦者提供,不需額外付費。)\n'),
(118, '鳥兒拉花', 1500, 2, 'd902d917-8684-452c-8734-62432f729aa4.png', '一杯咖啡，最令人印象深刻的是什麼呢？\n在閒暇之餘，帶著書到咖啡廳，隨手點杯熱拿鐵。最令人愉悅的是熱咖啡端上來的那一刻\n濃郁的咖啡香配上綿密的奶泡，除此之外，就是令人驚豔的拉花了。', '‧適合年滿12歲以上對拉花有興趣的各位!如未滿18歲則需家長陪同參加。\n<br>\n‧對咖啡有興趣者，無須任何品飲、沖煮經驗。\n<br>\n‧想增加第二專長進修者。\n<br>\n‧企業專業進修增加工作職能者。\n<br>\n‧欲從事咖啡相關工作者必學證照。\n<br>\n‧已經從業或是已在教授咖啡課程者。\n', '‧磨豆機\n<br>\n‧手沖壺\n<br>\n‧溫度計\n<br>\n‧電子秤\n<br>\n‧濾杯\n<br>\n‧濾紙\n<br>\n(以上材料由主辦者提供,不需額外付費。)\n');

-- --------------------------------------------------------

--
-- 資料表結構 `course_related`
--

CREATE TABLE `course_related` (
  `sid` int(11) NOT NULL,
  `course_sid` int(11) NOT NULL,
  `course_date` varchar(255) NOT NULL,
  `course_time` varchar(255) NOT NULL,
  `course_img_l` varchar(255) NOT NULL
) ENGINE=InnoDB DEFAULT CHARSET=utf8mb4;

--
-- 傾印資料表的資料 `course_related`
--

INSERT INTO `course_related` (`sid`, `course_sid`, `course_date`, `course_time`, `course_img_l`) VALUES
(6, 102, '2022-08-25,2022-08-29', 'AM 10:00,PM 03:00', '70a75ce3-d23b-4c8f-be2b-fc8ed5f20217.png,aeb9267a-80c4-4784-8c07-d80033a2797f.png,361bdb63-87b2-4931-a43c-db1c04e8e6c7.png,dda94248-763b-43f4-858f-38814453a427.png,8811f3c6-80e4-41bd-931e-aa455458d9be.png'),
(7, 103, '2022-08-27,2022-08-28', 'AM 09:00,PM 03:30', '296e5e63-2fde-494e-a042-7d1b04a99808.png,bc7f4a89-b516-4d1e-80c7-1807b665c860.png,681d3561-e945-4046-a538-aaf1ba6877c1.png,ff4d8108-be23-4f12-8c56-634260ecd880.png,1397a6b0-1895-4ca9-915b-69c06e3c8535.png'),
(8, 104, '2022-08-26,2022-08-30', 'AM 09:30,PM 02:30', 'b0f4cad6-a81b-4408-818b-e3b5e0ad2640.png,bc27c093-515f-4d34-b927-5a93a2c2eb35.png,b3fe9d56-ccbd-4780-8b1f-3fda084095e9.png,c2a5f43b-7c2d-441d-a37b-e449141889bb.png'),
(9, 105, '2022-08-25,2022-08-28', 'AM 10:10,PM 03:10', 'fab7381a-9ece-4be7-be6b-43b2a04eb388.png,6f4d68c0-b516-4697-b20c-961037eb7efd.png,ee9eb9a4-be14-4b34-93ac-4341ecf7e2dd.png,b11ec87f-4eb7-4f36-bf92-b9605e6cbda4.png,acd2574c-4984-404e-be4b-362596c4f9de.png'),
(10, 106, '2022-08-27,2022-08-28', 'AM 09:15,PM 01:30', 'd66f6d73-df8f-4843-8b9c-927d9d478ab5.png,200412cb-dcd5-4274-86c4-d5528c980093.png,b63511bc-3d62-496b-9d0c-5e92608506dd.png,a4308532-5b78-4fe6-bed2-fc25d11b6497.png,479b6977-9ead-453f-92e7-a6f0bb0ec99a.png'),
(11, 107, '2022-08-25,2022-08-30', 'AM 11:00,PM 03:30', '6c479d50-8648-4b6b-b8ec-92db1aabb03d.png,a300d404-6248-4e37-83bd-44872cea50a2.png,4112bdcb-0413-4332-ad8d-1f2f8baa4d59.png'),
(12, 108, '2022-08-27,2022-08-28', 'AM 10:30,PM 02:30', '99cf32e4-d031-4621-b73a-43ed8eb422d9.png,7d0f9c4b-83b8-4c2c-8384-622e1072ca30.png,f5a1dc3a-6e9b-42f3-ab83-ed0398a046e7.png,6f3bcb1e-a80f-4a2d-9572-5b9a4633737f.png'),
(13, 109, '2022-08-28,2022-08-29', 'AM 09:50,PM 3:00', '37ca01ea-53df-4714-8f52-e439c4577d06.png,30027d79-857a-4063-85ba-b84ee90eefe4.png,3476ed95-0c95-4b1d-b2e2-68f272ca1aa9.png,896d4b37-e89e-472e-9e7b-aa73d8199bcb.png,d59076ea-f4a2-456b-8530-ca2aa87562d8.png'),
(14, 110, '2022-08-26,2022-08-27', 'AM 09:00,PM 02:00', '8541c9df-da7c-4858-bf36-a875befac876.png,d82e7fb8-3dd1-49ae-bdfb-28ff1718d6d7.png,5d859037-676a-4a6b-8a07-796c8b241280.png,29c8654d-e685-4f5c-a66f-6b55ca9de1c6.png,2d94b2ca-0269-443a-9275-a2e235ba59fd.png'),
(15, 111, '2022-08-26,2022-08-27', 'AM 09:50,PM 03:50', 'd1934cc9-b38d-4b0e-9058-64b47362535a.png,619fb480-f9c0-4e9b-82ff-348db8a3500b.png,41a3eb96-3111-4da1-8c0f-a6ad42874606.png,b6553941-8869-49cb-ae53-d2da3d0fa661.png,bcf0ad60-8c79-422b-8759-556902901531.png'),
(16, 112, '2022-08-25,2022-08-27', 'AM 09:20,PM 01:40', 'e32cfd3a-9d2f-42af-83bc-394e36178c00.png,50fdc69e-49ff-4fa4-89d5-680b2c81952f.png,cea2dfd5-637d-4c31-982f-f39521ef8c12.png,7c2a0eaa-afb7-4888-b749-1f29b3401cad.png'),
(17, 113, '2022-08-25,2022-08-28', 'AM 11:00,PM 04:00', 'a8a8f82c-9036-45f7-8b48-a17434a17459.png,0a5fb9cd-2d59-48a3-93ee-7da1d2f78f23.png,b673af2b-c6f4-41f7-971b-0b0c14a31dfd.png'),
(18, 114, '2022-08-25,2022-08-29', 'AM 10:00,PM 03:00', '70a75ce3-d23b-4c8f-be2b-fc8ed5f20217.png,aeb9267a-80c4-4784-8c07-d80033a2797f.png,361bdb63-87b2-4931-a43c-db1c04e8e6c7.png,dda94248-763b-43f4-858f-38814453a427.png,8811f3c6-80e4-41bd-931e-aa455458d9be.png'),
(19, 115, '2022-08-25,2022-08-29', 'AM 10:00,PM 03:00', '1fd9c0a4-febc-4b60-8923-5dd9a2c2cfeb.png,19ae3554-278e-4bde-9289-c1bc4f44942a.png,624818be-1980-414f-9b29-34159ceae511.png'),
(20, 116, '2022-08-25,2022-08-29', 'AM 10:00,PM 03:00', '0a82ae45-39e9-4c10-b911-a9cfaf9ad883.png,8fd65fd6-ca25-49bf-a00b-a8670bd5a226.png,043eda8a-c43f-427f-a29e-b1be8d49c4b8.png'),
(21, 117, '2022-08-28,2022-08-29', 'AM 10:30,PM 02:00', 'f3e89c83-cc40-4a57-8d32-b5d3aa23f7c1.png,582ffb23-8a47-4824-9abc-138e69aeadf1.png,41d16bab-690e-44f2-9163-5de37b95a881.png'),
(22, 118, '2022-08-26,2022-08-29', 'AM 10:30,PM 03:30', '4a9bcbba-4bf4-4548-8292-6fe9b904670a.png,8529d2c2-eff0-48ac-826b-11c2ec8105e5.png,b3274eb4-fc50-46f2-8143-fcea0abc187f.png,dd2b3921-bfaa-4a44-a1d1-9b8522036095.png');

-- --------------------------------------------------------

--
-- 資料表結構 `food_choice`
--

CREATE TABLE `food_choice` (
  `food_choice_sid` int(11) NOT NULL,
  `food_id` int(11) NOT NULL,
  `food_price` int(11) NOT NULL,
  `food_ice_id` int(11) NOT NULL,
  `food_sugar_id` int(11) NOT NULL,
  `food_quantity` int(11) NOT NULL,
  `food_member_id` int(11) NOT NULL,
  `food_order_id` int(11) NOT NULL,
  `food_time_id` datetime NOT NULL,
  `food_store_id` int(11) NOT NULL
) ENGINE=InnoDB DEFAULT CHARSET=utf8mb4;

--
-- 傾印資料表的資料 `food_choice`
--

INSERT INTO `food_choice` (`food_choice_sid`, `food_id`, `food_price`, `food_ice_id`, `food_sugar_id`, `food_quantity`, `food_member_id`, `food_order_id`, `food_time_id`, `food_store_id`) VALUES
(162, 1, 250, 0, 0, 1, 1, 16, '2022-08-19 10:00:00', 2),
(163, 16, 110, 2, 2, 1, 1, 16, '2022-08-19 10:00:00', 2),
(164, 26, 220, 0, 0, 2, 1, 16, '2022-08-19 10:00:00', 2),
(165, 40, 180, 0, 0, 1, 1, 16, '2022-08-19 10:00:00', 2),
(166, 20, 95, 2, 2, 1, 1, 20, '2022-08-18 08:00:00', 5),
(167, 18, 95, 5, 1, 3, 1, 20, '2022-08-18 08:00:00', 5),
(168, 3, 95, 0, 0, 1, 1, 21, '2022-08-18 08:00:00', 6),
(169, 6, 120, 2, 2, 2, 1, 21, '2022-08-18 08:00:00', 6);

-- --------------------------------------------------------

--
-- 資料表結構 `food_ice`
--

CREATE TABLE `food_ice` (
  `food_ice_sid` int(11) NOT NULL,
  `food_ice_name` varchar(255) NOT NULL
) ENGINE=InnoDB DEFAULT CHARSET=utf8;

--
-- 傾印資料表的資料 `food_ice`
--

INSERT INTO `food_ice` (`food_ice_sid`, `food_ice_name`) VALUES
(1, '正常冰'),
(2, '少冰'),
(3, '去冰'),
(4, '常溫'),
(5, '熱');

-- --------------------------------------------------------

--
-- 資料表結構 `food_sugar`
--

CREATE TABLE `food_sugar` (
  `food_sugar_sid` int(11) NOT NULL,
  `food_sugar_name` varchar(255) NOT NULL
) ENGINE=InnoDB DEFAULT CHARSET=utf8mb4;

--
-- 傾印資料表的資料 `food_sugar`
--

INSERT INTO `food_sugar` (`food_sugar_sid`, `food_sugar_name`) VALUES
(1, '無糖'),
(2, '微糖'),
(3, '半糖'),
(4, '全糖');

-- --------------------------------------------------------

--
-- 資料表結構 `lastest_news`
--

CREATE TABLE `lastest_news` (
  `news_sid` int(11) NOT NULL,
  `news_img` varchar(255) NOT NULL,
  `news_title` varchar(255) NOT NULL,
  `news_class_sid` int(11) NOT NULL,
  `news_start_date` date NOT NULL,
  `news_end_date` date NOT NULL,
  `news_content` varchar(255) NOT NULL,
  `news_create_time` datetime NOT NULL,
  `news_status` int(11) NOT NULL
) ENGINE=InnoDB DEFAULT CHARSET=utf8mb4;

--
-- 傾印資料表的資料 `lastest_news`
--

INSERT INTO `lastest_news` (`news_sid`, `news_img`, `news_title`, `news_class_sid`, `news_start_date`, `news_end_date`, `news_content`, `news_create_time`, `news_status`) VALUES
(1, 'c8fa3d2e1ade57264b85a2079d1dd021.jpg', '精選好好喝咖啡豆即日起購買任兩件，第二件即可打七折呦，分享優惠再送濾掛式咖啡一包。', 1, '2017-08-10', '2018-08-10', '快來揪朋友做分享拿好禮喔', '2022-05-31 11:14:27', 5),
(2, '67770f90f0cd1613360177c8f1e04204.jpg', '行動預點專屬 – 週一週二星禮遇', 2, '2022-01-01', '2022-06-30', '一般會員於週一或週二購買輕食即可享8折優惠', '2022-05-31 11:23:10', 1),
(3, '59d8bc28fc669fafff7a8f80b98a6fc5.jpg', '最新消息 / 來拎+B發端午禮金500元啦！官網獨家限量發放', 1, '2022-06-12', '2022-06-13', 'SUMMER SALE! \r\n快來領取端午禮金 𝗡𝗧$𝟱𝟬𝟬\r\n\r\n𝟱.𝟯𝟬 𝗠𝗢𝗡 - 𝟲.𝟴 𝗪𝗘𝗗 官網購買指定咖啡週邊，滿額現折購物金 ，數量有限發完為止 !!', '2022-06-08 22:49:37', 0),
(5, '1db9b63ce778ce7fcee909e0e0808509.jpg', '☀ 幸福大組合  可頌+茶萃咖啡歐蕾 現折15元 ☀', 1, '2022-06-12', '2022-12-31', '咖啡+美食全天候供應，早餐吃、午餐吃，下午茶也想一起吃！\r\n\r\n現在到來拎+B購買「特選火腿起士可頌」或「BBQ煙燻牛肉起士可頌」，加上一杯「茶萃咖啡歐蕾」，優惠折扣15元\r\n\r\n~快到來拎+B享受一杯咖啡與一份可頌的幸福與滿足~', '2022-06-08 23:25:40', 0),
(7, '7f8621fa57e5e0615d66e3058de7cf02.jpg', '新品上市 / 源自日本的 濃萃咖啡球，6/12 起 來拎+B門市搶先品嚐享限時9折', 1, '2022-06-12', '2022-06-29', '濃萃咖啡球是透過日本「獨特的連續筒狀真空高壓萃取技術」與「香氣回收技術」，利用加壓的方式 將咖啡成分萃取出來並完整保留咖啡豆的原始香氣，整體風 味平衡富含核桃堅果香氣，尾韻帶有麥芽糖甜感及奶油滑順的口感，加入鮮乳飲用更濃郁香甜，在家或戶外也能輕鬆享有一杯好咖啡。\r\n濃萃咖啡球(10顆/盒) 於門市＆官網同步販售中。\r\n5.23 MON - 5.27 FRI 新品上市9折嚐鮮價378元 (原價420元)\r\n', '2022-06-09 20:55:06', 0),
(8, '49cb87a708f1e267f53b2b3eefb3d182.jpg', '夏季熱銷精品 水果冷萃重磅回歸', 2, '2022-06-12', '2022-06-23', '沁涼舒心的cold brew冷萃咖啡 + 天然果乾與清香酸甜的果汁 = 來拎+B水果冷萃\r\n\r\n來拎+B水果冷萃去年累積熱銷數萬杯，在許多來拎+B好朋友的許願下，重出江湖\r\n檸檬 / 鳳梨兩種口味選擇，搭配2019 AICA國際咖啡大賽銅獎哥倫翡玉咖啡，冰涼萃取\r\n酸甜好喝、回甘濃郁、提振精神，絕對是每天第二杯咖啡的絕佳選擇\r\n｜會員優惠是一定要的！｜\r\n【2杯 輕鬆喝】檸檬或鳳梨口味，任選2杯原價170元，會員優惠價150元\r\n【4杯 好好喝】檸檬或鳳梨口味，任選4杯原價340元，會員優惠價290元 \r', '2022-06-09 21:06:03', 0),
(10, '5b26a21b3ac211aba5fc417606b005ca.jpg', '☕ 「茶萃咖啡歐蕾」 現萃茶香與經典拿鐵的完美結合 ☕', 2, '2022-06-12', '2022-06-30', '乍暖還寒，大地透露明媚春光，此時咖啡跟茶的癮頭上了心！\r\n\r\n在這個美好季節，來拎+B推出全新研發「茶萃咖啡歐蕾」，以榮獲「AICA澳洲咖啡國際大賽」銅牌的哥倫翡玉精品咖啡豆做為基底\r\n新鮮萃取淺火烘焙烏龍茶，搭配香濃牧場鮮乳\r\n入口即可品嚐到飽滿的茶香、咖啡的甜感與堅果韻味，最後交融在純厚的乳脂中\r\n\r\n以茶引味，達到「拿鐵的全新境界」\r\n同步推出優化升級的「靜岡抹茶小農鮮乳」、「靜岡抹茶小農拿鐵」\r\n延續崙背鮮乳的消費熱潮，搭配日本直輸靜岡抹茶\r\n一口嚐盡春回大地的清爽與滋養，無論冰飲或是熱飲\r\n\r\n', '2022-06-11 00:17:48', 0),
(19, '2e5edaadc8399b8a1aa44930ddd66e80.jpg', '夏季新品｜義式里肌豬三明治', 2, '2022-06-12', '2022-06-13', '熱浪來襲，食慾低落時最怕油膩厚重，即日起來拎+B實體門市、線上訂餐同步推出清爽、低負擔的夏季新品－義式里肌豬，強力主推《義式里肌豬 風味三明治》銅板優惠價$50（定價$65）。\r\n意式里肌豬嚴選義大利醃漬鯷魚和黑椒粒完美醃製，特選脂肪少、肉質緊實的豬里肌，烘烤後黑胡椒辛香撲鼻、椒香鹹鮮的里肌豬搭配清爽生菜、番茄、黃瓜，添上些許蜂蜜芥末醬的酸甜，大口咬下美味滿足！可搭配多款三明治麵包！', '2022-06-11 15:18:05', 0),
(20, '4346fdb01b50d811e3e026b6a8b29791.jpg', '輕奢上市｜法式吐司新系列', 2, '2022-06-12', '2022-06-13', '隱藏在咖啡館裡香甜鬆軟的黃金磚、歷久不衰的經典美食－法式吐司在來拎+B輕奢登場，全新推出《法式吐司系列》新品上市期間嚐鮮現折10元，實體門市和線上訂餐同步開賣！\r\n吐司是《法式吐司》的美味關鍵之一，特選來拎+B自製的甜磚壓用吐司，特製吐司厚度經低溫發酵、烘烤後組織綿密柔軟，將吐司浸泡吸滿牛奶蛋液再次烘烤，表層微焦、蛋奶香氣十足，保有部分吐司鬆軟質地，外酥內軟、濕潤的口感。精選推出簡單不敗「原味蜂蜜」、經典組合「火腿起司」、元氣滿滿「鮪魚」三種口味。', '2022-06-11 15:26:43', 0),
(21, '357e91f90c75691904cbf3a96cb3d777.jpg', '到來拎+B 找尋自己的拿鐵真愛   😋  「微韻輕拿鐵」、「贅沢厚乳拿鐵」秋日幸福上市 ', 2, '2022-06-12', '2022-06-14', '來拎+B推出全新「微韻輕拿鐵」與「贅沢厚乳拿鐵」兩款拿鐵新品\r\n讓廣大拿鐵愛好者，不再選擇困難！\r\n\r\n無論您對拿鐵的的偏好是淡雅滑順，或是需要有四溢的乳香\r\n\r\n在來拎+B都可以找到您的拿鐵真愛。\r\n💯 清爽系「微韻輕拿鐵」：以輕量濃縮咖啡比例，搭配淡麗爽口的鮮奶，淡淡咖啡香氣與甘甜奶味互相映襯，口味清爽、滑順如絲\r\n飲用起來輕盈但香氣悠長。相當適合不喜歡咖啡味太重的消費者。\r\n💯 濃厚系「贅沢厚乳拿鐵」：贅沢為日文豪華、奢侈的意思，用以表現食材的奢華或是口感的豐富。用經過特殊水分蒸散程序的天然牛乳\r\n', '2022-06-11 16:21:17', 0),
(22, 'd87e02b59b55dd00c75260dc3badc0e8.jpg', '凡購買曼巴咖啡豆，即可獲得精美好禮~', 1, '2022-06-13', '2022-06-30', '即日起凡購買曼巴咖啡豆系列任兩件，第二件即可打七折呦，分享優惠再送濾掛式咖啡一包! 贈品數量有限，要買要快喔~', '2022-06-11 17:07:22', 0),
(23, 'eacbfa0087fb2bc6f1c57429e1349b33.jpg', '一同享受炎熱夏日的小確幸，周年慶全品項8折!', 2, '2022-07-01', '2022-07-17', '周年慶活動7/1提前開跑，\r\n本門市於7/1~7/17號，每周二 | 三，\r\n凡來店消費飲品、餐食、甜點，全面8折優惠，\r\n來拎+B陪您渡過炎炎的夏日，趕快來享受這小確幸吧!', '2022-06-11 17:20:32', 0),
(24, 'ef23bf03408de952fea0692318738c50.jpg', '天造地設的幸福絕配 來拎+B即將推出5款經典蛋糕~', 2, '2022-06-13', '2022-12-19', '----風味聯姻 天造地設的幸福絕配---\r\n🍰 卡士達千層蛋糕領軍 來拎+B推出5款經典蛋糕 🍰\r\n以咖啡融入生活的五感，讓生活滋味妝點著咖啡的甘以及蛋糕的甜\r\n來拎+以咖啡風味聯姻概念，打造5款與咖啡絕配的經典甜點\r\n讓咖啡與甜點迷用來拎+好咖啡與經典甜點，幸福包覆著每日生活\r\n即日起到12月19日點購全新的5款「經典甜點」，再加「本日精品」咖啡，可享10元現折優惠~', '2022-06-11 18:25:27', 0);

-- --------------------------------------------------------

--
-- 資料表結構 `mapapi`
--

CREATE TABLE `mapapi` (
  `mapapi_sid` int(11) NOT NULL,
  `mapapi_key` varchar(255) NOT NULL
) ENGINE=InnoDB DEFAULT CHARSET=utf8;

--
-- 傾印資料表的資料 `mapapi`
--

INSERT INTO `mapapi` (`mapapi_sid`, `mapapi_key`) VALUES
(1, 'AIzaSyCBVfTVK3SMBOShZ8yflHk4hXwxiw2YkqM');

-- --------------------------------------------------------

--
-- 資料表結構 `member`
--

CREATE TABLE `member` (
  `member_sid` int(11) NOT NULL,
  `member_name` varchar(255) CHARACTER SET utf8mb4 NOT NULL,
  `member_nickname` varchar(255) CHARACTER SET utf8mb4 NOT NULL DEFAULT '尚未有暱稱',
  `member_account` varchar(255) CHARACTER SET utf8mb4 NOT NULL,
  `member_password` varchar(255) CHARACTER SET utf8mb4 NOT NULL,
  `member_birthday` date DEFAULT NULL,
  `member_mobile` varchar(255) CHARACTER SET utf8mb4 DEFAULT NULL,
  `member_address` varchar(255) CHARACTER SET utf8mb4 DEFAULT NULL,
  `member_mail` varchar(255) CHARACTER SET utf8mb4 NOT NULL,
  `member_like` varchar(255) CHARACTER SET utf8mb4 DEFAULT NULL,
  `member_level` varchar(255) CHARACTER SET utf8mb4 NOT NULL DEFAULT '0',
  `avatar` varchar(255) CHARACTER SET utf8mb4 NOT NULL DEFAULT 'missing-image.jpg',
  `hash` varchar(255) CHARACTER SET utf8mb4 NOT NULL,
  `verify` varchar(255) CHARACTER SET utf8mb4 NOT NULL DEFAULT '0'
) ENGINE=InnoDB DEFAULT CHARSET=utf8mb4 COLLATE=utf8mb4_unicode_ci;

--
-- 傾印資料表的資料 `member`
--

INSERT INTO `member` (`member_sid`, `member_name`, `member_nickname`, `member_account`, `member_password`, `member_birthday`, `member_mobile`, `member_address`, `member_mail`, `member_like`, `member_level`, `avatar`, `hash`, `verify`) VALUES
(1, '王曉明', '阿明', 'ming', '$2a$10$Ne/LIsw90/DdG3EYXsH5ReI13acFHN2ZjIZTIILAGZZK7aCymxzB2', '2022-05-30', '0911222333', '台北市大安區', 'coffeereact26@gmail.com', '', '2097', 'missing-image.jpg', '', '1'),
(2, '林董', '', 'ling', '$2a$10$QGbVSPxKlSOWxnpLknuGu.nZxXIpwnMzFL5L.Z8ICtaW0JofuuFfu', NULL, '', '', 'a0955361101@gmail.com', '', '0', 'missing-image.jpg', '129751', '1');

-- --------------------------------------------------------

--
-- 資料表結構 `member_likes`
--

CREATE TABLE `member_likes` (
  `sid` int(11) NOT NULL,
  `member_sid` int(11) NOT NULL,
  `post_sid` int(11) NOT NULL
) ENGINE=InnoDB DEFAULT CHARSET=utf8mb4;

--
-- 傾印資料表的資料 `member_likes`
--

INSERT INTO `member_likes` (`sid`, `member_sid`, `post_sid`) VALUES
(116, 1001, 2),
(135, 666, 2),
(137, 4, 7),
(139, 4, 1),
(140, 1, 1),
(152, 1001, 1001),
(153, 1001, 0),
(154, 1411, 27),
(209, 666, 0),
(334, 666, 72),
(374, 666, 15),
(375, 666, 42),
(376, 1001, 150),
(378, 1001, 1);

-- --------------------------------------------------------

--
-- 資料表結構 `menu`
--

CREATE TABLE `menu` (
  `menu_sid` int(11) NOT NULL,
  `menu_categories` varchar(255) NOT NULL,
  `menu_photo` varchar(255) DEFAULT NULL,
  `menu_name` varchar(255) NOT NULL,
  `menu_kcal` float DEFAULT NULL,
  `menu_price_m` varchar(5) DEFAULT NULL,
  `menu_nutrition` varchar(255) DEFAULT NULL,
  `created_at` datetime NOT NULL
) ENGINE=InnoDB DEFAULT CHARSET=utf8;

--
-- 傾印資料表的資料 `menu`
--

INSERT INTO `menu` (`menu_sid`, `menu_categories`, `menu_photo`, `menu_name`, `menu_kcal`, `menu_price_m`, `menu_nutrition`, `created_at`) VALUES
(1, '3', 'cake003.jpg', '海鹽奶蓋千層', 400, '250', '茶香濃郁的紅玉烏龍配上清爽的中澤奶霜，層層堆疊成香甜可口的千層，再淋上用海鹽及奶油乳酪做成的芝芝奶蓋', '2022-07-06 00:00:00'),
(2, '1', '164854719845.jpg', '焦糖瑪奇朵', 275.4, '150', '咖啡因含量:黃101-200mg/杯', '2022-06-11 00:00:00'),
(3, '4', '5ab90dfb3e5fe6a1c1c3d849b8d64389.jpg', '芒果金萱貝果', 210, '95', '(全素含酒)台灣愛文芒果乾與帶有花香及牛奶香的金萱茶在Q彈貝果中蹦出新滋味。', '2022-07-11 00:00:00'),
(4, '1', '164854542119.jpg', '美式黑咖啡', 23.4, '90', '咖啡因含量:黃101-200mg/杯', '2022-06-13 00:00:00'),
(5, '4', 'food001.jpeg', '煙燻鮭魚沙拉', 210, '150', '含有鮪魚。', '2022-07-18 00:00:00'),
(6, '1', '164854726399.jpg', '鴛鴦咖啡', 231.3, '120', '咖啡因含量:綠100mg/杯', '2022-06-15 00:00:00'),
(7, '1', '164855348076.jpg', '香草風味拿鐵', 240.5, '150', '咖啡因含量:黃101-200mg/杯', '2022-06-16 00:00:00'),
(8, '1', '164854733355.jpg', '拿鐵歐蕾', 197.5, '150', '咖啡因含量:綠100mg以下/杯', '2022-06-17 00:00:00'),
(9, '3', 'cake001.jpg', '芋泥千層蛋糕', 400, '210', '淡淡茶香的鮮奶油、分量十足又帶著些微顆粒的香甜芋泥這兩個加起來真的讓這款蛋糕變成了芋泥控的最愛', '2022-07-04 00:00:00'),
(10, '1', '164854662128.jpg', '莊園級美式', 15.5, '100', '咖啡因含量:紅201mg/杯', '2022-06-19 00:00:00'),
(11, '1', '164855352165.jpg', '莊園級拿鐵', 267.7, '150', '咖啡因含量:紅201mg/杯', '2022-06-20 00:00:00'),
(12, '1', '56546546456.jpg', '哥倫比亞', 4, '110', '咖啡因含量:黃101-200mg/杯', '2022-06-21 00:00:00'),
(13, '1', '8797827242.jpg', '曼巴', 4, '110', '咖啡因含量:黃101-200mg/杯', '2022-06-22 00:00:00'),
(14, '1', '191016113J5.jpg', '黃金曼特寧', 4, '110', '咖啡因含量:黃101-200mg/杯', '2022-06-23 00:00:00'),
(15, '1', '164855352165.jpg', '肯亞 精選小農', 4, '110', '咖啡因含量:黃101-200mg/杯', '2022-06-24 00:00:00'),
(16, '1', '164854707440.jpg', '莊園老饕深焙', 4, '110', '咖啡因含量:黃101-200mg/杯', '2022-06-25 00:00:00'),
(17, '1', '164854722465.jpg', '耶加雪菲', 4, '110', '咖啡因含量:黃101-200mg/杯', '2022-06-26 00:00:00'),
(18, '2', '164854805159.jpg', '義式巧克力', 378, '95', '總糖量:64.1公克', '2022-06-27 00:00:00'),
(19, '2', '164855343790.jpg', '愛丁堡女王紅茶', 50, '70', '茶葉產地:印度、斯里蘭卡、尼泊爾、台灣、越南', '2022-06-28 00:00:00'),
(20, '2', '164854810839.jpg', '宇治奶茶', 345, '95', '茶葉產地:日本京都府', '2022-06-29 00:00:00'),
(21, '2', '164855321093.jpg', '清韻不知春', 0, '80', '茶葉產地:台灣。', '2022-06-30 00:00:00'),
(22, '2', '164855327768.jpg', '蜜沁紅烏龍', 0, '80', '茶葉產地:台灣。', '2022-07-01 00:00:00'),
(23, '2', '164855332635.jpg', '烏潤鐵觀音', 0, '80', '茶葉產地:台灣。', '2022-07-02 00:00:00'),
(24, '2', '164855348076.jpg', '雲霧渾紅玉拿鐵', 150, '120', '茶葉產地:台灣。', '2022-07-03 00:00:00'),
(25, '1', '164854671498.jpg', '卡布奇諾', 260.5, '150', '咖啡因含量:黃101-200mg/杯', '2022-06-12 00:00:00'),
(26, '3', 'cake002.jpg', '抹茶千層蛋糕', 400, '220', '用了清爽的中澤奶霜配上帶著濃郁微苦的小山園若竹抹茶，香濃卻不膩口，就算是不太愛抹茶的人也都會被圈粉\r\n達30幾層的厚度更是讓抹茶控吃了幸福到瘋掉～～', '2022-07-05 00:00:00'),
(28, '3', 'cake004.jpg', '開心果千層蛋糕', 400, '200', '法國鹽之花加入熬煮到微苦焦香的太妃糖醬配上清爽的中澤奶霜，夾層是濃郁的義大利進口開心果醬,帶著淡淡苦味卻鹹香不甜膩的鮮奶油配上濃郁的堅果真的是一款有著不同層次又很耐吃的蛋糕', '2022-07-07 00:00:00'),
(29, '1', '164854563274.jpg', '咖啡拿鐵', 381.4, '150', '咖啡因含量:黃101-200mg/杯', '2022-06-10 00:00:00'),
(30, '4', 'aa590fde0c648a9023ae4c15df9acdf8.jpg', '黑糖黑芝麻貝果 \n', 210, '85', '以台南關山手工黑糖與100%的黑芝麻醬製成飽滿內餡，再撒上黑芝麻讓香氣更加濃郁。', '2022-07-09 00:00:00'),
(31, '4', '1a1c87a85a55d7df8409e3cbc069a6cc.jpg', '柚子鳳梨貝果', 210, '85', '將在地新鮮柚子果乾浸入清甜白酒中增添風味，讓每一口都是香甜鳳梨與清甜柚子交融的豐厚果香。', '2022-07-10 00:00:00'),
(33, '4', '36e4875bb0c36b591b450cd62b7328b0.jpg', '地瓜乳酪貝果', 210, '80', '將充滿這塊土地甘甜的紅地瓜，帶皮拌入乳酪中，柔軟綿密的口感裡盡是台灣人熟悉的純樸美味。', '2022-07-12 00:00:00'),
(34, '4', '1260bdcb0bff7f62f079484530475064.jpg', '桂花紫薯貝果', 210, '95', '富含營養的台灣紫薯內餡，帶著高雅的桂花清香，花香與紫薯獨特香氣交融，讓人愛不釋口。', '2022-07-13 00:00:00'),
(35, '4', '666ba1c59d2ee8cf1b1dfe912e4c6d72.jpg', '塔香番茄貝果', 210, '80', '將自製的聖女番茄乾與九層塔葉揉入番茄風味的麵團中，讓香草與果物相互交疊出獨特的鹹甜滋味。', '2022-07-14 00:00:00'),
(36, '4', '033bb88d4b83dc57eeab8c314e1ca303.jpg', '紅豆牛奶貝果', 210, '80', '將友善種植的老鷹紅豆與純鮮奶煉乳融合成甘甜的紅豆牛奶內餡，豆香與奶韻交融出樸實美味。', '2022-07-15 00:00:00'),
(37, '4', '6cf2aa671b457aedf54199f78f2da1ca.jpg', '蔥蒜乳酪貝果', 210, '75', '揉進三星蔥麵團裡的是煙燻德式香腸丁和新鮮大蒜泥製成的蒜香乳酪，辛香夠味讓人胃口大開。', '2022-07-16 00:00:00'),
(38, '4', '26ce93efeb19c4cf9d6c89a6579fbcd5.jpg', '四季春貝果', 210, '85', '將東台灣帶著淡雅梔子花香的原片茶葉細磨拌入麵團，尾韻甘甜帶有烏龍韻味及清新茶香。', '2022-07-17 00:00:00'),
(39, '1', '164854815086.jpg', '義式摩卡', 368, '150', '咖啡因含量:黃101-200mg/杯', '2022-06-18 00:00:00'),
(40, '4', 'salad001.jpeg', '花椰菜嫩豬沙拉', 210, '180', '含有台灣豬肉。', '2022-07-19 00:00:00'),
(41, '1', '164854654357.jpg', '黑糖風味拿鐵', 375.2, '150', '咖啡因含量:黃101-200mg/杯', '2022-06-14 00:00:00'),
(42, '3', '574545454524.png', '焦糖脆脆千層', 400, '190', '鹹香濃郁的鹹蛋黃慕斯配上微苦脆口的焦糖脆脆，再來一個爽口的香草鮮奶油中和，真的會吃到停不下來完全不膩口', '2022-07-08 00:00:00');

-- --------------------------------------------------------

--
-- 資料表結構 `menu1`
--

CREATE TABLE `menu1` (
  `menu_sid` int(11) NOT NULL,
  `menu_categories` varchar(255) NOT NULL,
  `menu_photo` varchar(255) DEFAULT NULL,
  `menu_name` varchar(255) NOT NULL,
  `menu_kcal` float DEFAULT NULL,
  `menu_price_m` varchar(5) DEFAULT NULL,
  `menu_price_l` varchar(5) DEFAULT NULL,
  `menu_nutrition` varchar(255) DEFAULT NULL,
  `created_at` datetime NOT NULL
) ENGINE=InnoDB DEFAULT CHARSET=utf8;

--
-- 傾印資料表的資料 `menu1`
--

INSERT INTO `menu1` (`menu_sid`, `menu_categories`, `menu_photo`, `menu_name`, `menu_kcal`, `menu_price_m`, `menu_price_l`, `menu_nutrition`, `created_at`) VALUES
(1, '經典義式系列', NULL, '咖啡拿鐵 (冰)', 381.4, '70', '90', NULL, '2022-05-28 00:00:00'),
(3, '經典義式系列', NULL, '卡布奇諾 (冰)', 266.7, '70', '90', NULL, '2022-05-30 00:00:00'),
(4, '經典義式系列', NULL, '卡布奇諾 (熱)', 260.5, '70', '90', NULL, '2022-05-31 00:00:00'),
(5, '經典義式系列', NULL, '美式黑咖啡 (冰)', 23.4, '50', '65', NULL, '2022-06-01 00:00:00'),
(7, '經典義式系列', NULL, '焦糖瑪奇朵 (冰)', 371.3, '80', '100', NULL, '2022-06-03 00:00:00'),
(8, '經典義式系列', NULL, '焦糖瑪奇朵 (熱)', 275.4, '80', '100', NULL, '2022-06-04 00:00:00'),
(9, '經典義式系列', NULL, '義式摩卡 (冰)', 368, '80', '100', NULL, '2022-06-05 00:00:00'),
(10, '經典義式系列', NULL, '義式摩卡 (熱)', 289.6, '80', '100', NULL, '2022-06-06 00:00:00'),
(11, '經典義式系列', NULL, '黑糖風味拿鐵 (冰)', 375.2, '80', '100', NULL, '2022-06-07 00:00:00'),
(12, '經典義式系列', NULL, '黑糖風味拿鐵 (熱)', 299, '80', '100', NULL, '2022-06-08 00:00:00'),
(13, '精品咖啡', NULL, '莊園級美式 (冰)', 15.5, '60', '80', NULL, '2022-06-09 00:00:00'),
(14, '精品咖啡', NULL, '莊園級美式 (熱)', 15.5, '60', '80', NULL, '2022-06-10 00:00:00'),
(15, '精品咖啡', NULL, '莊園級拿鐵 (冰)', 267.7, '80', '100', NULL, '2022-06-11 00:00:00'),
(16, '精品咖啡', NULL, '莊園級拿鐵 (熱)', 214.3, '80', '100', NULL, '2022-06-12 00:00:00'),
(17, '精品咖啡', NULL, '耶加雪菲 (冰)', 4, '100', NULL, NULL, '2022-06-13 00:00:00'),
(18, '精品咖啡', NULL, '耶加雪菲 (熱)', 7.2, '100', NULL, NULL, '2022-06-14 00:00:00'),
(19, '其他飲品', NULL, '愛丁堡女王紅茶', 50, '40', NULL, NULL, '2022-06-15 00:00:00'),
(20, '其他飲品', NULL, '宇治奶茶', 345, '50', NULL, NULL, '2022-06-16 00:00:00'),
(21, '其他飲品', NULL, '義式巧克力', 378, '60', NULL, NULL, '2022-06-17 00:00:00'),
(22, '其他飲品', NULL, '紅翠青檸茶', 187.5, '50', NULL, NULL, '2022-06-18 00:00:00'),
(23, '其他飲品', NULL, '紅蜜鮮奶茶', 456.2, '60', NULL, NULL, '2022-06-19 00:00:00'),
(24, '其他飲品', NULL, '水蜜桃蘋果茶', 345.1, '50', NULL, NULL, '2022-06-20 00:00:00'),
(25, '貝果', NULL, '火腿貝果', 399.6, '60', NULL, NULL, '2022-06-21 00:00:00'),
(26, '貝果', NULL, '蔬菜貝果', 356.2, '60', NULL, NULL, '2022-06-22 00:00:00'),
(27, '貝果', NULL, '鮪魚貝果', 422.6, '60', NULL, NULL, '2022-06-23 00:00:00'),
(28, '貝果', NULL, '牛肉貝果', 400.3, '70', NULL, NULL, '2022-06-24 00:00:00'),
(29, '瑪芬堡', NULL, '豬肉起司瑪芬堡', 358.7, '55', NULL, NULL, '2022-06-25 00:00:00'),
(30, '瑪芬堡', NULL, '豬肉瑪芬堡', 400, '55', NULL, NULL, '2022-06-26 00:00:00'),
(31, '瑪芬堡', NULL, '雙層豬肉瑪芬堡', 516.9, '75', NULL, NULL, '2022-06-27 00:00:00'),
(33, '三明治', NULL, '火腿三明治', 312.7, '45', NULL, NULL, '2022-06-29 00:00:00'),
(36, '口袋歐姆蛋', NULL, '起司歐姆蛋', 270, '50', NULL, NULL, '2022-07-02 00:00:00'),
(37, '口袋歐姆蛋', NULL, '培根歐姆蛋', 295.2, '60', NULL, NULL, '2022-07-03 00:00:00'),
(38, '口袋歐姆蛋', NULL, '鮪魚歐姆蛋', 296.9, '60', NULL, NULL, '2022-07-04 00:00:00'),
(39, '口袋歐姆蛋', NULL, '蔬菜歐姆蛋', 260.5, '60', NULL, NULL, '2022-07-05 00:00:00'),
(53, '經典義式系列3', NULL, '咖啡拿鐵 (冰)', 381.4, '70', '90', NULL, '2022-05-28 20:48:19'),
(54, '咖啡', NULL, '義式拿鐵', 183, '0', '120', '09605', '2022-05-28 20:48:54'),
(55, '咖啡', NULL, '義式咖啡', 122, '1', '120', '09426', '2022-05-28 20:48:54'),
(56, '咖啡', NULL, '義式拿鐵', 129, '2', '120', '09857', '2022-05-28 20:48:54'),
(57, '咖啡', NULL, '美式拿鐵', 166, '3', '120', '09600', '2022-05-28 20:48:54'),
(58, '咖啡', NULL, '義式拿鐵', 127, '4', '120', '09475', '2022-05-28 20:48:54'),
(59, '咖啡', NULL, '美式拿鐵', 194, '5', '120', '09992', '2022-05-28 20:48:54'),
(60, '咖啡', NULL, '美式咖啡', 173, '6', '120', '09506', '2022-05-28 20:48:54'),
(61, '咖啡', NULL, '義式拿鐵', 165, '7', '120', '09553', '2022-05-28 20:48:54'),
(62, '咖啡', NULL, '精品拿鐵', 174, '8', '120', '09910', '2022-05-28 20:48:54'),
(63, '咖啡', NULL, '義式咖啡', 175, '9', '120', '09663', '2022-05-28 20:48:54'),
(65, '哈哈哈哈哈哈', '哈哈哈哈哈哈', '哈哈哈哈哈哈', 77, '111', '1111', '1111', '2022-05-29 02:56:09'),
(66, '哈哈哈哈哈哈', '哈哈哈哈哈哈', '哈哈哈哈哈哈', 77, '111', '1111', '1111', '2022-05-29 02:57:31'),
(67, '經典義式系列', '1111', '咖啡拿鐵 (冰)', 381.4, '70', '90', '11111', '2022-05-30 01:31:53'),
(69, '2', NULL, '14324', 4342, '4324', '4234', '42342', '2022-05-31 20:43:31'),
(70, '2', NULL, '14324', 4342, '4324', '4234', '42342', '2022-05-31 20:45:32'),
(71, '其他飲品', NULL, '3423', 4324, '4234', '432', '342', '2022-05-31 20:45:53'),
(72, '精品咖啡', NULL, 'tttt', 543534, '54353', '5345', '5435', '2022-05-31 23:47:36'),
(73, '其他飲品', NULL, '哈哈哈哈哈哈', 4324, '42342', '43242', '4324324', '2022-06-01 00:08:25'),
(74, '貝果', NULL, '34324', 324, '324', '4234', '43242', '2022-06-01 00:43:17'),
(75, '其他飲品', NULL, '43423', 6765, '6576', '76575', '7567', '2022-06-01 09:20:57'),
(76, '其他飲品', NULL, '43423', 6765, '6576', '76575', '7567', '2022-06-01 09:20:59'),
(77, '其他飲品', NULL, '43423', 6765, '6576', '76575', '7567', '2022-06-01 09:21:01'),
(78, '其他飲品', NULL, '43423', 6765, '6576', '76575', '7567', '2022-06-01 09:21:27'),
(79, '其他飲品', NULL, '43423', 6765, '6576', '76575', '7567', '2022-06-01 09:21:42'),
(80, '貝果', NULL, '4534', 5435, '5435', '54353', '4353', '2022-06-01 09:22:39'),
(81, '貝果', NULL, '4534', 5435, '5435', '54353', '4353', '2022-06-01 09:23:14'),
(82, '精品咖啡', '', 't544234', 3423, '43242', '43243', '43242', '2022-06-01 10:28:25');

-- --------------------------------------------------------

--
-- 資料表結構 `news_class`
--

CREATE TABLE `news_class` (
  `class_sid` int(11) NOT NULL,
  `class_name` varchar(255) NOT NULL
) ENGINE=InnoDB DEFAULT CHARSET=utf8mb4;

--
-- 傾印資料表的資料 `news_class`
--

INSERT INTO `news_class` (`class_sid`, `class_name`) VALUES
(1, '商品'),
(2, '美食'),
(3, '課程'),
(1, '商品'),
(2, '美食'),
(3, '課程'),
(1, '商品'),
(2, '美食'),
(3, '課程');

-- --------------------------------------------------------

--
-- 資料表結構 `order`
--

CREATE TABLE `order` (
  `order_sid` int(11) NOT NULL,
  `order_time` datetime NOT NULL,
  `order_name` varchar(255) CHARACTER SET utf8mb4 NOT NULL,
  `order_mail` varchar(255) DEFAULT NULL,
  `order_phone` varchar(255) CHARACTER SET utf8mb4 NOT NULL,
  `order_pay` char(255) CHARACTER SET utf8mb4 NOT NULL,
  `order_pay_info` char(255) CHARACTER SET utf8mb4 DEFAULT NULL,
  `order_deliver` char(255) CHARACTER SET utf8mb4 NOT NULL,
  `order_address` char(255) CHARACTER SET utf8mb4 NOT NULL,
  `order_member_id` int(11) NOT NULL,
  `order_coupon_id` int(11) DEFAULT NULL,
  `order_price` int(11) NOT NULL,
  `order_id` int(11) NOT NULL,
  `order_discount` int(11) NOT NULL DEFAULT 0,
  `order_status` varchar(255) NOT NULL DEFAULT '配送中',
  `order_list` int(11) NOT NULL
) ENGINE=InnoDB DEFAULT CHARSET=utf8;

--
-- 傾印資料表的資料 `order`
--

INSERT INTO `order` (`order_sid`, `order_time`, `order_name`, `order_mail`, `order_phone`, `order_pay`, `order_pay_info`, `order_deliver`, `order_address`, `order_member_id`, `order_coupon_id`, `order_price`, `order_id`, `order_discount`, `order_status`, `order_list`) VALUES
(15, '2022-01-18 15:22:13', '王曉明', 'mfee26coffee@gmail.com', '0912345678', '信用卡', '8678678678678678', '郵寄', '新竹縣湖口鄉達生九街13號', 1, NULL, 1130, 53491, 0, '取貨完成', 0),
(16, '2022-03-08 15:24:16', '王曉明', 'mfee26coffee@gmail.com', '0912345678', '信用卡', '3537768768768768', '郵寄', '新竹縣湖口鄉達生九街13號', 1, NULL, 980, 53492, 0, '取貨完成', 1),
(17, '2022-03-21 15:37:39', '王曉明', 'mfee26coffee@gmail.com', '0912345678', '信用卡', '6878678678678876', '郵寄', '新竹縣湖口鄉達生九街13號', 1, NULL, 4960, 53493, 0, '取貨完成', 0),
(18, '2022-04-15 15:38:40', '王曉明', 'mfee26coffee@gmail.com', '0912345678', '信用卡', '6867673254367896', '郵寄', '新竹縣湖口鄉達生九街13號', 1, NULL, 3090, 53494, 0, '取貨完成', 0),
(19, '2022-05-20 15:45:24', '王曉明', 'mfee26coffee@gmail.com', '0912345678', '信用卡', '6786786786786786', '郵寄', '新竹縣湖口鄉達生九街13號', 1, NULL, 1990, 53495, 0, '取貨完成', 0),
(20, '2022-06-16 15:46:22', '王曉明', 'mfee26coffee@gmail.com', '0912345678', '信用卡', '2678678678678678', '郵寄', '新竹縣湖口鄉達生九街13號', 1, NULL, 380, 53496, 0, '取貨完成', 1),
(21, '2022-08-18 15:59:21', '王曉明', 'mfee26coffee@gmail.com', '0912345678', '信用卡', '6786786876876876', '郵寄', '新竹縣湖口鄉達生九街13號', 1, NULL, 335, 53497, 0, '取貨完成', 1);

-- --------------------------------------------------------

--
-- 資料表結構 `points_record`
--

CREATE TABLE `points_record` (
  `sid` int(11) NOT NULL,
  `member_sid` int(11) NOT NULL,
  `type` int(11) NOT NULL,
  `points_get` int(255) DEFAULT NULL,
  `create_at` date NOT NULL
) ENGINE=InnoDB DEFAULT CHARSET=utf8mb4;

--
-- 傾印資料表的資料 `points_record`
--

INSERT INTO `points_record` (`sid`, `member_sid`, `type`, `points_get`, `create_at`) VALUES
(1, 1, 1, 22, '2022-06-02'),
(2, 2, 2, -300, '2022-06-03'),
(3, 3, 1, 10, '2022-06-03'),
(4, 1, 1, 13, '2022-06-04'),
(5, 1, 1, 10, '2022-06-05'),
(6, 3, 2, -300, '2022-06-05'),
(7, 4, 1, 19, '2022-06-03'),
(8, 4, 1, 10, '2022-06-04'),
(9, 4, 1, 10, '2022-06-05'),
(10, 7, 1, 18, '2022-06-03'),
(11, 7, 1, 10, '2022-06-04'),
(12, 7, 1, 10, '2022-06-05'),
(13, 1, 2, -300, '2022-06-05'),
(14, 1, 2, -300, '2022-06-06'),
(15, 1, 2, -300, '2022-06-07'),
(16, 1, 2, -300, '2022-06-08'),
(17, 1, 2, -300, '2022-06-08'),
(18, 1, 2, -300, '2022-06-09'),
(19, 1, 1, 10, '2022-06-07'),
(20, 1, 1, 28, '2022-06-08'),
(21, 1, 1, 10, '2022-06-10'),
(22, 1, 1, 11, '2022-08-13');

-- --------------------------------------------------------

--
-- 資料表結構 `points_user`
--

CREATE TABLE `points_user` (
  `sid` int(11) NOT NULL,
  `member_sid` int(11) NOT NULL,
  `total_points` int(255) DEFAULT NULL,
  `voucher_amount` int(11) DEFAULT NULL
) ENGINE=InnoDB DEFAULT CHARSET=utf8mb4;

--
-- 傾印資料表的資料 `points_user`
--

INSERT INTO `points_user` (`sid`, `member_sid`, `total_points`, `voucher_amount`) VALUES
(1, 1, 511, 2),
(2, 2, 0, 2),
(3, 3, 700, 5),
(4, 4, 2000, 3),
(5, 5, 0, 0),
(6, 6, 500, 10),
(7, 7, 600, 14),
(666, 666, 0, 0),
(1001, 1001, 0, 0),
(1006, 1005, 0, 11),
(1042, 1042, 0, 2),
(1408, 1408, 0, 12),
(1409, 1409, 0, 3),
(1412, 1412, 0, 2),
(1413, 1413, 0, 0),
(1414, 1414, 0, 1);

-- --------------------------------------------------------

--
-- 資料表結構 `post`
--

CREATE TABLE `post` (
  `sid` int(11) NOT NULL,
  `title` varchar(255) NOT NULL,
  `content` varchar(255) NOT NULL,
  `member_nickname` varchar(255) NOT NULL,
  `member_sid` int(11) NOT NULL,
  `likes` int(11) NOT NULL DEFAULT 0,
  `comments` int(11) NOT NULL DEFAULT 0,
  `topic_sid` int(11) NOT NULL,
  `created_at` datetime NOT NULL,
  `updated_at` datetime DEFAULT NULL,
  `delete_state` int(11) NOT NULL DEFAULT 0
) ENGINE=InnoDB DEFAULT CHARSET=utf8;

--
-- 傾印資料表的資料 `post`
--

INSERT INTO `post` (`sid`, `title`, `content`, `member_nickname`, `member_sid`, `likes`, `comments`, `topic_sid`, `created_at`, `updated_at`, `delete_state`) VALUES
(180, '幽靈拉花', '幽靈拉花很適合初學者來練習，難度適中不會太難，做完很有成就感！', '阿明', 1, 0, 0, 1, '2022-08-18 14:13:11', NULL, 0),
(181, '分享好喝的咖啡', '環境文青舒適，飲品有特色，咖啡好喝！', '阿明', 1, 0, 0, 2, '2022-08-18 16:12:01', NULL, 0),
(182, '分享高質感咖啡廳', '應入眼簾的大落地窗與極簡的裝潢是給我的第一印象，內部偏冷灰的色調及拋光水泥地板呈現一種極簡感。入座點了一杯招牌的拿鐵歐蕾，綿密奶泡正是我喜歡的味道', '阿明', 1, 0, 0, 2, '2022-08-18 16:16:03', NULL, 0),
(183, '輕食好吃', '路過會忍不住回頭的美感咖啡廳，落地窗採光超好，在台北居然有不用低消的咖啡廳好佛心！輕食好吃、咖啡好喝', '阿明', 1, 0, 0, 2, '2022-08-18 16:20:48', NULL, 0);

-- --------------------------------------------------------

--
-- 資料表結構 `post_img`
--

CREATE TABLE `post_img` (
  `sid` int(11) NOT NULL,
  `img_name` varchar(255) NOT NULL,
  `post_sid` int(11) NOT NULL,
  `sort` int(11) NOT NULL DEFAULT 1
) ENGINE=InnoDB DEFAULT CHARSET=utf8mb4;

--
-- 傾印資料表的資料 `post_img`
--

INSERT INTO `post_img` (`sid`, `img_name`, `post_sid`, `sort`) VALUES
(751, 'p20220818-785b06e1-1861-473e-b17b-b20622927010.png', 180, 1),
(752, 'p20220818-0dd963e4-c993-482d-a989-0ab0804ef33b.png', 181, 1),
(753, 'p20220818-bde3b7a3-e62d-4cd4-82fd-74b704a5cb11.png', 182, 1),
(754, 'p20220818-91c251e6-965d-4b52-b28b-903d2e7d0390.png', 183, 1);

-- --------------------------------------------------------

--
-- 資料表結構 `post_tag`
--

CREATE TABLE `post_tag` (
  `sid` int(11) NOT NULL,
  `post_sid` int(11) NOT NULL,
  `tag_sid` int(11) NOT NULL
) ENGINE=InnoDB DEFAULT CHARSET=utf8mb4;

--
-- 傾印資料表的資料 `post_tag`
--

INSERT INTO `post_tag` (`sid`, `post_sid`, `tag_sid`) VALUES
(79, 181, 33),
(80, 181, 34),
(81, 182, 33),
(82, 183, 33),
(83, 183, 37);

-- --------------------------------------------------------

--
-- 資料表結構 `products`
--

CREATE TABLE `products` (
  `products_sid` int(11) NOT NULL,
  `products_number` varchar(255) NOT NULL DEFAULT 'UNIX_TIMESTAMP()',
  `products_name` varchar(255) NOT NULL,
  `products_info` varchar(511) NOT NULL,
  `products_intro` varchar(511) NOT NULL,
  `products_spec` varchar(999) NOT NULL,
  `products_price` int(255) NOT NULL,
  `products_forsale` int(255) NOT NULL,
  `products_onsale` int(255) NOT NULL,
  `products_stack` int(255) NOT NULL,
  `products_with_products_categories_sid` int(255) NOT NULL,
  `products_pic` varchar(255) DEFAULT NULL,
  `products_picMuti` varchar(255) DEFAULT NULL
) ENGINE=InnoDB DEFAULT CHARSET=utf8mb4;

--
-- 傾印資料表的資料 `products`
--

INSERT INTO `products` (`products_sid`, `products_number`, `products_name`, `products_info`, `products_intro`, `products_spec`, `products_price`, `products_forsale`, `products_onsale`, `products_stack`, `products_with_products_categories_sid`, `products_pic`, `products_picMuti`) VALUES
(1, '1658890257', '肯亞AA TOP(十包一入)', 'AA TOP最高等級的肯亞咖啡豆其濃郁的黑梅香氣,口感豐富且尾韻悠長,轉化為肯亞特有的甜,一入口紅酒般的餘韻在口中揮之不去', '產地:非洲<br /><br />處理法:水洗<br /><br />風味:黑梅/李子/葡萄<br /><br />AA TOP最高等級的肯亞咖啡豆其濃郁的黑梅香氣,口感豐富且尾韻悠長,轉化為肯亞特有的甜,一入口紅酒般的餘韻在口中揮之不去', '成分：100% 阿拉比卡咖啡豆<br /><br />商品規格：10g x 10包 　<br /><br />製造地：台灣<br /><br />保存期限：18個月，製造日期如包裝標示<br /><br />儲存方法：咖啡豆均屬新鮮烘焙，因此我們建議您最佳賞味期間內飲用完畢<br /><br />咖啡因含量：41.1mg / 包<br /><br />', 370, 1, 0, 3000, 1, 'bag1-1.jpg', 'bag1-1.jpg,bag1-2.jpg,bag1-3.jpg'),
(2, '1658890306', '模範生(十包一入)', '具有豐富的芳香水果酸氣迷人,且帶有柑橘的明亮甜感,巧克力的餘韻油脂感特佳', '產地:哥倫比亞<br /><br />處理法:水洗<br /><br />風味:柑橘/可可/奶油<br /><br />具有豐富的芳香水果酸氣迷人,且帶有柑橘的明亮甜感,巧克力的餘韻油脂感特佳', '成分：100% 阿拉比卡咖啡豆<br /><br />商品規格：10g x 10包 　<br /><br />製造地：台灣<br /><br />保存期限：18個月，製造日期如包裝標示<br /><br />儲存方法：咖啡豆均屬新鮮烘焙，因此我們建議您最佳賞味期間內飲用完畢<br /><br />咖啡因含量：41.1mg / 包<br /><br />', 320, 1, 0, 5000, 1, 'bag2-1.jpg', 'bag2-1.jpg,bag2-2.jpg'),
(3, '1658890354', '征服者(十包一入)', '征服者入口可感受到濃郁的黑可克力口感,同時具有豐富且厚實的奶油風味', '產地:哥斯大黎加<br /><br />處理法:水洗<br /><br />風味:黑巧克力/可可/奶油<br /><br />征服者入口可感受到濃郁的黑可克力口感,同時具有豐富且厚實的奶油風味', '成分：100% 阿拉比卡咖啡豆<br /><br />商品規格：10g x 10包 　<br /><br />製造地：台灣<br /><br />保存期限：18個月，製造日期如包裝標示<br /><br />儲存方法：咖啡豆均屬新鮮烘焙，因此我們建議您最佳賞味期間內飲用完畢<br /><br />咖啡因含量：41.1mg / 包<br /><br />', 320, 1, 0, 4000, 1, 'bag3-1.jpg', 'bag3-1.jpg,bag3-2.jpg,bag3-3.jpg'),
(4, '1658890402', '木蘭花(十包一入)', '優雅的韻味瀰漫著蜂蜜堅果,百香果的香氣口感,同時具有宛如蔗糖般的濃郁香氣,在味蕾留下輕柔的口感', '產地:哥斯大黎加<br /><br />處理法:水洗<br /><br />風味:蜂蜜/堅果/百香果<br /><br />優雅的韻味瀰漫著蜂蜜堅果,百香果的香氣口感,同時具有宛如蔗糖般的濃郁香氣,在味蕾留下輕柔的口感', '成分：100% 阿拉比卡咖啡豆<br /><br />商品規格：10g x 10包 　<br /><br />製造地：台灣<br /><br />保存期限：18個月，製造日期如包裝標示<br /><br />儲存方法：咖啡豆均屬新鮮烘焙，因此我們建議您最佳賞味期間內飲用完畢<br /><br />咖啡因含量：41.1mg / 包<br /><br />', 320, 1, 0, 3000, 1, 'bag4-1.jpg', 'bag4-1.jpg,bag4-2.jpg,bag4-3.jpg'),
(5, '1658890439', '瓜地馬拉花神(十包一入)', '花神具有非常愉悅優雅花香主體的風味,酸性柔和且以巧克力般的風味尾韻作結,整體口感乾淨且明亮', '產地:瓜地馬拉<br /><br />處理法:水洗<br /><br />風味:核果/可可/花香味/柑橘<br /><br />花神具有非常愉悅優雅花香主體的風味,酸性柔和且以巧克力般的風味尾韻作結,整體口感乾淨且明亮', '成分：100% 阿拉比卡咖啡豆<br /><br />商品規格：10g x 10包 　<br /><br />製造地：台灣<br /><br />保存期限：18個月，製造日期如包裝標示<br /><br />儲存方法：咖啡豆均屬新鮮烘焙，因此我們建議您最佳賞味期間內飲用完畢<br /><br />咖啡因含量：41.1mg / 包<br /><br />', 320, 1, 0, 40000, 1, 'bag5-1.jpg', 'bag5-1.jpg,bag5-2.jpg,bag5-3.jpg'),
(6, '1658890799', '耶加雪菲(十包一入)', '日曬耶加雪菲具有濃郁奔放的水果香,柔和綿長的蜜桃莓果酸卻不刺激,風味甜度高酸度明亮且細膩', '產地:衣索比亞<br /><br />處理法:日曬<br /><br />風味:莓果/蜜桃<br /><br />日曬耶加雪菲具有濃郁奔放的水果香,柔和綿長的蜜桃莓果酸卻不刺激,風味甜度高酸度明亮且細膩', '成分：100% 阿拉比卡咖啡豆<br /><br />商品規格：10g x 10包 　<br /><br />製造地：台灣<br /><br />保存期限：18個月，製造日期如包裝標示<br /><br />儲存方法：咖啡豆均屬新鮮烘焙，因此我們建議您最佳賞味期間內飲用完畢<br /><br />咖啡因含量：41.1mg / 包<br /><br />', 320, 1, 0, 3000, 1, 'bag6-1.jpg', 'bag6-1.jpg'),
(7, '1658890892', '黃金曼巴(十包一入)', '口感厚實甘醇的頂級黃金曼特寧搭配核果香氣絕佳的巴西咖啡豆,完美平衡呈現奶油的質感與明顯的可可味', '產地:印尼/巴西<br /><br />處理法:半水洗<br /><br />風味:可可韻味/草本香韻/奶油<br /><br />口感厚實甘醇的頂級黃金曼特寧搭配核果香氣絕佳的巴西咖啡豆,完美平衡呈現奶油的質感與明顯的可可味', '成分：100% 阿拉比卡咖啡豆<br /><br />商品規格：10g x 10包 　<br /><br />製造地：台灣<br /><br />保存期限：18個月，製造日期如包裝標示<br /><br />儲存方法：咖啡豆均屬新鮮烘焙，因此我們建議您最佳賞味期間內飲用完畢<br /><br />咖啡因含量：41.1mg / 包<br /><br />', 320, 1, 0, 3000, 1, 'bag7-1.jpg', 'bag7-1.jpg'),
(8, '1658890929', '黃金曼特寧(十包一入)', '手選三次,挑選20目左右碩大的特優級曼特寧生豆,豆質結實緊密,豐富油脂帶出巧克力般滑順奶油般香甜', '產地:印尼<br /><br />處理法:半水洗<br /><br />風味:焦糖/草本/麥香<br /><br />手選三次,挑選20目左右碩大的特優級曼特寧生豆,豆質結實緊密,豐富油脂帶出巧克力般滑順奶油般香甜', '成分：100% 阿拉比卡咖啡豆<br /><br />商品規格：10g x 10包 　<br /><br />製造地：台灣<br /><br />保存期限：18個月，製造日期如包裝標示<br /><br />儲存方法：咖啡豆均屬新鮮烘焙，因此我們建議您最佳賞味期間內飲用完畢<br /><br />咖啡因含量：41.1mg / 包<br /><br />', 370, 1, 0, 4000, 1, 'bag8-1.jpg', 'bag8-1.jpg'),
(9, '1658890975', '曼巴(十包一入)', '口感厚實甘醇的曼特寧搭配核果香氣絕佳的巴西咖啡豆,奶油的質感與明顯的可可味搭配後清雅的回甘口感一直會讓人回味無窮', '產地:印尼/巴西<br /><br />處理法:半水洗<br /><br />風味:可可韻/奶油/草本香韻<br /><br />口感厚實甘醇的曼特寧搭配核果香氣絕佳的巴西咖啡豆,奶油的質感與明顯的可可味搭配後清雅的回甘口感一直會讓人回味無窮', '成分：100% 阿拉比卡咖啡豆<br /><br />商品規格：10g x 10包 　<br /><br />製造地：台灣<br /><br />保存期限：18個月，製造日期如包裝標示<br /><br />儲存方法：咖啡豆均屬新鮮烘焙，因此我們建議您最佳賞味期間內飲用完畢<br /><br />咖啡因含量：41.1mg / 包<br /><br />', 320, 1, 0, 3000, 1, 'bag9-1.jpg', 'bag9-1.jpg'),
(10, '1658891019', '義式綜合豆(十包一入)', '使用當季最新鮮100%阿拉比卡咖啡豆,經由專業烘焙來呈現濃郁口感及可可韻味,並帶有淡淡果香餘韻,非常適合調配拿鐵以及卡布奇諾', '產地:亞洲/中南美洲/非洲<br /><br />風味:可可韻味<br /><br />使用當季最新鮮100%阿拉比卡咖啡豆,經由專業烘焙來呈現濃郁口感及可可韻味,並帶有淡淡果香餘韻,非常適合調配拿鐵以及卡布奇諾', '成分：100% 阿拉比卡咖啡豆<br /><br />商品規格：10g x 10包 　<br /><br />製造地：台灣<br /><br />保存期限：18個月，製造日期如包裝標示<br /><br />儲存方法：咖啡豆均屬新鮮烘焙，因此我們建議您最佳賞味期間內飲用完畢<br /><br />咖啡因含量：41.1mg / 包<br /><br />', 270, 1, 0, 2000, 1, 'bag10-1.jpg', 'bag10-1.jpg'),
(11, '1658891446', '肯亞AA TOP(五包一入)', 'AA TOP最高等級的肯亞咖啡豆其濃郁的黑梅香氣,口感豐富且尾韻悠長,轉化為肯亞特有的甜,一入口紅酒般的餘韻在口中揮之不去', '產地:非洲<br /><br />處理法:水洗<br /><br />風味:黑梅/李子/葡萄<br /><br />AA TOP最高等級的肯亞咖啡豆其濃郁的黑梅香氣,口感豐富且尾韻悠長,轉化為肯亞特有的甜,一入口紅酒般的餘韻在口中揮之不去', '成分：100% 阿拉比卡咖啡豆<br /><br />商品規格：10g x 5包 　<br /><br />製造地：台灣<br /><br />保存期限：18個月，製造日期如包裝標示<br /><br />儲存方法：咖啡豆均屬新鮮烘焙，因此我們建議您最佳賞味期間內飲用完畢<br /><br />咖啡因含量：41.1mg / 包<br /><br />', 190, 1, 0, 2000, 1, 'bag1-1.jpg', 'bag1-1.jpg,bag1-2.jpg,bag1-3.jpg'),
(12, '1658891173', '模範生(五包一入)', '具有豐富的芳香水果酸氣迷人,且帶有柑橘的明亮甜感,巧克力的餘韻油脂感特佳', '產地:哥倫比亞<br /><br />處理法:水洗<br /><br />風味:柑橘/可可/奶油<br /><br />具有豐富的芳香水果酸氣迷人,且帶有柑橘的明亮甜感,巧克力的餘韻油脂感特佳', '成分：100% 阿拉比卡咖啡豆<br /><br />商品規格：10g x 5包 　<br /><br />製造地：台灣<br /><br />保存期限：18個月，製造日期如包裝標示<br /><br />儲存方法：咖啡豆均屬新鮮烘焙，因此我們建議您最佳賞味期間內飲用完畢<br /><br />咖啡因含量：41.1mg / 包<br /><br />', 170, 1, 0, 3000, 1, 'bag2-1.jpg', 'bag2-1.jpg,bag2-2.jpg'),
(13, '1658891227', '征服者(五包一入)', '征服者入口可感受到濃郁的黑可克力口感,同時具有豐富且厚實的奶油風味', '產地:哥斯大黎加<br /><br />處理法:水洗<br /><br />風味:黑巧克力/可可/奶油<br /><br />征服者入口可感受到濃郁的黑可克力口感,同時具有豐富且厚實的奶油風味', '成分：100% 阿拉比卡咖啡豆<br /><br />商品規格：10g x 5包 　<br /><br />製造地：台灣<br /><br />保存期限：18個月，製造日期如包裝標示<br /><br />儲存方法：咖啡豆均屬新鮮烘焙，因此我們建議您最佳賞味期間內飲用完畢<br /><br />咖啡因含量：41.1mg / 包<br /><br />', 170, 1, 0, 2000, 1, 'bag3-1.jpg', 'bag3-1.jpg,bag3-2.jpg,bag3-3.jpg'),
(14, '1658891433', '木蘭花(五包一入)', '優雅的韻味瀰漫著蜂蜜堅果,百香果的香氣口感,同時具有宛如蔗糖般的濃郁香氣,在味蕾留下輕柔的口感', '產地:哥斯大黎加<br /><br />處理法:水洗<br /><br />風味:蜂蜜/堅果/百香果<br /><br />優雅的韻味瀰漫著蜂蜜堅果,百香果的香氣口感,同時具有宛如蔗糖般的濃郁香氣,在味蕾留下輕柔的口感', '成分：100% 阿拉比卡咖啡豆<br /><br />商品規格：10g x 5包 　<br /><br />製造地：台灣<br /><br />保存期限：18個月，製造日期如包裝標示<br /><br />儲存方法：咖啡豆均屬新鮮烘焙，因此我們建議您最佳賞味期間內飲用完畢<br /><br />咖啡因含量：41.1mg / 包<br /><br />', 170, 1, 0, 2000, 1, 'bag4-1.jpg', 'bag4-1.jpg,bag4-2.jpg,bag4-3.jpg'),
(15, '1658891316', '瓜地馬拉花神(五包一入)', '花神具有非常愉悅優雅花香主體的風味,酸性柔和且以巧克力般的風味尾韻作結,整體口感乾淨且明亮', '產地:瓜地馬拉<br /><br />處理法:水洗<br /><br />風味:核果/可可/花香味/柑橘<br /><br />花神具有非常愉悅優雅花香主體的風味,酸性柔和且以巧克力般的風味尾韻作結,整體口感乾淨且明亮', '成分：100% 阿拉比卡咖啡豆<br /><br />商品規格：10g x 5包 　<br /><br />製造地：台灣<br /><br />保存期限：18個月，製造日期如包裝標示<br /><br />儲存方法：咖啡豆均屬新鮮烘焙，因此我們建議您最佳賞味期間內飲用完畢<br /><br />咖啡因含量：41.1mg / 包<br /><br />', 170, 1, 0, 2000, 1, 'bag5-1.jpg', 'bag5-1.jpg,bag5-2.jpg,bag5-3.jpg'),
(16, '1658891362', '耶加雪菲(五包一入)', '日曬耶加雪菲具有濃郁奔放的水果香,柔和綿長的蜜桃莓果酸卻不刺激,風味甜度高酸度明亮且細膩', '產地:衣索比亞<br /><br />處理法:日曬<br /><br />風味:莓果/蜜桃<br /><br />日曬耶加雪菲具有濃郁奔放的水果香,柔和綿長的蜜桃莓果酸卻不刺激,風味甜度高酸度明亮且細膩a', '成分：100% 阿拉比卡咖啡豆<br /><br />商品規格：10g x 5包 　<br /><br />製造地：台灣<br /><br />保存期限：18個月，製造日期如包裝標示<br /><br />儲存方法：咖啡豆均屬新鮮烘焙，因此我們建議您最佳賞味期間內飲用完畢<br /><br />咖啡因含量：41.1mg / 包<br /><br />', 170, 1, 0, 2000, 1, 'bag6-1.jpg', 'bag6-1.jpg'),
(17, '1658891420', '黃金曼巴(五包一入)', '口感厚實甘醇的頂級黃金曼特寧搭配核果香氣絕佳的巴西咖啡豆,完美平衡呈現奶油的質感與明顯的可可味', '產地:印尼/巴西<br /><br />處理法:半水洗<br /><br />風味:可可韻味/草本香韻/奶油<br /><br />口感厚實甘醇的頂級黃金曼特寧搭配核果香氣絕佳的巴西咖啡豆,完美平衡呈現奶油的質感與明顯的可可味', '成分：100% 阿拉比卡咖啡豆<br /><br />商品規格：10g x 5包 　<br /><br />製造地：台灣<br /><br />保存期限：18個月，製造日期如包裝標示<br /><br />儲存方法：咖啡豆均屬新鮮烘焙，因此我們建議您最佳賞味期間內飲用完畢<br /><br />咖啡因含量：41.1mg / 包<br /><br />', 170, 1, 0, 2000, 1, 'bag7-1.jpg', 'bag7-1.jpg'),
(18, '1658892248', '黃金曼特寧(五包一入)', '手選三次,挑選20目左右碩大的特優級曼特寧生豆,豆質結實緊密,豐富油脂帶出巧克力般滑順奶油般香甜', '產地:印尼<br /><br />處理法:半水洗<br /><br />風味:焦糖/草本/麥香<br /><br />手選三次,挑選20目左右碩大的特優級曼特寧生豆,豆質結實緊密,豐富油脂帶出巧克力般滑順奶油般香甜', '成分：100% 阿拉比卡咖啡豆<br /><br />商品規格：10g x 5包 　<br /><br />製造地：台灣<br /><br />保存期限：18個月，製造日期如包裝標示<br /><br />儲存方法：咖啡豆均屬新鮮烘焙，因此我們建議您最佳賞味期間內飲用完畢<br /><br />咖啡因含量：41.1mg / 包<br /><br />', 190, 1, 0, 3000, 1, 'bag8-1.jpg', 'bag8-1.jpg'),
(19, '1658892248', '曼巴(五包一入)', '口感厚實甘醇的曼特寧搭配核果香氣絕佳的巴西咖啡豆,奶油的質感與明顯的可可味搭配後清雅的回甘口感一直會讓人回味無窮', '產地:印尼/巴西<br /><br />處理法:半水洗<br /><br />風味:可可韻/奶油/草本香韻<br /><br />口感厚實甘醇的曼特寧搭配核果香氣絕佳的巴西咖啡豆,奶油的質感與明顯的可可味搭配後清雅的回甘口感一直會讓人回味無窮', '成分：100% 阿拉比卡咖啡豆<br /><br />商品規格：10g x 5包 　<br /><br />製造地：台灣<br /><br />保存期限：18個月，製造日期如包裝標示<br /><br />儲存方法：咖啡豆均屬新鮮烘焙，因此我們建議您最佳賞味期間內飲用完畢<br /><br />咖啡因含量：41.1mg / 包<br /><br />', 170, 1, 0, 3000, 1, 'bag9-1.jpg', 'bag9-1.jpg'),
(20, '1658891568', '義式綜合豆(五包一入)', '使用當季最新鮮100%阿拉比卡咖啡豆,經由專業烘焙來呈現濃郁口感及可可韻味,並帶有淡淡果香餘韻,非常適合調配拿鐵以及卡布奇諾', '產地:亞洲/中南美洲/非洲<br /><br />風味:可可韻味<br /><br />使用當季最新鮮100%阿拉比卡咖啡豆,經由專業烘焙來呈現濃郁口感及可可韻味,並帶有淡淡果香餘韻,非常適合調配拿鐵以及卡布奇諾', '成分：100% 阿拉比卡咖啡豆<br /><br />商品規格：10g x 10包 　<br /><br />製造地：台灣<br /><br />保存期限：18個月，製造日期如包裝標示<br /><br />儲存方法：咖啡豆均屬新鮮烘焙，因此我們建議您最佳賞味期間內飲用完畢<br /><br />咖啡因含量：41.1mg / 包<br /><br />', 140, 1, 0, 3000, 1, 'bag10-1.jpg', 'bag10-1.jpg'),
(21, '1658891927', '肯亞AA TOP(二十包一入)', 'AA TOP最高等級的肯亞咖啡豆其濃郁的黑梅香氣,口感豐富且尾韻悠長,轉化為肯亞特有的甜,一入口紅酒般的餘韻在口中揮之不去', '產地:非洲<br /><br />處理法:水洗<br /><br />風味:黑梅/李子/葡萄<br /><br />AA TOP最高等級的肯亞咖啡豆其濃郁的黑梅香氣,口感豐富且尾韻悠長,轉化為肯亞特有的甜,一入口紅酒般的餘韻在口中揮之不去', '成分：100% 阿拉比卡咖啡豆<br /><br />商品規格：10g x 5包 　<br /><br />製造地：台灣<br /><br />保存期限：18個月，製造日期如包裝標示<br /><br />儲存方法：咖啡豆均屬新鮮烘焙，因此我們建議您最佳賞味期間內飲用完畢<br /><br />咖啡因含量：41.1mg / 包<br /><br />', 730, 1, 0, 3000, 1, 'bag1-1.jpg', 'bag1-1.jpg,bag1-2.jpg,bag1-3.jpg'),
(22, '1658891980', '模範生(二十包一入)', '具有豐富的芳香水果酸氣迷人,且帶有柑橘的明亮甜感,巧克力的餘韻油脂感特佳', '產地:哥倫比亞<br /><br />處理法:水洗<br /><br />風味:柑橘/可可/奶油<br /><br />具有豐富的芳香水果酸氣迷人,且帶有柑橘的明亮甜感,巧克力的餘韻油脂感特佳', '成分：100% 阿拉比卡咖啡豆<br /><br />商品規格：10g x 5包 　<br /><br />製造地：台灣<br /><br />保存期限：18個月，製造日期如包裝標示<br /><br />儲存方法：咖啡豆均屬新鮮烘焙，因此我們建議您最佳賞味期間內飲用完畢<br /><br />咖啡因含量：41.1mg / 包<br /><br />', 630, 1, 0, 3000, 1, 'bag2-1.jpg', 'bag2-1.jpg,bag2-2.jpg'),
(23, '1658892028', '征服者(二十包一入)', '征服者入口可感受到濃郁的黑可克力口感,同時具有豐富且厚實的奶油風味', '產地:哥斯大黎加<br /><br />處理法:水洗<br /><br />風味:黑巧克力/可可/奶油<br /><br />征服者入口可感受到濃郁的黑可克力口感,同時具有豐富且厚實的奶油風味', '成分：100% 阿拉比卡咖啡豆<br /><br />商品規格：10g x 5包 　<br /><br />製造地：台灣<br /><br />保存期限：18個月，製造日期如包裝標示<br /><br />儲存方法：咖啡豆均屬新鮮烘焙，因此我們建議您最佳賞味期間內飲用完畢<br /><br />咖啡因含量：41.1mg / 包<br /><br />', 630, 1, 0, 3000, 1, 'bag3-1.jpg', 'bag3-1.jpg,bag3-2.jpg,bag3-3.jpg'),
(24, '1658892079', '木蘭花(二十包一入)', '優雅的韻味瀰漫著蜂蜜堅果,百香果的香氣口感,同時具有宛如蔗糖般的濃郁香氣,在味蕾留下輕柔的口感', '產地:哥斯大黎加<br /><br />處理法:水洗<br /><br />風味:蜂蜜/堅果/百香果<br /><br />優雅的韻味瀰漫著蜂蜜堅果,百香果的香氣口感,同時具有宛如蔗糖般的濃郁香氣,在味蕾留下輕柔的口感', '成分：100% 阿拉比卡咖啡豆<br /><br />商品規格：10g x 5包 　<br /><br />製造地：台灣<br /><br />保存期限：18個月，製造日期如包裝標示<br /><br />儲存方法：咖啡豆均屬新鮮烘焙，因此我們建議您最佳賞味期間內飲用完畢<br /><br />咖啡因含量：41.1mg / 包<br /><br />', 630, 1, 0, 3000, 1, 'bag4-1.jpg', 'bag4-1.jpg,bag4-2.jpg,bag4-3.jpg'),
(25, '1658892386', '瓜地馬拉花神(二十包一入)', '花神具有非常愉悅優雅花香主體的風味,酸性柔和且以巧克力般的風味尾韻作結,整體口感乾淨且明亮', '產地:瓜地馬拉<br /><br />處理法:水洗<br /><br />風味:核果/可可/花香味/柑橘<br /><br />花神具有非常愉悅優雅花香主體的風味,酸性柔和且以巧克力般的風味尾韻作結,整體口感乾淨且明亮', '成分：100% 阿拉比卡咖啡豆<br /><br />商品規格：10g x 5包 　<br /><br />製造地：台灣<br /><br />保存期限：18個月，製造日期如包裝標示<br /><br />儲存方法：咖啡豆均屬新鮮烘焙，因此我們建議您最佳賞味期間內飲用完畢<br /><br />咖啡因含量：41.1mg / 包<br /><br />', 630, 1, 0, 2000, 1, 'bag5-1.jpg', 'bag5-1.jpg,bag5-2.jpg,bag5-3.jpg'),
(26, '1659688040', '耶加雪菲(二十包一入)', '日曬耶加雪菲具有濃郁奔放的水果香,柔和綿長的蜜桃莓果酸卻不刺激,風味甜度高酸度明亮且細膩', '產地:衣索比亞<br /><br />處理法:日曬<br /><br />風味:莓果/蜜桃<br /><br />日曬耶加雪菲具有濃郁奔放的水果香,柔和綿長的蜜桃莓果酸卻不刺激,風味甜度高酸度明亮且細膩a', '成分：100% 阿拉比卡咖啡豆<br /><br />商品規格：10g x 20包 　<br /><br />製造地：台灣<br /><br />保存期限：18個月，製造日期如包裝標示<br /><br />儲存方法：咖啡豆均屬新鮮烘焙，因此我們建議您最佳賞味期間內飲用完畢<br /><br />咖啡因含量：41.1mg / 包', 630, 1, 0, 2000, 1, 'bag6-1.jpg', 'bag6-1.jpg'),
(27, '1658892520', '黃金曼巴(二十包一入)', '口感厚實甘醇的頂級黃金曼特寧搭配核果香氣絕佳的巴西咖啡豆,完美平衡呈現奶油的質感與明顯的可可味', '產地:印尼/巴西<br /><br />處理法:半水洗<br /><br />風味:可可韻味/草本香韻/奶油<br /><br />口感厚實甘醇的頂級黃金曼特寧搭配核果香氣絕佳的巴西咖啡豆,完美平衡呈現奶油的質感與明顯的可可味', '成分：100% 阿拉比卡咖啡豆<br /><br />商品規格：10g x 20包 　<br /><br />製造地：台灣<br /><br />保存期限：18個月，製造日期如包裝標示<br /><br />儲存方法：咖啡豆均屬新鮮烘焙，因此我們建議您最佳賞味期間內飲用完畢<br /><br />咖啡因含量：41.1mg / 包', 630, 1, 0, 2000, 1, 'bag7-1.jpg', 'bag7-1.jpg'),
(28, '1658892557', '黃金曼特寧(二十包一入)', '手選三次,挑選20目左右碩大的特優級曼特寧生豆,豆質結實緊密,豐富油脂帶出巧克力般滑順奶油般香甜', '產地:印尼<br /><br />處理法:半水洗<br /><br />風味:焦糖/草本/麥香<br /><br />手選三次,挑選20目左右碩大的特優級曼特寧生豆,豆質結實緊密,豐富油脂帶出巧克力般滑順奶油般香甜', '成分：100% 阿拉比卡咖啡豆<br /><br />商品規格：10g x 5包 　<br /><br />製造地：台灣<br /><br />保存期限：18個月，製造日期如包裝標示<br /><br />儲存方法：咖啡豆均屬新鮮烘焙，因此我們建議您最佳賞味期間內飲用完畢<br /><br />咖啡因含量：41.1mg / 包<br /><br />', 630, 1, 0, 2000, 1, 'bag8-1.jpg', 'bag8-1.jpg'),
(29, '1658892603', '曼巴(二十包一入)', '口感厚實甘醇的曼特寧搭配核果香氣絕佳的巴西咖啡豆,奶油的質感與明顯的可可味搭配後清雅的回甘口感一直會讓人回味無窮', '產地:印尼/巴西<br /><br />處理法:半水洗<br /><br />風味:可可韻/奶油/草本香韻<br /><br />口感厚實甘醇的曼特寧搭配核果香氣絕佳的巴西咖啡豆,奶油的質感與明顯的可可味搭配後清雅的回甘口感一直會讓人回味無窮', '成分：100% 阿拉比卡咖啡豆<br /><br />商品規格：10g x 20包 　<br /><br />製造地：台灣<br /><br />保存期限：18個月，製造日期如包裝標示<br /><br />儲存方法：咖啡豆均屬新鮮烘焙，因此我們建議您最佳賞味期間內飲用完畢<br /><br />咖啡因含量：41.1mg / 包', 630, 1, 0, 2500, 1, 'bag9-1.jpg', 'bag9-1.jpg'),
(30, '1658892655', '義式綜合豆(二十包一入)', '使用當季最新鮮100%阿拉比卡咖啡豆,經由專業烘焙來呈現濃郁口感及可可韻味,並帶有淡淡果香餘韻,非常適合調配拿鐵以及卡布奇諾', '產地:亞洲/中南美洲/非洲<br /><br />風味:可可韻味<br /><br />使用當季最新鮮100%阿拉比卡咖啡豆,經由專業烘焙來呈現濃郁口感及可可韻味,並帶有淡淡果香餘韻,非常適合調配拿鐵以及卡布奇諾', '成分：100% 阿拉比卡咖啡豆<br /><br />商品規格：10g x 10包 　<br /><br />製造地：台灣<br /><br />保存期限：18個月，製造日期如包裝標示<br /><br />儲存方法：咖啡豆均屬新鮮烘焙，因此我們建議您最佳賞味期間內飲用完畢<br /><br />咖啡因含量：41.1mg / 包<br /><br />', 530, 1, 0, 2500, 1, 'bag10-1.jpg', 'bag10-1.jpg'),
(31, '1658892784', '肯亞AA TOP 分享包', 'AA TOP最高等級的肯亞咖啡豆其濃郁的黑梅香氣,口感豐富且尾韻悠長,轉化為肯亞特有的甜,一入口紅酒般的餘韻在口中揮之不去', '產地:非洲<br /><br />處理法:水洗<br /><br />風味:黑梅/李子/葡萄<br /><br />AA TOP最高等級的肯亞咖啡豆其濃郁的黑梅香氣,口感豐富且尾韻悠長,轉化為肯亞特有的甜,一入口紅酒般的餘韻在口中揮之不去', '成分：100% 阿拉比卡咖啡豆<br /><br />商品規格：10g x 10包 　<br /><br />製造地：台灣<br /><br />保存期限：18個月，製造日期如包裝標示<br /><br />儲存方法：咖啡豆均屬新鮮烘焙，因此我們建議您最佳賞味期間內飲用完畢<br /><br />咖啡因含量：41.1mg / 包<br /><br />', 3700, 1, 0, 2000, 1, 'bag1-1.jpg', 'bag1-1.jpg,bag1-2.jpg,bag1-3.jpg'),
(32, '1658892935', '模範生 分享包', '具有豐富的芳香水果酸氣迷人,且帶有柑橘的明亮甜感,巧克力的餘韻油脂感特佳', '產地:哥倫比亞<br /><br />處理法:水洗<br /><br />風味:柑橘/可可/奶油<br /><br />具有豐富的芳香水果酸氣迷人,且帶有柑橘的明亮甜感,巧克力的餘韻油脂感特佳', '成分：100% 阿拉比卡咖啡豆<br /><br />商品規格：10g x 100包 　<br /><br />製造地：台灣<br /><br />保存期限：18個月，製造日期如包裝標示<br /><br />儲存方法：咖啡豆均屬新鮮烘焙，因此我們建議您最佳賞味期間內飲用完畢<br /><br />咖啡因含量：41.1mg / 包', 3200, 1, 0, 10, 1, 'bag2-1.jpg', 'bag2-1.jpg,bag2-2.jpg'),
(33, '1658892986', '征服者 分享包', '征服者入口可感受到濃郁的黑可克力口感,同時具有豐富且厚實的奶油風味', '產地:哥斯大黎加<br /><br />處理法:水洗<br /><br />風味:黑巧克力/可可/奶油<br /><br />征服者入口可感受到濃郁的黑可克力口感,同時具有豐富且厚實的奶油風味', '成分：100% 阿拉比卡咖啡豆<br /><br />商品規格：10g x 100包 　<br /><br />製造地：台灣<br /><br />保存期限：18個月，製造日期如包裝標示<br /><br />儲存方法：咖啡豆均屬新鮮烘焙，因此我們建議您最佳賞味期間內飲用完畢<br /><br />咖啡因含量：41.1mg / 包', 3200, 1, 0, 15, 1, 'bag3-1.jpg', 'bag3-1.jpg,bag3-2.jpg,bag3-3.jpg'),
(34, '1658893312', '木蘭花 分享包', '優雅的韻味瀰漫著蜂蜜堅果,百香果的香氣口感,同時具有宛如蔗糖般的濃郁香氣,在味蕾留下輕柔的口感', '產地:哥斯大黎加<br /><br />處理法:水洗<br /><br />風味:蜂蜜/堅果/百香果<br /><br />優雅的韻味瀰漫著蜂蜜堅果,百香果的香氣口感,同時具有宛如蔗糖般的濃郁香氣,在味蕾留下輕柔的口感', '成分：100% 阿拉比卡咖啡豆<br /><br />商品規格：10g x 100包 　<br /><br />製造地：台灣<br /><br />保存期限：18個月，製造日期如包裝標示<br /><br />儲存方法：咖啡豆均屬新鮮烘焙，因此我們建議您最佳賞味期間內飲用完畢<br /><br />咖啡因含量：41.1mg / 包', 3200, 1, 0, 15, 1, 'bag4-1.jpg', 'bag4-1.jpg,bag4-2.jpg,bag4-3.jpg'),
(35, '1658893338', '瓜地馬拉花神 分享包', '花神具有非常愉悅優雅花香主體的風味,酸性柔和且以巧克力般的風味尾韻作結,整體口感乾淨且明亮', '產地:瓜地馬拉<br /><br />處理法:水洗<br /><br />風味:核果/可可/花香味/柑橘<br /><br />花神具有非常愉悅優雅花香主體的風味,酸性柔和且以巧克力般的風味尾韻作結,整體口感乾淨且明亮', '成分：100% 阿拉比卡咖啡豆<br /><br />商品規格：10g x 100包 　<br /><br />製造地：台灣<br /><br />保存期限：18個月，製造日期如包裝標示<br /><br />儲存方法：咖啡豆均屬新鮮烘焙，因此我們建議您最佳賞味期間內飲用完畢<br /><br />咖啡因含量：41.1mg / 包', 3200, 1, 0, 20, 1, 'bag5-1.jpg', 'bag5-1.jpg,bag5-2.jpg,bag5-3.jpg'),
(36, '1658893114', '耶加雪菲 分享包', '日曬耶加雪菲具有濃郁奔放的水果香,柔和綿長的蜜桃莓果酸卻不刺激,風味甜度高酸度明亮且細膩', '產地:衣索比亞<br /><br />處理法:日曬<br /><br />風味:莓果/蜜桃<br /><br />日曬耶加雪菲具有濃郁奔放的水果香,柔和綿長的蜜桃莓果酸卻不刺激,風味甜度高酸度明亮且細膩a', '成分：100% 阿拉比卡咖啡豆<br /><br />商品規格：10g x 100包 　<br /><br />製造地：台灣<br /><br />保存期限：18個月，製造日期如包裝標示<br /><br />儲存方法：咖啡豆均屬新鮮烘焙，因此我們建議您最佳賞味期間內飲用完畢<br /><br />咖啡因含量：41.1mg / 包', 3200, 1, 0, 10, 1, 'bag6-1.jpg', 'bag6-1.jpg'),
(37, '1658893167', '黃金曼巴 分享包', '口感厚實甘醇的頂級黃金曼特寧搭配核果香氣絕佳的巴西咖啡豆,完美平衡呈現奶油的質感與明顯的可可味', '產地:印尼/巴西<br /><br />處理法:半水洗<br /><br />風味:可可韻味/草本香韻/奶油<br /><br />口感厚實甘醇的頂級黃金曼特寧搭配核果香氣絕佳的巴西咖啡豆,完美平衡呈現奶油的質感與明顯的可可味', '成分：100% 阿拉比卡咖啡豆<br /><br />商品規格：10g x 100包 　<br /><br />製造地：台灣<br /><br />保存期限：18個月，製造日期如包裝標示<br /><br />儲存方法：咖啡豆均屬新鮮烘焙，因此我們建議您最佳賞味期間內飲用完畢<br /><br />咖啡因含量：41.1mg / 包', 3200, 1, 0, 15, 1, 'bag7-1.jpg', 'bag7-1.jpg'),
(38, '1658893384', '黃金曼特寧 分享包', '手選三次,挑選20目左右碩大的特優級曼特寧生豆,豆質結實緊密,豐富油脂帶出巧克力般滑順奶油般香甜', '產地:印尼<br /><br />處理法:半水洗<br /><br />風味:焦糖/草本/麥香<br /><br />手選三次,挑選20目左右碩大的特優級曼特寧生豆,豆質結實緊密,豐富油脂帶出巧克力般滑順奶油般香甜', '成分：100% 阿拉比卡咖啡豆<br /><br />商品規格：10g x 100包 　<br /><br />製造地：台灣<br /><br />保存期限：18個月，製造日期如包裝標示<br /><br />儲存方法：咖啡豆均屬新鮮烘焙，因此我們建議您最佳賞味期間內飲用完畢<br /><br />咖啡因含量：41.1mg / 包', 3700, 1, 0, 15, 1, 'bag8-1.jpg', 'bag8-1.jpg'),
(39, '1658893239', '曼巴 分享包', '口感厚實甘醇的曼特寧搭配核果香氣絕佳的巴西咖啡豆,奶油的質感與明顯的可可味搭配後清雅的回甘口感一直會讓人回味無窮', '產地:印尼/巴西<br /><br />處理法:半水洗<br /><br />風味:可可韻/奶油/草本香韻<br /><br />口感厚實甘醇的曼特寧搭配核果香氣絕佳的巴西咖啡豆,奶油的質感與明顯的可可味搭配後清雅的回甘口感一直會讓人回味無窮', '成分：100% 阿拉比卡咖啡豆<br /><br />商品規格：10g x 100包 　<br /><br />製造地：台灣<br /><br />保存期限：18個月，製造日期如包裝標示<br /><br />儲存方法：咖啡豆均屬新鮮烘焙，因此我們建議您最佳賞味期間內飲用完畢<br /><br />咖啡因含量：41.1mg / 包', 3200, 1, 0, 4000, 1, 'bag9-1.jpg', 'bag9-1.jpg'),
(40, '1658893278', '義式綜合豆(十包一入)', '使用當季最新鮮100%阿拉比卡咖啡豆,經由專業烘焙來呈現濃郁口感及可可韻味,並帶有淡淡果香餘韻,非常適合調配拿鐵以及卡布奇諾', '產地:亞洲/中南美洲/非洲<br /><br />風味:可可韻味<br /><br />使用當季最新鮮100%阿拉比卡咖啡豆,經由專業烘焙來呈現濃郁口感及可可韻味,並帶有淡淡果香餘韻,非常適合調配拿鐵以及卡布奇諾', '成分：100% 阿拉比卡咖啡豆<br /><br />商品規格：10g x 100包 　<br /><br />製造地：台灣<br /><br />保存期限：18個月，製造日期如包裝標示<br /><br />儲存方法：咖啡豆均屬新鮮烘焙，因此我們建議您最佳賞味期間內飲用完畢<br /><br />咖啡因含量：41.1mg / 包', 2700, 1, 0, 200, 1, 'bag10-1.jpg', 'bag10-1.jpg'),
(41, '1658893463', '肯亞AA TOP(半磅)', 'AA TOP最高等級的肯亞咖啡豆其濃郁的黑梅香氣,口感豐富且尾韻悠長,轉化為肯亞特有的甜,一入口紅酒般的餘韻在口中揮之不去', '產地:非洲<br /><br />處理法:水洗<br /><br />風味:黑梅/李子/葡萄<br /><br />AA TOP最高等級的肯亞咖啡豆其濃郁的黑梅香氣,口感豐富且尾韻悠長,轉化為肯亞特有的甜,一入口紅酒般的餘韻在口中揮之不去', '成分：100% 阿拉比卡咖啡豆<br /><br />商品規格：227g±2g<br /><br />製造地：台灣<br /><br />保存期限：6個月，製造日期如包裝標示<br /><br />儲存方法：咖啡豆均屬新鮮烘焙，因此我們建議您在一個月的最佳賞味期間內飲用完畢完，並盡量保存在陰（暗）涼處,保存容器以單向排氣咖啡袋、儲豆罐或其它具單向排氣功能之容器為宜<br /><br />咖啡因含量：每10g含45±5mg（咖啡豆屬天然農產品，會因季節、產地及沖泡時間而影響咖啡因含量）<br /><br /', 470, 1, 0, 200, 2, 'coffeeBean1-1.jpg', 'coffeeBean1-1.jpg,coffeeBean1-2.jpg'),
(42, '1658893522', '模範生(半磅)', '具有豐富的芳香水果酸氣迷人,且帶有柑橘的明亮甜感,巧克力的餘韻油脂感特佳', '產地:哥倫比亞<br /><br />處理法:水洗<br /><br />風味:柑橘/可可/奶油<br /><br />具有豐富的芳香水果酸氣迷人,且帶有柑橘的明亮甜感,巧克力的餘韻油脂感特佳 ', '成分：100% 阿拉比卡咖啡豆<br /><br />商品規格：227g±2g<br /><br />製造地：台灣<br /><br />保存期限：12個月，製造日期如包裝標示<br /><br />儲存方法：咖啡豆均屬新鮮烘焙，因此我們建議您在一個月的最佳賞味期間內飲用完畢完，並盡量保存在陰（暗）涼處,保存容器以單向排氣咖啡袋、儲豆罐或其它具單向排氣功能之容器為宜<br /><br />咖啡因含量：每10g含45±5mg（咖啡豆屬天然農產品，會因季節、產地及沖泡時間而影響咖啡因含量）<br /><br ', 440, 1, 0, 200, 2, 'coffeeBean2-1.jpg', 'coffeeBean2-1.jpg,coffeeBean2-2.jpg'),
(43, '1658893561', '征服者(半磅)', '征服者入口可感受到濃郁的黑可克力口感,同時具有豐富且厚實的奶油風味', '產地:哥斯大黎加<br /><br />處理法:水洗<br /><br />風味:黑巧克力/可可/奶油<br /><br />征服者入口可感受到濃郁的黑可克力口感,同時具有豐富且厚實的奶油風味', '成分：100% 阿拉比卡咖啡豆<br /><br />商品規格：227g±2g<br /><br />製造地：台灣<br /><br />保存期限：6個月，製造日期如包裝標示<br /><br />儲存方法：咖啡豆均屬新鮮烘焙，因此我們建議您在一個月的最佳賞味期間內飲用完畢完，並盡量保存在陰（暗）涼處,保存容器以單向排氣咖啡袋、儲豆罐或其它具單向排氣功能之容器為宜<br /><br />咖啡因含量：每10g含45±5mg（咖啡豆屬天然農產品，會因季節、產地及沖泡時間而影響咖啡因含量）<br /><br /', 440, 1, 0, 200, 2, 'coffeeBean3-1.jpg', 'coffeeBean3-1.jpg,coffeeBean3-2.jpg'),
(44, '1658893611', '木蘭花(半磅)', '優雅的韻味瀰漫著蜂蜜堅果,百香果的香氣口感,同時具有宛如蔗糖般的濃郁香氣,在味蕾留下輕柔的口感', '產地:哥斯大黎加<br /><br />處理法:水洗<br /><br />風味:蜂蜜/堅果/百香果<br /><br />優雅的韻味瀰漫著蜂蜜堅果,百香果的香氣口感,同時具有宛如蔗糖般的濃郁香氣,在味蕾留下輕柔的口感', '成分：100% 阿拉比卡咖啡豆<br /><br />商品規格：227g±2g<br /><br />製造地：台灣<br /><br />保存期限：6個月，製造日期如包裝標示<br /><br />儲存方法：咖啡豆均屬新鮮烘焙，因此我們建議您在一個月的最佳賞味期間內飲用完畢完，並盡量保存在陰（暗）涼處,保存容器以單向排氣咖啡袋、儲豆罐或其它具單向排氣功能之容器為宜<br /><br />咖啡因含量：每10g含45±5mg（咖啡豆屬天然農產品，會因季節、產地及沖泡時間而影響咖啡因含量）<br /><br /', 440, 1, 0, 200, 2, 'coffeeBean4-1.jpg', 'coffeeBean4-1.jpg,coffeeBean4-2.jpg'),
(45, '1658893641', '瓜地馬拉花神(半磅)', '花神具有非常愉悅優雅花香主體的風味,酸性柔和且以巧克力般的風味尾韻作結,整體口感乾淨且明亮', '產地:瓜地馬拉<br /><br />處理法:水洗<br /><br />風味:核果/可可/花香味/柑橘<br /><br />花神具有非常愉悅優雅花香主體的風味,酸性柔和且以巧克力般的風味尾韻作結,整體口感乾淨且明亮', '成分：100% 阿拉比卡咖啡豆<br /><br />商品規格：227g±2g<br /><br />製造地：台灣<br /><br />保存期限：6個月，製造日期如包裝標示<br /><br />儲存方法：咖啡豆均屬新鮮烘焙，因此我們建議您在一個月的最佳賞味期間內飲用完畢完，並盡量保存在陰（暗）涼處,保存容器以單向排氣咖啡袋、儲豆罐或其它具單向排氣功能之容器為宜<br /><br />咖啡因含量：每10g含45±5mg（咖啡豆屬天然農產品，會因季節、產地及沖泡時間而影響咖啡因含量）<br /><br /', 400, 1, 0, 200, 2, 'coffeeBean5-1.jpg', 'coffeeBean5-1.jpg,coffeeBean5-2.jpg'),
(46, '1658893686', '耶加雪菲(半磅)', '日曬耶加雪菲具有濃郁奔放的水果香,柔和綿長的蜜桃莓果酸卻不刺激,風味甜度高酸度明亮且細膩', '產地:衣索比亞<br /><br />處理法:日曬<br /><br />風味:莓果/蜜桃<br /><br />日曬耶加雪菲具有濃郁奔放的水果香,柔和綿長的蜜桃莓果酸卻不刺激,風味甜度高酸度明亮且細膩', '成分：100% 阿拉比卡咖啡豆<br /><br />商品規格：227g±2g<br /><br />製造地：台灣<br /><br />保存期限：6個月，製造日期如包裝標示<br /><br />儲存方法：咖啡豆均屬新鮮烘焙，因此我們建議您在一個月的最佳賞味期間內飲用完畢完，並盡量保存在陰（暗）涼處,保存容器以單向排氣咖啡袋、儲豆罐或其它具單向排氣功能之容器為宜<br /><br />咖啡因含量：每10g含45±5mg（咖啡豆屬天然農產品，會因季節、產地及沖泡時間而影響咖啡因含量）<br /><br /', 420, 1, 0, 200, 2, 'coffeeBean6-1.jpg', 'coffeeBean6-1.jpg,coffeeBean6-2.jpg'),
(47, '1658893723', '黃金曼巴(半磅)', '口感厚實甘醇的頂級黃金曼特寧搭配核果香氣絕佳的巴西咖啡豆,完美平衡呈現奶油的質感與明顯的可可味', '產地:印尼/巴西<br /><br />處理法:半水洗<br /><br />風味:可可韻味/草本香韻/奶油<br /><br />口感厚實甘醇的頂級黃金曼特寧搭配核果香氣絕佳的巴西咖啡豆,完美平衡呈現奶油的質感與明顯的可可味', '成分：100% 阿拉比卡咖啡豆<br /><br />商品規格：227g±2g<br /><br />製造地：台灣<br /><br />保存期限：6個月，製造日期如包裝標示<br /><br />儲存方法：咖啡豆均屬新鮮烘焙，因此我們建議您在一個月的最佳賞味期間內飲用完畢完，並盡量保存在陰（暗）涼處,保存容器以單向排氣咖啡袋、儲豆罐或其它具單向排氣功能之容器為宜<br /><br />咖啡因含量：每10g含45±5mg（咖啡豆屬天然農產品，會因季節、產地及沖泡時間而影響咖啡因含量）<br /><br /', 400, 1, 0, 200, 2, 'coffeeBean7-1.jpg', 'coffeeBean7-1.jpg,coffeeBean7-2.jpg'),
(48, '1658893761', '黃金曼特寧(半磅)', '手選三次,挑選20目左右碩大的特優級曼特寧生豆,豆質結實緊密,豐富油脂帶出巧克力般滑順奶油般香甜', '產地:印尼<br /><br />處理法:半水洗<br /><br />風味:焦糖/草本/麥香<br /><br />手選三次,挑選20目左右碩大的特優級曼特寧生豆,豆質結實緊密,豐富油脂帶出巧克力般滑順奶油般香甜', '成分：100% 阿拉比卡咖啡豆<br /><br />商品規格：227g±2g<br /><br />製造地：台灣<br /><br />保存期限：6個月，製造日期如包裝標示<br /><br />儲存方法：咖啡豆均屬新鮮烘焙，因此我們建議您在一個月的最佳賞味期間內飲用完畢完，並盡量保存在陰（暗）涼處,保存容器以單向排氣咖啡袋、儲豆罐或其它具單向排氣功能之容器為宜<br /><br />咖啡因含量：每10g含45±5mg（咖啡豆屬天然農產品，會因季節、產地及沖泡時間而影響咖啡因含量）<br /><br /', 470, 1, 0, 200, 2, 'coffeeBean8-1.jpg', 'coffeeBean8-1.jpg,coffeeBean8-2.jpg'),
(49, '1658893794', '曼巴(半磅)', '口感厚實甘醇的曼特寧搭配核果香氣絕佳的巴西咖啡豆,奶油的質感與明顯的可可味搭配後清雅的回甘口感一直會讓人回味無窮', '產地:印尼/巴西<br /><br />處理法:半水洗<br /><br />風味:可可韻/奶油/草本香韻<br /><br />口感厚實甘醇的曼特寧搭配核果香氣絕佳的巴西咖啡豆,奶油的質感與明顯的可可味搭配後清雅的回甘口感一直會讓人回味無窮', '成分：100% 阿拉比卡咖啡豆<br /><br />商品規格：227g±2g<br /><br />製造地：台灣<br /><br />保存期限：6個月，製造日期如包裝標示<br /><br />儲存方法：咖啡豆均屬新鮮烘焙，因此我們建議您在一個月的最佳賞味期間內飲用完畢完，並盡量保存在陰（暗）涼處,保存容器以單向排氣咖啡袋、儲豆罐或其它具單向排氣功能之容器為宜<br /><br />咖啡因含量：每10g含45±5mg（咖啡豆屬天然農產品，會因季節、產地及沖泡時間而影響咖啡因含量）<br /><br /', 320, 1, 0, 200, 2, 'coffeeBean9-1.jpg', 'coffeeBean9-1.jpg,coffeeBean9-2.jpg'),
(50, '1658893832', '曼特寧(半磅)', '為蘇門答臘最具代表的咖啡豆,其草本風味質感濃郁芳香度特強,口感厚實的甘甜味是它的獨到之處,對於度喜歡酸味的人的最佳選擇', '產地:印尼<br /><br />處理法:半水洗<br /><br />風味:奶油/草本香韻<br /><br />為蘇門答臘最具代表的咖啡豆,其草本風味質感濃郁芳香度特強,口感厚實的甘甜味是它的獨到之處,對於度喜歡酸味的人的最佳選擇', '成分：100% 阿拉比卡咖啡豆<br /><br />商品規格：227g±2g<br /><br />製造地：台灣<br /><br />保存期限：12個月，製造日期如包裝標示<br /><br />儲存方法：咖啡豆均屬新鮮烘焙，因此我們建議您在一個月的最佳賞味期間內飲用完畢完，並盡量保存在陰（暗）涼處,保存容器以單向排氣咖啡袋、儲豆罐或其它具單向排氣功能之容器為宜<br /><br />咖啡因含量：每10g含45±5mg（咖啡豆屬天然農產品，會因季節、產地及沖泡時間而影響咖啡因含量）<br /><br ', 320, 1, 0, 200, 2, 'coffeeBean10-1.jpg', 'coffeeBean10-1.jpg,coffeeBean10-2.jpg'),
(51, '1658893864', '義式綜合豆(半磅)', '使用當季最新鮮100%阿拉比卡咖啡豆,經由專業烘焙來呈現濃郁口感及可可韻味,並帶有淡淡果香餘韻,非常適合調配拿鐵以及卡布奇諾', '產地:亞洲/中南美洲/非洲<br /><br />風味:可可韻味<br /><br />使用當季最新鮮100%阿拉比卡咖啡豆,經由專業烘焙來呈現濃郁口感及可可韻味,並帶有淡淡果香餘韻,非常適合調配拿鐵以及卡布奇諾', '成分：100% 阿拉比卡咖啡豆<br /><br />商品規格：227g±2g<br /><br />製造地：台灣<br /><br />保存期限：12個月，製造日期如包裝標示<br /><br />儲存方法：咖啡豆均屬新鮮烘焙，因此我們建議您在一個月的最佳賞味期間內飲用完畢完，並盡量保存在陰（暗）涼處,保存容器以單向排氣咖啡袋、儲豆罐或其它具單向排氣功能之容器為宜<br /><br />咖啡因含量：每10g含45±5mg（咖啡豆屬天然農產品，會因季節、產地及沖泡時間而影響咖啡因含量）<br /><br ', 300, 1, 0, 200, 2, 'coffeeBean11-1.jpg', 'coffeeBean11-1.jpg,coffeeBean11-1.jpg'),
(52, '1658894013', '肯亞AA TOP(一磅)', 'AA TOP最高等級的肯亞咖啡豆其濃郁的黑梅香氣,口感豐富且尾韻悠長,轉化為肯亞特有的甜,一入口紅酒般的餘韻在口中揮之不去', '產地:非洲<br /><br />處理法:水洗<br /><br />風味:黑梅/李子/葡萄<br /><br />AA TOP最高等級的肯亞咖啡豆其濃郁的黑梅香氣,口感豐富且尾韻悠長,轉化為肯亞特有的甜,一入口紅酒般的餘韻在口中揮之不去', '成分：100% 阿拉比卡咖啡豆<br /><br />商品規格：454g±4g<br /><br />製造地：台灣<br /><br />保存期限：6個月，製造日期如包裝標示<br /><br />儲存方法：咖啡豆均屬新鮮烘焙，因此我們建議您在一個月的最佳賞味期間內飲用完畢完，並盡量保存在陰（暗）涼處,保存容器以單向排氣咖啡袋、儲豆罐或其它具單向排氣功能之容器為宜<br /><br />咖啡因含量：每10g含45±5mg（咖啡豆屬天然農產品，會因季節、產地及沖泡時間而影響咖啡因含量）<br /><br /', 940, 1, 0, 20, 2, 'coffeeBean1-1.jpg', 'coffeeBean1-1.jpg,coffeeBean1-2.jpg'),
(53, '1658894067', '模範生(一磅)', '具有豐富的芳香水果酸氣迷人,且帶有柑橘的明亮甜感,巧克力的餘韻油脂感特佳', '產地:哥倫比亞<br /><br />處理法:水洗<br /><br />風味:柑橘/可可/奶油<br /><br />具有豐富的芳香水果酸氣迷人,且帶有柑橘的明亮甜感,巧克力的餘韻油脂感特佳 ', '成分：100% 阿拉比卡咖啡豆<br /><br />商品規格：454g±4g<br /><br />製造地：台灣<br /><br />保存期限：12個月，製造日期如包裝標示<br /><br />儲存方法：咖啡豆均屬新鮮烘焙，因此我們建議您在一個月的最佳賞味期間內飲用完畢完，並盡量保存在陰（暗）涼處,保存容器以單向排氣咖啡袋、儲豆罐或其它具單向排氣功能之容器為宜<br /><br />咖啡因含量：每10g含45±5mg（咖啡豆屬天然農產品，會因季節、產地及沖泡時間而影響咖啡因含量）<br /><br ', 880, 1, 0, 20, 2, 'coffeeBean2-1.jpg', 'coffeeBean2-1.jpg,coffeeBean2-2.jpg'),
(54, '1658894127', '征服者(一磅)', '征服者入口可感受到濃郁的黑可克力口感,同時具有豐富且厚實的奶油風味', '產地:哥斯大黎加<br /><br />處理法:水洗<br /><br />風味:黑巧克力/可可/奶油<br /><br />征服者入口可感受到濃郁的黑可克力口感,同時具有豐富且厚實的奶油風味', '成分：100% 阿拉比卡咖啡豆<br /><br />商品規格：454g±4g<br /><br />製造地：台灣<br /><br />保存期限：6個月，製造日期如包裝標示<br /><br />儲存方法：咖啡豆均屬新鮮烘焙，因此我們建議您在一個月的最佳賞味期間內飲用完畢完，並盡量保存在陰（暗）涼處,保存容器以單向排氣咖啡袋、儲豆罐或其它具單向排氣功能之容器為宜<br /><br />咖啡因含量：每10g含45±5mg（咖啡豆屬天然農產品，會因季節、產地及沖泡時間而影響咖啡因含量）<br /><br /', 880, 1, 0, 20, 2, 'coffeeBean3-1.jpg', 'coffeeBean3-1.jpg,coffeeBean3-2.jpg'),
(55, '1658894218', '木蘭花(一磅)', '優雅的韻味瀰漫著蜂蜜堅果,百香果的香氣口感,同時具有宛如蔗糖般的濃郁香氣,在味蕾留下輕柔的口感', '產地:哥斯大黎加<br /><br />處理法:水洗<br /><br />風味:蜂蜜/堅果/百香果<br /><br />優雅的韻味瀰漫著蜂蜜堅果,百香果的香氣口感,同時具有宛如蔗糖般的濃郁香氣,在味蕾留下輕柔的口感', '成分：100% 阿拉比卡咖啡豆<br /><br />商品規格：454g±4g<br /><br />製造地：台灣<br /><br />保存期限：6個月，製造日期如包裝標示<br /><br />儲存方法：咖啡豆均屬新鮮烘焙，因此我們建議您在一個月的最佳賞味期間內飲用完畢完，並盡量保存在陰（暗）涼處,保存容器以單向排氣咖啡袋、儲豆罐或其它具單向排氣功能之容器為宜<br /><br />咖啡因含量：每10g含45±5mg（咖啡豆屬天然農產品，會因季節、產地及沖泡時間而影響咖啡因含量）<br /><br /', 880, 1, 0, 200, 2, 'coffeeBean4-1.jpg', 'coffeeBean4-1.jpg,coffeeBean4-2.jpg'),
(56, '1658894268', '瓜地馬拉花神(一磅)', '花神具有非常愉悅優雅花香主體的風味,酸性柔和且以巧克力般的風味尾韻作結,整體口感乾淨且明亮', '產地:瓜地馬拉<br /><br />處理法:水洗<br /><br />風味:核果/可可/花香味/柑橘<br /><br />花神具有非常愉悅優雅花香主體的風味,酸性柔和且以巧克力般的風味尾韻作結,整體口感乾淨且明亮', '成分：100% 阿拉比卡咖啡豆<br /><br />商品規格：454g±4g<br /><br />製造地：台灣<br /><br />保存期限：6個月，製造日期如包裝標示<br /><br />儲存方法：咖啡豆均屬新鮮烘焙，因此我們建議您在一個月的最佳賞味期間內飲用完畢完，並盡量保存在陰（暗）涼處,保存容器以單向排氣咖啡袋、儲豆罐或其它具單向排氣功能之容器為宜<br /><br />咖啡因含量：每10g含45±5mg（咖啡豆屬天然農產品，會因季節、產地及沖泡時間而影響咖啡因含量）<br /><br /', 800, 1, 0, 200, 2, 'coffeeBean5-1.jpg', 'coffeeBean5-1.jpg,coffeeBean5-2.jpg'),
(57, '1659688022', '耶加雪菲(一磅)', '日曬耶加雪菲具有濃郁奔放的水果香,柔和綿長的蜜桃莓果酸卻不刺激,風味甜度高酸度明亮且細膩', '產地:衣索比亞<br /><br />處理法:日曬<br /><br />風味:莓果/蜜桃<br /><br />日曬耶加雪菲具有濃郁奔放的水果香,柔和綿長的蜜桃莓果酸卻不刺激,風味甜度高酸度明亮且細膩', '成分：100% 阿拉比卡咖啡豆<br /><br />商品規格：454g±4g<br /><br />製造地：台灣<br /><br />保存期限：6個月，製造日期如包裝標示<br /><br />儲存方法：咖啡豆均屬新鮮烘焙，因此我們建議您在一個月的最佳賞味期間內飲用完畢完，並盡量保存在陰（暗）涼處,保存容器以單向排氣咖啡袋、儲豆罐或其它具單向排氣功能之容器為宜<br /><br />咖啡因含量：每10g含45±5mg（咖啡豆屬天然農產品，會因季節、產地及沖泡時間而影響咖啡因含量）<br /><br /', 840, 1, 0, 20, 2, 'coffeeBean6-1.jpg', 'coffeeBean6-1.jpg,coffeeBean6-2.jpg'),
(58, '1658894347', '黃金曼巴(一磅)', '口感厚實甘醇的頂級黃金曼特寧搭配核果香氣絕佳的巴西咖啡豆,完美平衡呈現奶油的質感與明顯的可可味', '產地:印尼/巴西<br /><br />處理法:半水洗<br /><br />風味:可可韻味/草本香韻/奶油<br /><br />口感厚實甘醇的頂級黃金曼特寧搭配核果香氣絕佳的巴西咖啡豆,完美平衡呈現奶油的質感與明顯的可可味', '成分：100% 阿拉比卡咖啡豆<br /><br />商品規格：454g±4g<br /><br />製造地：台灣<br /><br />保存期限：6個月，製造日期如包裝標示<br /><br />儲存方法：咖啡豆均屬新鮮烘焙，因此我們建議您在一個月的最佳賞味期間內飲用完畢完，並盡量保存在陰（暗）涼處,保存容器以單向排氣咖啡袋、儲豆罐或其它具單向排氣功能之容器為宜<br /><br />咖啡因含量：每10g含45±5mg（咖啡豆屬天然農產品，會因季節、產地及沖泡時間而影響咖啡因含量）<br /><br /', 800, 1, 2, 20, 2, 'coffeeBean7-1.jpg', 'coffeeBean7-1.jpg,coffeeBean7-2.jpg'),
(59, '1658894397', '黃金曼特寧(一磅)', '手選三次,挑選20目左右碩大的特優級曼特寧生豆,豆質結實緊密,豐富油脂帶出巧克力般滑順奶油般香甜', '產地:印尼<br /><br />處理法:半水洗<br /><br />風味:焦糖/草本/麥香<br /><br />手選三次,挑選20目左右碩大的特優級曼特寧生豆,豆質結實緊密,豐富油脂帶出巧克力般滑順奶油般香甜', '成分：100% 阿拉比卡咖啡豆<br /><br />商品規格：454g±4g<br /><br />製造地：台灣<br /><br />保存期限：6個月，製造日期如包裝標示<br /><br />儲存方法：咖啡豆均屬新鮮烘焙，因此我們建議您在一個月的最佳賞味期間內飲用完畢完，並盡量保存在陰（暗）涼處,保存容器以單向排氣咖啡袋、儲豆罐或其它具單向排氣功能之容器為宜<br /><br />咖啡因含量：每10g含45±5mg（咖啡豆屬天然農產品，會因季節、產地及沖泡時間而影響咖啡因含量）<br /><br /', 940, 1, 0, 240, 2, 'coffeeBean8-1.jpg', 'coffeeBean8-1.jpg,coffeeBean8-2.jpg'),
(60, '1658894442', '曼巴(一磅)', '口感厚實甘醇的曼特寧搭配核果香氣絕佳的巴西咖啡豆,奶油的質感與明顯的可可味搭配後清雅的回甘口感一直會讓人回味無窮', '產地:印尼/巴西<br /><br />處理法:半水洗<br /><br />風味:可可韻/奶油/草本香韻<br /><br />口感厚實甘醇的曼特寧搭配核果香氣絕佳的巴西咖啡豆,奶油的質感與明顯的可可味搭配後清雅的回甘口感一直會讓人回味無窮', '成分：100% 阿拉比卡咖啡豆<br /><br />商品規格：454g±4g<br /><br />製造地：台灣<br /><br />保存期限：6個月，製造日期如包裝標示<br /><br />儲存方法：咖啡豆均屬新鮮烘焙，因此我們建議您在一個月的最佳賞味期間內飲用完畢完，並盡量保存在陰（暗）涼處,保存容器以單向排氣咖啡袋、儲豆罐或其它具單向排氣功能之容器為宜<br /><br />咖啡因含量：每10g含45±5mg（咖啡豆屬天然農產品，會因季節、產地及沖泡時間而影響咖啡因含量）<br /><br /', 640, 1, 0, 200, 2, 'coffeeBean9-1.jpg', 'coffeeBean9-1.jpg,coffeeBean9-2.jpg'),
(61, '1658894482', '曼特寧(一磅)', '為蘇門答臘最具代表的咖啡豆,其草本風味質感濃郁芳香度特強,口感厚實的甘甜味是它的獨到之處,對於度喜歡酸味的人的最佳選擇', '產地:印尼<br /><br />處理法:半水洗<br /><br />風味:奶油/草本香韻<br /><br />為蘇門答臘最具代表的咖啡豆,其草本風味質感濃郁芳香度特強,口感厚實的甘甜味是它的獨到之處,對於度喜歡酸味的人的最佳選擇', '成分：100% 阿拉比卡咖啡豆<br /><br />商品規格：454g±4g<br /><br />製造地：台灣<br /><br />保存期限：12個月，製造日期如包裝標示<br /><br />儲存方法：咖啡豆均屬新鮮烘焙，因此我們建議您在一個月的最佳賞味期間內飲用完畢完，並盡量保存在陰（暗）涼處,保存容器以單向排氣咖啡袋、儲豆罐或其它具單向排氣功能之容器為宜<br /><br />咖啡因含量：每10g含45±5mg（咖啡豆屬天然農產品，會因季節、產地及沖泡時間而影響咖啡因含量）<br /><br ', 640, 1, 0, 200, 2, 'coffeeBean10-1.jpg', 'coffeeBean10-1.jpg,coffeeBean10-2.jpg'),
(62, '1658894535', '義式綜合豆(一磅)', '使用當季最新鮮100%阿拉比卡咖啡豆,經由專業烘焙來呈現濃郁口感及可可韻味,並帶有淡淡果香餘韻,非常適合調配拿鐵以及卡布奇諾', '產地:亞洲/中南美洲/非洲<br /><br />風味:可可韻味<br /><br />使用當季最新鮮100%阿拉比卡咖啡豆,經由專業烘焙來呈現濃郁口感及可可韻味,並帶有淡淡果香餘韻,非常適合調配拿鐵以及卡布奇諾', '成分：100% 阿拉比卡咖啡豆<br /><br />商品規格：454g±4g<br /><br />製造地：台灣<br /><br />保存期限：12個月，製造日期如包裝標示<br /><br />儲存方法：咖啡豆均屬新鮮烘焙，因此我們建議您在一個月的最佳賞味期間內飲用完畢完，並盡量保存在陰（暗）涼處,保存容器以單向排氣咖啡袋、儲豆罐或其它具單向排氣功能之容器為宜<br /><br />咖啡因含量：每10g含45±5mg（咖啡豆屬天然農產品，會因季節、產地及沖泡時間而影響咖啡因含量）<br /><br ', 600, 1, 0, 200, 2, 'coffeeBean11-1.jpg', 'coffeeBean11-1.jpg,coffeeBean11-2.jpg'),
(63, '1660009911', '滿心彩樂杯(橙)', '滿心彩樂杯(橙)', '材質：新骨瓷<br />\r\n原產地：台灣<br />\r\n<br />\r\n<br />\r\n適用於微波爐與洗碗機。請勿使用金屬材質攪拌或敲打，避免造成表面刮傷。材質特性容易附著高彩度且持久性強的顏色(如富含色素飲品或彩妝用品)，使用後請隨即清洗，避免顏色堆積無法去除。本商品屬於易碎品，請小心使用。', '容量: 140oz<br />\r\n<br />\r\n網站刊載之商品僅供參考，實際商品依門市陳列實品為準。<br />\r\n商品銷售數量依各門市實際庫存為主。<br />\r\n商品上市首日，每位顧客每次結帳限購乙個，如有額外需求需重新排隊；隔日起不再限制。<br />', 320, 1, 0, 400, 3, 'others1-1.jpg', 'others1-1.jpg'),
(64, '1660009912', '滿心彩樂杯(紅)', '滿心彩樂杯(紅)', '材質：新骨瓷<br />\r\n原產地：台灣<br />\r\n<br />\r\n<br />\r\n適用於微波爐與洗碗機。請勿使用金屬材質攪拌或敲打，避免造成表面刮傷。材質特性容易附著高彩度且持久性強的顏色(如富含色素飲品或彩妝用品)，使用後請隨即清洗，避免顏色堆積無法去除。本商品屬於易碎品，請小心使用。', '容量: 140oz<br />\r\n<br />\r\n網站刊載之商品僅供參考，實際商品依門市陳列實品為準。<br />\r\n商品銷售數量依各門市實際庫存為主。<br />\r\n商品上市首日，每位顧客每次結帳限購乙個，如有額外需求需重新排隊；隔日起不再限制。<br />', 320, 1, 0, 200, 3, 'others2-1.jpg', 'others2-1.jpg'),
(65, '1660009913', '滿心彩樂杯(綠)', '滿心彩樂杯(綠)', '材質：新骨瓷<br />\r\n原產地：台灣<br />\r\n<br />\r\n<br />\r\n適用於微波爐與洗碗機。請勿使用金屬材質攪拌或敲打，避免造成表面刮傷。材質特性容易附著高彩度且持久性強的顏色(如富含色素飲品或彩妝用品)，使用後請隨即清洗，避免顏色堆積無法去除。本商品屬於易碎品，請小心使用。', '容量: 140oz<br />\r\n<br />\r\n網站刊載之商品僅供參考，實際商品依門市陳列實品為準。<br />\r\n商品銷售數量依各門市實際庫存為主。<br />\r\n商品上市首日，每位顧客每次結帳限購乙個，如有額外需求需重新排隊；隔日起不再限制。<br />', 320, 1, 0, 250, 3, 'others3-1.jpg', 'others3-1.jpg'),
(66, '1660009914', '滿心彩樂杯(藍)', '滿心彩樂杯(藍)', '材質：新骨瓷<br />\r\n原產地：台灣<br />\r\n<br />\r\n<br />\r\n適用於微波爐與洗碗機。請勿使用金屬材質攪拌或敲打，避免造成表面刮傷。材質特性容易附著高彩度且持久性強的顏色(如富含色素飲品或彩妝用品)，使用後請隨即清洗，避免顏色堆積無法去除。本商品屬於易碎品，請小心使用。', '容量: 140oz<br />\r\n<br />\r\n網站刊載之商品僅供參考，實際商品依門市陳列實品為準。<br />\r\n商品銷售數量依各門市實際庫存為主。<br />\r\n商品上市首日，每位顧客每次結帳限購乙個，如有額外需求需重新排隊；隔日起不再限制。<br />', 320, 1, 0, 250, 3, 'others4-1.jpg', 'others4-1.jpg'),
(67, '1660012125', '心有巧思杯(藍)', '心有巧思杯(藍)', '材質：新骨瓷<br />\r\n原產地：台灣<br />\r\n<br />\r\n<br />\r\n適用於微波爐與洗碗機。請勿使用金屬材質攪拌或敲打，避免造成表面刮傷。材質特性容易附著高彩度且持久性強的顏色(如富含色素飲品或彩妝用品)，使用後請隨即清洗，避免顏色堆積無法去除。本商品屬於易碎品，請小心使用。', '容量: 140oz<br />\r\n<br />\r\n網站刊載之商品僅供參考，實際商品依門市陳列實品為準。<br />\r\n商品銷售數量依各門市實際庫存為主。<br />\r\n商品上市首日，每位顧客每次結帳限購乙個，如有額外需求需重新排隊；隔日起不再限制。<br />', 400, 1, 0, 250, 3, 'others5-1.jpg', 'others5-1.jpg'),
(68, '1660012126', '心有巧思杯(棕)', '心有巧思杯(棕)', '材質：新骨瓷<br />\r\n原產地：台灣<br />\r\n<br />\r\n<br />\r\n適用於微波爐與洗碗機。請勿使用金屬材質攪拌或敲打，避免造成表面刮傷。材質特性容易附著高彩度且持久性強的顏色(如富含色素飲品或彩妝用品)，使用後請隨即清洗，避免顏色堆積無法去除。本商品屬於易碎品，請小心使用。', '容量: 140oz<br />\r\n<br />\r\n網站刊載之商品僅供參考，實際商品依門市陳列實品為準。<br />\r\n商品銷售數量依各門市實際庫存為主。<br />\r\n商品上市首日，每位顧客每次結帳限購乙個，如有額外需求需重新排隊；隔日起不再限制。<br />', 400, 1, 0, 300, 3, 'others6-1.jpg', 'others6-1.jpg'),
(69, '1660012127', '心有巧思杯(粉)', '心有巧思杯(粉)', '材質：新骨瓷<br />\r\n原產地：台灣<br />\r\n<br />\r\n<br />\r\n適用於微波爐與洗碗機。請勿使用金屬材質攪拌或敲打，避免造成表面刮傷。材質特性容易附著高彩度且持久性強的顏色(如富含色素飲品或彩妝用品)，使用後請隨即清洗，避免顏色堆積無法去除。本商品屬於易碎品，請小心使用。', '容量: 140oz<br />\r\n<br />\r\n網站刊載之商品僅供參考，實際商品依門市陳列實品為準。<br />\r\n商品銷售數量依各門市實際庫存為主。<br />\r\n商品上市首日，每位顧客每次結帳限購乙個，如有額外需求需重新排隊；隔日起不再限制。<br />', 400, 1, 0, 300, 3, 'others7-1.jpg', 'others7-1.jpg'),
(70, '1660012128', '心有巧思杯(紅)', '心有巧思杯(紅)', '材質：新骨瓷<br />\r\n原產地：台灣<br />\r\n<br />\r\n<br />\r\n適用於微波爐與洗碗機。請勿使用金屬材質攪拌或敲打，避免造成表面刮傷。材質特性容易附著高彩度且持久性強的顏色(如富含色素飲品或彩妝用品)，使用後請隨即清洗，避免顏色堆積無法去除。本商品屬於易碎品，請小心使用。', '容量: 140oz<br />\r\n<br />\r\n網站刊載之商品僅供參考，實際商品依門市陳列實品為準。<br />\r\n商品銷售數量依各門市實際庫存為主。<br />\r\n商品上市首日，每位顧客每次結帳限購乙個，如有額外需求需重新排隊；隔日起不再限制。<br />', 400, 1, 0, 600, 3, 'others8-1.jpg', 'others8-1.jpg'),
(71, '1660013370', '全心全意杯(黑)', '全心全意杯(黑)', '材質：新骨瓷<br />\r\n原產地：台灣<br />\r\n<br />\r\n<br />\r\n適用於微波爐與洗碗機。請勿使用金屬材質攪拌或敲打，避免造成表面刮傷。材質特性容易附著高彩度且持久性強的顏色(如富含色素飲品或彩妝用品)，使用後請隨即清洗，避免顏色堆積無法去除。本商品屬於易碎品，請小心使用。', '容量: 140oz<br />\r\n<br />\r\n網站刊載之商品僅供參考，實際商品依門市陳列實品為準。<br />\r\n商品銷售數量依各門市實際庫存為主。<br />\r\n商品上市首日，每位顧客每次結帳限購乙個，如有額外需求需重新排隊；隔日起不再限制。<br />', 410, 1, 0, 300, 3, 'others9-1.jpg', 'others9-1.jpg'),
(72, '1660013371', '全心全意杯(棕)', '全心全意杯(棕)', '材質：新骨瓷<br />\r\n原產地：台灣<br />\r\n<br />\r\n<br />\r\n適用於微波爐與洗碗機。請勿使用金屬材質攪拌或敲打，避免造成表面刮傷。材質特性容易附著高彩度且持久性強的顏色(如富含色素飲品或彩妝用品)，使用後請隨即清洗，避免顏色堆積無法去除。本商品屬於易碎品，請小心使用。', '容量: 140oz<br />\r\n<br />\r\n網站刊載之商品僅供參考，實際商品依門市陳列實品為準。<br />\r\n商品銷售數量依各門市實際庫存為主。<br />\r\n商品上市首日，每位顧客每次結帳限購乙個，如有額外需求需重新排隊；隔日起不再限制。<br />', 410, 1, 0, 500, 3, 'others10-1.jpg', 'others10-1.jpg'),
(73, '1660013372', '全心全意杯(粉)', '全心全意杯(粉)', '材質：新骨瓷<br />\r\n原產地：台灣<br />\r\n<br />\r\n<br />\r\n適用於微波爐與洗碗機。請勿使用金屬材質攪拌或敲打，避免造成表面刮傷。材質特性容易附著高彩度且持久性強的顏色(如富含色素飲品或彩妝用品)，使用後請隨即清洗，避免顏色堆積無法去除。本商品屬於易碎品，請小心使用。', '容量: 140oz<br />\r\n<br />\r\n網站刊載之商品僅供參考，實際商品依門市陳列實品為準。<br />\r\n商品銷售數量依各門市實際庫存為主。<br />\r\n商品上市首日，每位顧客每次結帳限購乙個，如有額外需求需重新排隊；隔日起不再限制。<br />', 410, 1, 0, 300, 3, 'others11-1.jpg', 'others11-1.jpg'),
(74, '1660013373', '全心全意杯(紅)', '全心全意杯(紅)', '材質：新骨瓷<br />\r\n原產地：台灣<br />\r\n<br />\r\n<br />\r\n適用於微波爐與洗碗機。請勿使用金屬材質攪拌或敲打，避免造成表面刮傷。材質特性容易附著高彩度且持久性強的顏色(如富含色素飲品或彩妝用品)，使用後請隨即清洗，避免顏色堆積無法去除。本商品屬於易碎品，請小心使用。', '容量: 140oz<br />\r\n<br />\r\n網站刊載之商品僅供參考，實際商品依門市陳列實品為準。<br />\r\n商品銷售數量依各門市實際庫存為主。<br />\r\n商品上市首日，每位顧客每次結帳限購乙個，如有額外需求需重新排隊；隔日起不再限制。<br />', 410, 1, 0, 450, 3, 'others12-1.jpg', 'others12-1.jpg'),
(75, '1660013374', '全心全意杯(藍)', '全心全意杯(藍)', '材質：新骨瓷<br />\r\n原產地：台灣<br />\r\n<br />\r\n<br />\r\n適用於微波爐與洗碗機。請勿使用金屬材質攪拌或敲打，避免造成表面刮傷。材質特性容易附著高彩度且持久性強的顏色(如富含色素飲品或彩妝用品)，使用後請隨即清洗，避免顏色堆積無法去除。本商品屬於易碎品，請小心使用。', '容量: 140oz<br />\r\n<br />\r\n網站刊載之商品僅供參考，實際商品依門市陳列實品為準。<br />\r\n商品銷售數量依各門市實際庫存為主。<br />\r\n商品上市首日，每位顧客每次結帳限購乙個，如有額外需求需重新排隊；隔日起不再限制。<br />', 410, 1, 0, 400, 3, 'others13-1.jpg', 'others13-1.jpg'),
(76, '1660016304', '心心相印杯(黑)', '心心相印杯(黑)', '材質：新骨瓷<br />\r\n原產地：台灣<br />\r\n<br />\r\n<br />\r\n適用於微波爐與洗碗機。請勿使用金屬材質攪拌或敲打，避免造成表面刮傷。材質特性容易附著高彩度且持久性強的顏色(如富含色素飲品或彩妝用品)，使用後請隨即清洗，避免顏色堆積無法去除。本商品屬於易碎品，請小心使用。', '容量: 140oz<br />\r\n<br />\r\n網站刊載之商品僅供參考，實際商品依門市陳列實品為準。<br />\r\n商品銷售數量依各門市實際庫存為主。<br />\r\n商品上市首日，每位顧客每次結帳限購乙個，如有額外需求需重新排隊；隔日起不再限制。<br />', 450, 1, 0, 300, 3, 'others14-1.jpg', 'others14-1.jpg'),
(77, '1660016305', '心心相印杯(棕)', '心心相印杯(棕)', '材質：新骨瓷<br />\r\n原產地：台灣<br />\r\n<br />\r\n<br />\r\n適用於微波爐與洗碗機。請勿使用金屬材質攪拌或敲打，避免造成表面刮傷。材質特性容易附著高彩度且持久性強的顏色(如富含色素飲品或彩妝用品)，使用後請隨即清洗，避免顏色堆積無法去除。本商品屬於易碎品，請小心使用。', '容量: 140oz<br />\r\n<br />\r\n網站刊載之商品僅供參考，實際商品依門市陳列實品為準。<br />\r\n商品銷售數量依各門市實際庫存為主。<br />\r\n商品上市首日，每位顧客每次結帳限購乙個，如有額外需求需重新排隊；隔日起不再限制。<br />', 450, 1, 0, 250, 3, 'others15-1.jpg', 'others15-1.jpg'),
(78, '1660016306', '心心相印杯(橙)', '心心相印杯(橙)', '材質：新骨瓷<br />\r\n原產地：台灣<br />\r\n<br />\r\n<br />\r\n適用於微波爐與洗碗機。請勿使用金屬材質攪拌或敲打，避免造成表面刮傷。材質特性容易附著高彩度且持久性強的顏色(如富含色素飲品或彩妝用品)，使用後請隨即清洗，避免顏色堆積無法去除。本商品屬於易碎品，請小心使用。', '容量: 140oz<br />\r\n<br />\r\n網站刊載之商品僅供參考，實際商品依門市陳列實品為準。<br />\r\n商品銷售數量依各門市實際庫存為主。<br />\r\n商品上市首日，每位顧客每次結帳限購乙個，如有額外需求需重新排隊；隔日起不再限制。<br />', 450, 1, 0, 250, 3, 'others16-1.jpg', 'others16-1.jpg'),
(79, '1660016307', '心心相印杯(粉)', '心心相印杯(粉)', '材質：新骨瓷<br />\r\n原產地：台灣<br />\r\n<br />\r\n<br />\r\n適用於微波爐與洗碗機。請勿使用金屬材質攪拌或敲打，避免造成表面刮傷。材質特性容易附著高彩度且持久性強的顏色(如富含色素飲品或彩妝用品)，使用後請隨即清洗，避免顏色堆積無法去除。本商品屬於易碎品，請小心使用。', '容量: 140oz<br />\r\n<br />\r\n網站刊載之商品僅供參考，實際商品依門市陳列實品為準。<br />\r\n商品銷售數量依各門市實際庫存為主。<br />\r\n商品上市首日，每位顧客每次結帳限購乙個，如有額外需求需重新排隊；隔日起不再限制。<br />', 450, 1, 0, 3000, 3, 'others17-1.jpg', 'others17-1.jpg'),
(80, '1660016308', '心心相印杯(藍)', '心心相印杯(藍)', '材質：新骨瓷<br />\r\n原產地：台灣<br />\r\n<br />\r\n<br />\r\n適用於微波爐與洗碗機。請勿使用金屬材質攪拌或敲打，避免造成表面刮傷。材質特性容易附著高彩度且持久性強的顏色(如富含色素飲品或彩妝用品)，使用後請隨即清洗，避免顏色堆積無法去除。本商品屬於易碎品，請小心使用。', '容量: 140oz<br />\r\n<br />\r\n網站刊載之商品僅供參考，實際商品依門市陳列實品為準。<br />\r\n商品銷售數量依各門市實際庫存為主。<br />\r\n商品上市首日，每位顧客每次結帳限購乙個，如有額外需求需重新排隊；隔日起不再限制。<br />', 450, 1, 0, 300, 3, 'others18-1.jpg', 'others18-1.jpg'),
(81, '1660017959', '全都好想喝(濾掛式3入組)', '想品嘗各種風味的咖啡，這裡一次全部滿足', '濾掛式咖啡<br />\n<br />\n肯亞AA TOP, 模範生, 征服者, <br />\n木蘭花, 瓜地馬拉花神, 耶加雪菲, <br />\n黃金曼巴, 黃金曼特寧, 曼巴, 義式綜合豆 <br />\n各三包入', '成分：100% 阿拉比卡咖啡豆<br /><br />商品規格：10g x 10款 x 3包 　<br /><br />製造地：台灣<br /><br />保存期限：18個月，製造日期如包裝標示<br /><br />儲存方法：咖啡豆均屬新鮮烘焙，因此我們建議您最佳賞味期間內飲用完畢<br /><br />咖啡因含量：41.1mg / 包<br /><br />', 1200, 1, 0, 3000, 4, 'box1-1.jpg', 'box1-1.jpg'),
(82, '1660017950', '全都好想喝(濾掛式6入組)', '想品嘗各種風味的咖啡，這裡一次全部滿足', '濾掛式咖啡<br />\n<br />\n肯亞AA TOP, 模範生, 征服者, <br />\n木蘭花, 瓜地馬拉花神, 耶加雪菲, <br />\n黃金曼巴, 黃金曼特寧, 曼巴, 義式綜合豆 <br />\n各六包入', '成分：100% 阿拉比卡咖啡豆<br /><br />商品規格：10g x 10款 x 6包 　<br /><br />製造地：台灣<br /><br />保存期限：18個月，製造日期如包裝標示<br /><br />儲存方法：咖啡豆均屬新鮮烘焙，因此我們建議您最佳賞味期間內飲用完畢<br /><br />咖啡因含量：41.1mg / 包<br /><br />', 2400, 1, 0, 1000, 4, 'box1-1.jpg', 'box1-1.jpg'),
(83, '1660023961', '全都好想喝(濾掛式9入組)', '想品嘗各種風味的咖啡，這裡一次全部滿足', '濾掛式咖啡<br />\n<br />\n肯亞AA TOP, 模範生, 征服者, <br />\n木蘭花, 瓜地馬拉花神, 耶加雪菲, <br />\n黃金曼巴, 黃金曼特寧, 曼巴, 義式綜合豆 <br />\n各九包入', '成分：100% 阿拉比卡咖啡豆<br /><br />商品規格：10g x 10款 x 9包 　<br /><br />製造地：台灣<br /><br />保存期限：18個月，製造日期如包裝標示<br /><br />儲存方法：咖啡豆均屬新鮮烘焙，因此我們建議您最佳賞味期間內飲用完畢<br /><br />咖啡因含量：41.1mg / 包<br /><br />', 3600, 1, 0, 200, 4, 'box1-1.jpg', 'box1-1.jpg'),
(84, '1660023969', '全都好想喝(濾掛式15入組)', '想品嘗各種風味的咖啡，這裡一次全部滿足', '濾掛式咖啡<br />\n<br />\n肯亞AA TOP, 模範生, 征服者, <br />\n木蘭花, 瓜地馬拉花神, 耶加雪菲, <br />\n黃金曼巴, 黃金曼特寧, 曼巴, 義式綜合豆 <br />\n各十五包入', '成分：100% 阿拉比卡咖啡豆<br /><br />商品規格：10g x 10款 x 9包 　<br /><br />製造地：台灣<br /><br />保存期限：18個月，製造日期如包裝標示<br /><br />儲存方法：咖啡豆均屬新鮮烘焙，因此我們建議您最佳賞味期間內飲用完畢<br /><br />咖啡因含量：41.1mg / 包<br /><br />', 6000, 1, 0, 300, 4, 'box1-1.jpg', 'box1-1.jpg'),
(85, '1660025925', '200元用餐抵用券(5張入)', '200元用餐抵用券(5張入)', '200元用餐抵用券, 一本5張<br />\n<br />\n全台多店面可使用<br />\n<br />\n平/假日適用，假日不加價<br />\n', '使用期限：無使用期限 <br />\r\n<br />\r\n1.本商品依購買規格不同,提供相應張數<br />\r\n2.不分平假日均可使用。<br />\r\n3.商品服務禮券載明之每張票面價值不等同於本賣場售價。<br />\r\n4.恕無法與其他優惠及專案合併使用<br />\r\n5.若遇地址相同,則將合併寄出<br />\r\n6.為保障您的權益，請您在開箱過程中務必全程錄影，以確保商品是否遺漏。寄錯、缺貨、瑕疵品等，請皆以「完整錄影檔」為依據，(請由外箱未開封的完整狀態開始拍攝)<br />', 990, 1, 0, 3000, 5, 'ticket1-1.jpg', 'ticket1-1.jpg'),
(86, '1660025925', '200元用餐抵用券(10張入)', '200元用餐抵用券(10張入)', '200元用餐抵用券, 一本10張<br />\n<br />\n全台多店面可使用<br />\n<br />\n平/假日適用，假日不加價<br />\n', '使用期限：無使用期限 <br />\r\n<br />\r\n1.本商品依購買規格不同,提供相應張數<br />\r\n2.不分平假日均可使用。<br />\r\n3.商品服務禮券載明之每張票面價值不等同於本賣場售價。<br />\r\n4.恕無法與其他優惠及專案合併使用<br />\r\n5.若遇地址相同,則將合併寄出<br />\r\n6.為保障您的權益，請您在開箱過程中務必全程錄影，以確保商品是否遺漏。寄錯、缺貨、瑕疵品等，請皆以「完整錄影檔」為依據，(請由外箱未開封的完整狀態開始拍攝)<br />', 1990, 1, 0, 3000, 5, 'ticket1-1.jpg', 'ticket1-1.jpg'),
(87, '1660025926', '200元用餐抵用券(20張入)', '200元用餐抵用券(20張入)', '200元用餐抵用券, 一本20張<br />\n<br />\n全台多店面可使用<br />\n<br />\n平/假日適用，假日不加價<br />\n', '使用期限：無使用期限 <br />\r\n<br />\r\n1.本商品依購買規格不同,提供相應張數<br />\r\n2.不分平假日均可使用。<br />\r\n3.商品服務禮券載明之每張票面價值不等同於本賣場售價。<br />\r\n4.恕無法與其他優惠及專案合併使用<br />\r\n5.若遇地址相同,則將合併寄出<br />\r\n6.為保障您的權益，請您在開箱過程中務必全程錄影，以確保商品是否遺漏。寄錯、缺貨、瑕疵品等，請皆以「完整錄影檔」為依據，(請由外箱未開封的完整狀態開始拍攝)<br />', 3990, 1, 0, 2000, 5, 'ticket1-1.jpg', 'ticket1-1.jpg'),
(88, '1660025927', '200元用餐抵用券(30張入)', '200元用餐抵用券(30張入)', '200元用餐抵用券, 一本30張<br />\n<br />\n全台多店面可使用<br />\n<br />\n平/假日適用，假日不加價<br />\n', '使用期限：無使用期限 <br />\r\n<br />\r\n1.本商品依購買規格不同,提供相應張數<br />\r\n2.不分平假日均可使用。<br />\r\n3.商品服務禮券載明之每張票面價值不等同於本賣場售價。<br />\r\n4.恕無法與其他優惠及專案合併使用<br />\r\n5.若遇地址相同,則將合併寄出<br />\r\n6.為保障您的權益，請您在開箱過程中務必全程錄影，以確保商品是否遺漏。寄錯、缺貨、瑕疵品等，請皆以「完整錄影檔」為依據，(請由外箱未開封的完整狀態開始拍攝)<br />', 5990, 1, 0, 3000, 5, 'ticket1-1.jpg', 'ticket1-1.jpg'),
(89, '1660025928', '200元用餐抵用券(50張入)', '200元用餐抵用券(50張入)', '200元用餐抵用券, 一本50張<br />\n<br />\n全台多店面可使用<br />\n<br />\n平/假日適用，假日不加價<br />\n', '使用期限：無使用期限 <br />\r\n<br />\r\n1.本商品依購買規格不同,提供相應張數<br />\r\n2.不分平假日均可使用。<br />\r\n3.商品服務禮券載明之每張票面價值不等同於本賣場售價。<br />\r\n4.恕無法與其他優惠及專案合併使用<br />\r\n5.若遇地址相同,則將合併寄出<br />\r\n6.為保障您的權益，請您在開箱過程中務必全程錄影，以確保商品是否遺漏。寄錯、缺貨、瑕疵品等，請皆以「完整錄影檔」為依據，(請由外箱未開封的完整狀態開始拍攝)<br />', 9900, 1, 0, 200, 5, 'ticket1-1.jpg', 'ticket1-1.jpg'),
(90, '1660026832', '200元用餐抵用券(100張入)', '200元用餐抵用券(100張入)', '200元用餐抵用券, 一本100張<br />\n<br />\n全台多店面可使用<br />\n<br />\n平/假日適用，假日不加價<br />\n', '使用期限：無使用期限 <br />\n<br />\n1.本商品依購買規格不同,提供相應張數<br />\n2.不分平假日均可使用。<br />\n3.商品服務禮券載明之每張票面價值不等同於本賣場售價。<br />\n4.恕無法與其他優惠及專案合併使用<br />\n5.若遇地址相同,則將合併寄出<br />\n6.為保障您的權益，請您在開箱過程中務必全程錄影，以確保商品是否遺漏。寄錯、缺貨、瑕疵品等，請皆以「完整錄影檔」為依據，(請由外箱未開封的完整狀態開始拍攝)<br />', 19900, 1, 0, 200, 5, 'ticket1-1.jpg', 'ticket1-1.jpg'),
(91, '1660027373', '500元用餐抵用券(5張入)', '500元用餐抵用券(5張入)', '500元用餐抵用券, 一本5張<br />\r\n<br />\r\n全台多店面可使用<br />\r\n<br />\r\n平/假日適用，假日不加價<br />\r\n', '使用期限：無使用期限 <br />\r\n<br />\r\n1.本商品依購買規格不同,提供相應張數<br />\r\n2.不分平假日均可使用。<br />\r\n3.商品服務禮券載明之每張票面價值不等同於本賣場售價。<br />\r\n4.恕無法與其他優惠及專案合併使用<br />\r\n5.若遇地址相同,則將合併寄出<br />\r\n6.為保障您的權益，請您在開箱過程中務必全程錄影，以確保商品是否遺漏。寄錯、缺貨、瑕疵品等，請皆以「完整錄影檔」為依據，(請由外箱未開封的完整狀態開始拍攝)<br />', 1400, 1, 0, 200, 5, 'ticket2-1.jpg', 'ticket2-1.jpg'),
(92, '1660027374', '500元用餐抵用券(10張入)', '500元用餐抵用券(10張入)', '500元用餐抵用券, 一本10張<br />\r\n<br />\r\n全台多店面可使用<br />\r\n<br />\r\n平/假日適用，假日不加價<br />\r\n', '使用期限：無使用期限 <br />\r\n<br />\r\n1.本商品依購買規格不同,提供相應張數<br />\r\n2.不分平假日均可使用。<br />\r\n3.商品服務禮券載明之每張票面價值不等同於本賣場售價。<br />\r\n4.恕無法與其他優惠及專案合併使用<br />\r\n5.若遇地址相同,則將合併寄出<br />\r\n6.為保障您的權益，請您在開箱過程中務必全程錄影，以確保商品是否遺漏。寄錯、缺貨、瑕疵品等，請皆以「完整錄影檔」為依據，(請由外箱未開封的完整狀態開始拍攝)<br />', 4990, 1, 0, 200, 5, 'ticket2-1.jpg', 'ticket2-1.jpg'),
(93, '1660027375', '500元用餐抵用券(20張入)', '500元用餐抵用券(20張入)', '500元用餐抵用券, 一本20張<br />\r\n<br />\r\n全台多店面可使用<br />\r\n<br />\r\n平/假日適用，假日不加價<br />\r\n', '使用期限：無使用期限 <br />\r\n<br />\r\n1.本商品依購買規格不同,提供相應張數<br />\r\n2.不分平假日均可使用。<br />\r\n3.商品服務禮券載明之每張票面價值不等同於本賣場售價。<br />\r\n4.恕無法與其他優惠及專案合併使用<br />\r\n5.若遇地址相同,則將合併寄出<br />\r\n6.為保障您的權益，請您在開箱過程中務必全程錄影，以確保商品是否遺漏。寄錯、缺貨、瑕疵品等，請皆以「完整錄影檔」為依據，(請由外箱未開封的完整狀態開始拍攝)<br />', 9900, 1, 0, 300, 5, 'ticket2-1.jpg', 'ticket2-1.jpg'),
(94, '1660027376', '500元用餐抵用券(30張入)', '500元用餐抵用券(30張入)', '500元用餐抵用券, 一本30張<br />\r\n<br />\r\n全台多店面可使用<br />\r\n<br />\r\n平/假日適用，假日不加價<br />\r\n', '使用期限：無使用期限 <br />\r\n<br />\r\n1.本商品依購買規格不同,提供相應張數<br />\r\n2.不分平假日均可使用。<br />\r\n3.商品服務禮券載明之每張票面價值不等同於本賣場售價。<br />\r\n4.恕無法與其他優惠及專案合併使用<br />\r\n5.若遇地址相同,則將合併寄出<br />\r\n6.為保障您的權益，請您在開箱過程中務必全程錄影，以確保商品是否遺漏。寄錯、缺貨、瑕疵品等，請皆以「完整錄影檔」為依據，(請由外箱未開封的完整狀態開始拍攝)<br />', 14900, 1, 0, 200, 5, 'ticket2-1.jpg', 'ticket2-1.jpg'),
(95, '1660027377', '500元用餐抵用券(50張入)', '500元用餐抵用券(50張入)', '500元用餐抵用券, 一本50張<br />\r\n<br />\r\n全台多店面可使用<br />\r\n<br />\r\n平/假日適用，假日不加價<br />\r\n', '使用期限：無使用期限 <br />\r\n<br />\r\n1.本商品依購買規格不同,提供相應張數<br />\r\n2.不分平假日均可使用。<br />\r\n3.商品服務禮券載明之每張票面價值不等同於本賣場售價。<br />\r\n4.恕無法與其他優惠及專案合併使用<br />\r\n5.若遇地址相同,則將合併寄出<br />\r\n6.為保障您的權益，請您在開箱過程中務必全程錄影，以確保商品是否遺漏。寄錯、缺貨、瑕疵品等，請皆以「完整錄影檔」為依據，(請由外箱未開封的完整狀態開始拍攝)<br />', 24900, 1, 0, 400, 5, 'ticket2-1.jpg', 'ticket2-1.jpg'),
(96, '1660027378', '500元用餐抵用券(100張入)', '500元用餐抵用券(100張入)', '500元用餐抵用券, 一本100張<br />\n<br />\n全台多店面可使用<br />\n<br />\n平/假日適用，假日不加價<br />\n', '使用期限：無使用期限 <br />\n<br />\n1.本商品依購買規格不同,提供相應張數<br />\n2.不分平假日均可使用。<br />\n3.商品服務禮券載明之每張票面價值不等同於本賣場售價。<br />\n4.恕無法與其他優惠及專案合併使用<br />\n5.若遇地址相同,則將合併寄出<br />\n6.為保障您的權益，請您在開箱過程中務必全程錄影，以確保商品是否遺漏。寄錯、缺貨、瑕疵品等，請皆以「完整錄影檔」為依據，(請由外箱未開封的完整狀態開始拍攝)<br />', 49900, 1, 0, 300, 5, 'ticket2-1.jpg', 'ticket2-1.jpg'),
(97, '1660027751', '1000元用餐抵用券(5張入)', '1000元用餐抵用券(5張入)', '1000元用餐抵用券, 一本5張<br />\r\n<br />\r\n全台多店面可使用<br />\r\n<br />\r\n平/假日適用，假日不加價<br />\r\n', '使用期限：無使用期限 <br />\r\n<br />\r\n1.本商品依購買規格不同,提供相應張數<br />\r\n2.不分平假日均可使用。<br />\r\n3.商品服務禮券載明之每張票面價值不等同於本賣場售價。<br />\r\n4.恕無法與其他優惠及專案合併使用<br />\r\n5.若遇地址相同,則將合併寄出<br />\r\n6.為保障您的權益，請您在開箱過程中務必全程錄影，以確保商品是否遺漏。寄錯、缺貨、瑕疵品等，請皆以「完整錄影檔」為依據，(請由外箱未開封的完整狀態開始拍攝)<br />', 4990, 1, 0, 32, 5, 'ticket3-1.jpg', 'ticket3-1.jpg'),
(98, '1660027752', '1000元用餐抵用券(10張入)', '1000元用餐抵用券(10張入)', '1000元用餐抵用券, 一本10張<br />\r\n<br />\r\n全台多店面可使用<br />\r\n<br />\r\n平/假日適用，假日不加價<br />\r\n', '使用期限：無使用期限 <br />\r\n<br />\r\n1.本商品依購買規格不同,提供相應張數<br />\r\n2.不分平假日均可使用。<br />\r\n3.商品服務禮券載明之每張票面價值不等同於本賣場售價。<br />\r\n4.恕無法與其他優惠及專案合併使用<br />\r\n5.若遇地址相同,則將合併寄出<br />\r\n6.為保障您的權益，請您在開箱過程中務必全程錄影，以確保商品是否遺漏。寄錯、缺貨、瑕疵品等，請皆以「完整錄影檔」為依據，(請由外箱未開封的完整狀態開始拍攝)<br />', 9900, 1, 0, 400, 5, 'ticket3-1.jpg', 'ticket3-1.jpg'),
(99, '1660027753', '1000元用餐抵用券(20張入)', '1000元用餐抵用券(20張入)', '1000元用餐抵用券, 一本20張<br />\r\n<br />\r\n全台多店面可使用<br />\r\n<br />\r\n平/假日適用，假日不加價<br />\r\n', '使用期限：無使用期限 <br />\r\n<br />\r\n1.本商品依購買規格不同,提供相應張數<br />\r\n2.不分平假日均可使用。<br />\r\n3.商品服務禮券載明之每張票面價值不等同於本賣場售價。<br />\r\n4.恕無法與其他優惠及專案合併使用<br />\r\n5.若遇地址相同,則將合併寄出<br />\r\n6.為保障您的權益，請您在開箱過程中務必全程錄影，以確保商品是否遺漏。寄錯、缺貨、瑕疵品等，請皆以「完整錄影檔」為依據，(請由外箱未開封的完整狀態開始拍攝)<br />', 19900, 1, 0, 20, 5, 'ticket3-1.jpg', 'ticket3-1.jpg'),
(100, '1660027754', '1000元用餐抵用券(30張入)', '1000元用餐抵用券(30張入)', '1000元用餐抵用券, 一本30張<br />\r\n<br />\r\n全台多店面可使用<br />\r\n<br />\r\n平/假日適用，假日不加價<br />\r\n', '使用期限：無使用期限 <br />\r\n<br />\r\n1.本商品依購買規格不同,提供相應張數<br />\r\n2.不分平假日均可使用。<br />\r\n3.商品服務禮券載明之每張票面價值不等同於本賣場售價。<br />\r\n4.恕無法與其他優惠及專案合併使用<br />\r\n5.若遇地址相同,則將合併寄出<br />\r\n6.為保障您的權益，請您在開箱過程中務必全程錄影，以確保商品是否遺漏。寄錯、缺貨、瑕疵品等，請皆以「完整錄影檔」為依據，(請由外箱未開封的完整狀態開始拍攝)<br />', 29900, 1, 0, 500, 5, 'ticket3-1.jpg', 'ticket3-1.jpg'),
(101, '1660027755', '1000元用餐抵用券(50張入)', '1000元用餐抵用券(50張入)', '1000元用餐抵用券, 一本50張<br />\r\n<br />\r\n全台多店面可使用<br />\r\n<br />\r\n平/假日適用，假日不加價<br />\r\n', '使用期限：無使用期限 <br />\r\n<br />\r\n1.本商品依購買規格不同,提供相應張數<br />\r\n2.不分平假日均可使用。<br />\r\n3.商品服務禮券載明之每張票面價值不等同於本賣場售價。<br />\r\n4.恕無法與其他優惠及專案合併使用<br />\r\n5.若遇地址相同,則將合併寄出<br />\r\n6.為保障您的權益，請您在開箱過程中務必全程錄影，以確保商品是否遺漏。寄錯、缺貨、瑕疵品等，請皆以「完整錄影檔」為依據，(請由外箱未開封的完整狀態開始拍攝)<br />', 49900, 1, 0, 400, 5, 'ticket3-1.jpg', 'ticket3-1.jpg'),
(102, '1660027756', '1000元用餐抵用券(100張入)', '1000元用餐抵用券(100張入)', '1000元用餐抵用券, 一本100張<br />\n<br />\n全台多店面可使用<br />\n<br />\n平/假日適用，假日不加價<br />\n', '使用期限：無使用期限 <br />\n<br />\n1.本商品依購買規格不同,提供相應張數<br />\n2.不分平假日均可使用。<br />\n3.商品服務禮券載明之每張票面價值不等同於本賣場售價。<br />\n4.恕無法與其他優惠及專案合併使用<br />\n5.若遇地址相同,則將合併寄出<br />\n6.為保障您的權益，請您在開箱過程中務必全程錄影，以確保商品是否遺漏。寄錯、缺貨、瑕疵品等，請皆以「完整錄影檔」為依據，(請由外箱未開封的完整狀態開始拍攝)<br />', 99000, 1, 0, 20, 5, 'ticket3-1.jpg', 'ticket3-1.jpg'),
(103, '1660028575', '2000元用餐抵用券(5張入)', '2000元用餐抵用券(5張入)', '2000元用餐抵用券, 一本5張<br />\r\n<br />\r\n全台多店面可使用<br />\r\n<br />\r\n平/假日適用，假日不加價<br />\r\n', '使用期限：無使用期限 <br />\r\n<br />\r\n1.本商品依購買規格不同,提供相應張數<br />\r\n2.不分平假日均可使用。<br />\r\n3.商品服務禮券載明之每張票面價值不等同於本賣場售價。<br />\r\n4.恕無法與其他優惠及專案合併使用<br />\r\n5.若遇地址相同,則將合併寄出<br />\r\n6.為保障您的權益，請您在開箱過程中務必全程錄影，以確保商品是否遺漏。寄錯、缺貨、瑕疵品等，請皆以「完整錄影檔」為依據，(請由外箱未開封的完整狀態開始拍攝)<br />', 9900, 1, 0, 50, 5, 'ticket4-1.jpg', 'ticket4-1.jpg'),
(104, '1660028576', '2000元用餐抵用券(10張入)', '2000元用餐抵用券(10張入)', '2000元用餐抵用券, 一本10張<br />\r\n<br />\r\n全台多店面可使用<br />\r\n<br />\r\n平/假日適用，假日不加價<br />\r\n', '使用期限：無使用期限 <br />\r\n<br />\r\n1.本商品依購買規格不同,提供相應張數<br />\r\n2.不分平假日均可使用。<br />\r\n3.商品服務禮券載明之每張票面價值不等同於本賣場售價。<br />\r\n4.恕無法與其他優惠及專案合併使用<br />\r\n5.若遇地址相同,則將合併寄出<br />\r\n6.為保障您的權益，請您在開箱過程中務必全程錄影，以確保商品是否遺漏。寄錯、缺貨、瑕疵品等，請皆以「完整錄影檔」為依據，(請由外箱未開封的完整狀態開始拍攝)<br />', 19900, 1, 0, 20, 5, 'ticket4-1.jpg', 'ticket4-1.jpg'),
(105, '1660028577', '2000元用餐抵用券(20張入)', '2000元用餐抵用券(20張入)', '2000元用餐抵用券, 一本20張<br />\r\n<br />\r\n全台多店面可使用<br />\r\n<br />\r\n平/假日適用，假日不加價<br />\r\n', '使用期限：無使用期限 <br />\r\n<br />\r\n1.本商品依購買規格不同,提供相應張數<br />\r\n2.不分平假日均可使用。<br />\r\n3.商品服務禮券載明之每張票面價值不等同於本賣場售價。<br />\r\n4.恕無法與其他優惠及專案合併使用<br />\r\n5.若遇地址相同,則將合併寄出<br />\r\n6.為保障您的權益，請您在開箱過程中務必全程錄影，以確保商品是否遺漏。寄錯、缺貨、瑕疵品等，請皆以「完整錄影檔」為依據，(請由外箱未開封的完整狀態開始拍攝)<br />', 39900, 1, 0, 20, 5, 'ticket4-1.jpg', 'ticket4-1.jpg'),
(106, '1660028578', '2000元用餐抵用券(30張入)', '2000元用餐抵用券(30張入)', '2000元用餐抵用券, 一本30張<br />\r\n<br />\r\n全台多店面可使用<br />\r\n<br />\r\n平/假日適用，假日不加價<br />\r\n', '使用期限：無使用期限 <br />\r\n<br />\r\n1.本商品依購買規格不同,提供相應張數<br />\r\n2.不分平假日均可使用。<br />\r\n3.商品服務禮券載明之每張票面價值不等同於本賣場售價。<br />\r\n4.恕無法與其他優惠及專案合併使用<br />\r\n5.若遇地址相同,則將合併寄出<br />\r\n6.為保障您的權益，請您在開箱過程中務必全程錄影，以確保商品是否遺漏。寄錯、缺貨、瑕疵品等，請皆以「完整錄影檔」為依據，(請由外箱未開封的完整狀態開始拍攝)<br />', 59900, 1, 0, 50, 5, 'ticket4-1.jpg', 'ticket4-1.jpg'),
(107, '1660028579', '2000元用餐抵用券(50張入)', '2000元用餐抵用券(50張入)', '2000元用餐抵用券, 一本50張<br />\r\n<br />\r\n全台多店面可使用<br />\r\n<br />\r\n平/假日適用，假日不加價<br />\r\n', '使用期限：無使用期限 <br />\r\n<br />\r\n1.本商品依購買規格不同,提供相應張數<br />\r\n2.不分平假日均可使用。<br />\r\n3.商品服務禮券載明之每張票面價值不等同於本賣場售價。<br />\r\n4.恕無法與其他優惠及專案合併使用<br />\r\n5.若遇地址相同,則將合併寄出<br />\r\n6.為保障您的權益，請您在開箱過程中務必全程錄影，以確保商品是否遺漏。寄錯、缺貨、瑕疵品等，請皆以「完整錄影檔」為依據，(請由外箱未開封的完整狀態開始拍攝)<br />', 99900, 1, 0, 50, 5, 'ticket4-1.jpg', 'ticket4-1.jpg'),
(108, '1660028580', '2000元用餐抵用券(100張入)', '2000元用餐抵用券(100張入)', '2000元用餐抵用券, 一本100張<br />\r\n<br />\r\n全台多店面可使用<br />\r\n<br />\r\n平/假日適用，假日不加價<br />\r\n', '使用期限：無使用期限 <br />\r\n<br />\r\n1.本商品依購買規格不同,提供相應張數<br />\r\n2.不分平假日均可使用。<br />\r\n3.商品服務禮券載明之每張票面價值不等同於本賣場售價。<br />\r\n4.恕無法與其他優惠及專案合併使用<br />\r\n5.若遇地址相同,則將合併寄出<br />\r\n6.為保障您的權益，請您在開箱過程中務必全程錄影，以確保商品是否遺漏。寄錯、缺貨、瑕疵品等，請皆以「完整錄影檔」為依據，(請由外箱未開封的完整狀態開始拍攝)<br />', 199900, 1, 0, 30, 5, 'ticket4-1.jpg', 'ticket4-1.jpg'),
(109, '1660029144', '5000元用餐抵用券(5張入)', '5000元用餐抵用券(5張入)', '5000元用餐抵用券, 一本5張<br />\r\n<br />\r\n全台多店面可使用<br />\r\n<br />\r\n平/假日適用，假日不加價<br />\r\n', '使用期限：無使用期限 <br />\r\n<br />\r\n1.本商品依購買規格不同,提供相應張數<br />\r\n2.不分平假日均可使用。<br />\r\n3.商品服務禮券載明之每張票面價值不等同於本賣場售價。<br />\r\n4.恕無法與其他優惠及專案合併使用<br />\r\n5.若遇地址相同,則將合併寄出<br />\r\n6.為保障您的權益，請您在開箱過程中務必全程錄影，以確保商品是否遺漏。寄錯、缺貨、瑕疵品等，請皆以「完整錄影檔」為依據，(請由外箱未開封的完整狀態開始拍攝)<br />', 14990, 1, 0, 300, 5, 'ticket5-1.jpg', 'ticket5-1.jpg'),
(110, '1660029145', '5000元用餐抵用券(10張入)', '5000元用餐抵用券(10張入)', '5000元用餐抵用券, 一本10張<br />\r\n<br />\r\n全台多店面可使用<br />\r\n<br />\r\n平/假日適用，假日不加價<br />\r\n', '使用期限：無使用期限 <br />\r\n<br />\r\n1.本商品依購買規格不同,提供相應張數<br />\r\n2.不分平假日均可使用。<br />\r\n3.商品服務禮券載明之每張票面價值不等同於本賣場售價。<br />\r\n4.恕無法與其他優惠及專案合併使用<br />\r\n5.若遇地址相同,則將合併寄出<br />\r\n6.為保障您的權益，請您在開箱過程中務必全程錄影，以確保商品是否遺漏。寄錯、缺貨、瑕疵品等，請皆以「完整錄影檔」為依據，(請由外箱未開封的完整狀態開始拍攝)<br />', 49900, 1, 0, 20, 5, 'ticket5-1.jpg', 'ticket5-1.jpg');
INSERT INTO `products` (`products_sid`, `products_number`, `products_name`, `products_info`, `products_intro`, `products_spec`, `products_price`, `products_forsale`, `products_onsale`, `products_stack`, `products_with_products_categories_sid`, `products_pic`, `products_picMuti`) VALUES
(111, '1660029146', '5000元用餐抵用券(20張入)', '5000元用餐抵用券(20張入)', '5000元用餐抵用券, 一本20張<br />\r\n<br />\r\n全台多店面可使用<br />\r\n<br />\r\n平/假日適用，假日不加價<br />\r\n', '使用期限：無使用期限 <br />\r\n<br />\r\n1.本商品依購買規格不同,提供相應張數<br />\r\n2.不分平假日均可使用。<br />\r\n3.商品服務禮券載明之每張票面價值不等同於本賣場售價。<br />\r\n4.恕無法與其他優惠及專案合併使用<br />\r\n5.若遇地址相同,則將合併寄出<br />\r\n6.為保障您的權益，請您在開箱過程中務必全程錄影，以確保商品是否遺漏。寄錯、缺貨、瑕疵品等，請皆以「完整錄影檔」為依據，(請由外箱未開封的完整狀態開始拍攝)<br />', 99000, 1, 0, 300, 5, 'ticket5-1.jpg', 'ticket5-1.jpg'),
(112, '1660029147', '5000元用餐抵用券(30張入)', '5000元用餐抵用券(30張入)', '5000元用餐抵用券, 一本30張<br />\r\n<br />\r\n全台多店面可使用<br />\r\n<br />\r\n平/假日適用，假日不加價<br />\r\n', '使用期限：無使用期限 <br />\r\n<br />\r\n1.本商品依購買規格不同,提供相應張數<br />\r\n2.不分平假日均可使用。<br />\r\n3.商品服務禮券載明之每張票面價值不等同於本賣場售價。<br />\r\n4.恕無法與其他優惠及專案合併使用<br />\r\n5.若遇地址相同,則將合併寄出<br />\r\n6.為保障您的權益，請您在開箱過程中務必全程錄影，以確保商品是否遺漏。寄錯、缺貨、瑕疵品等，請皆以「完整錄影檔」為依據，(請由外箱未開封的完整狀態開始拍攝)<br />', 149900, 1, 0, 300, 5, 'ticket5-1.jpg', 'ticket5-1.jpg'),
(113, '1660029148', '5000元用餐抵用券(50張入)', '5000元用餐抵用券(50張入)', '5000元用餐抵用券, 一本50張<br />\r\n<br />\r\n全台多店面可使用<br />\r\n<br />\r\n平/假日適用，假日不加價<br />\r\n', '使用期限：無使用期限 <br />\r\n<br />\r\n1.本商品依購買規格不同,提供相應張數<br />\r\n2.不分平假日均可使用。<br />\r\n3.商品服務禮券載明之每張票面價值不等同於本賣場售價。<br />\r\n4.恕無法與其他優惠及專案合併使用<br />\r\n5.若遇地址相同,則將合併寄出<br />\r\n6.為保障您的權益，請您在開箱過程中務必全程錄影，以確保商品是否遺漏。寄錯、缺貨、瑕疵品等，請皆以「完整錄影檔」為依據，(請由外箱未開封的完整狀態開始拍攝)<br />', 249900, 1, 0, 30, 5, 'ticket5-1.jpg', 'ticket5-1.jpg'),
(114, '1660029149', '5000元用餐抵用券(100張入)', '5000元用餐抵用券(100張入)', '5000元用餐抵用券, 一本100張<br />\r\n<br />\r\n全台多店面可使用<br />\r\n<br />\r\n平/假日適用，假日不加價<br />\r\n', '使用期限：無使用期限 <br />\r\n<br />\r\n1.本商品依購買規格不同,提供相應張數<br />\r\n2.不分平假日均可使用。<br />\r\n3.商品服務禮券載明之每張票面價值不等同於本賣場售價。<br />\r\n4.恕無法與其他優惠及專案合併使用<br />\r\n5.若遇地址相同,則將合併寄出<br />\r\n6.為保障您的權益，請您在開箱過程中務必全程錄影，以確保商品是否遺漏。寄錯、缺貨、瑕疵品等，請皆以「完整錄影檔」為依據，(請由外箱未開封的完整狀態開始拍攝)<br />', 499000, 1, 0, 30, 5, 'ticket5-1.jpg', 'ticket5-1.jpg'),
(115, '1660109987', '3杯黑濾壓壺', '3杯黑濾壓壺', '網站刊載之商品僅供參考，實際商品依門市陳列實品為準。<br />\r\n<br />\r\n商品售價為建議價格，實際售價依各通路為準。<br />\r\n<br />\r\n商品銷售數量依各門市實際庫存為主。<br />\r\n<br />\r\n商品上市首日，每位顧客每次結帳限購乙個，如有額外需求需重新排隊；隔日起不再限制。<br />\r\n<br />', '容量：350ml <br />\r\n產地：葡萄牙<br />\r\n材質：<br />\r\n本體-耐熱玻璃/<br />\r\n壼架-聚丙烯(PP)/<br />\r\n濾器-AISI304不鏽鋼、AISI316不鏽鋼、AISI430不鏽鋼、AISI302不鏽鋼/<br />\r\n壺蓋-聚丙烯(PP)/<br />\r\n把手、湯匙-聚丙烯(PP)<br />', 600, 1, 0, 300, 3, 'others19-1.jpg', 'others19-1.jpg,others19-2.jpg'),
(116, '1660110379', '4杯黑濾壓壺', '4杯黑濾壓壺', '網站刊載之商品僅供參考，實際商品依門市陳列實品為準。<br />\r\n<br />\r\n商品售價為建議價格，實際售價依各通路為準。<br />\r\n<br />\r\n商品銷售數量依各門市實際庫存為主。<br />\r\n<br />\r\n商品上市首日，每位顧客每次結帳限購乙個，如有額外需求需重新排隊；隔日起不再限制。<br />\r\n<br />', '容量：500ml <br />\r\n產地：葡萄牙<br />\r\n材質：<br />\r\n本體-耐熱玻璃/<br />\r\n壼架-聚丙烯(PP)/<br />\r\n濾器-AISI304不鏽鋼、AISI316不鏽鋼、AISI430不鏽鋼、AISI302不鏽鋼/<br />\r\n壺蓋-聚丙烯(PP)/<br />\r\n把手、湯匙-聚丙烯(PP)<br />', 800, 1, 0, 300, 3, 'others20-1.jpg', 'others20-1.jpg,others20-2.jpg'),
(117, '1660110380', '8杯黑濾壓壺', '8杯黑濾壓壺', '網站刊載之商品僅供參考，實際商品依門市陳列實品為準。<br />\r\n<br />\r\n商品售價為建議價格，實際售價依各通路為準。<br />\r\n<br />\r\n商品銷售數量依各門市實際庫存為主。<br />\r\n<br />\r\n商品上市首日，每位顧客每次結帳限購乙個，如有額外需求需重新排隊；隔日起不再限制。<br />\r\n<br />', '容量：1000ml <br />\r\n產地：葡萄牙<br />\r\n材質：<br />\r\n本體-耐熱玻璃/<br />\r\n壼架-聚丙烯(PP)/<br />\r\n濾器-AISI304不鏽鋼、AISI316不鏽鋼、AISI430不鏽鋼、AISI302不鏽鋼/<br />\r\n壺蓋-聚丙烯(PP)/<br />\r\n把手、湯匙-聚丙烯(PP)<br />', 900, 1, 0, 300, 3, 'others21-1.jpg', 'others21-1.jpg,others21-2.jpg'),
(118, '1660110759', '不鏽鋼手沖細口壺', '不鏽鋼手沖細口壺', '網站刊載之商品僅供參考，實際商品依門市陳列實品為準。<br /><br />\r\n商品售價為建議價格，實際售價依各通路為準。<br /><br />\r\n商品銷售數量依各門市實際庫存為主。<br /><br />\r\n商品上市首日，每位顧客每次結帳限購乙個，如有額外需求需重新排隊；隔日起不再限制。<br />', '實用容量：800ml【滿水容量：1200ml】<br />\r\n材質：-JIS SUS430不鏽鋼<br />\r\n壺身-JIS SUS304不鏽鋼、酚醛樹脂<br />\r\n<br />\r\n初次與使用後請使用中性洗劑清洗並晾乾，不使用時保持乾燥。請勿使用菜瓜布或材質過硬的工具清洗商品造成刮傷。<br />\r\n建議依實用容量使用，以免煮沸時造成熱水溢出。<br />\r\n使用過程中手把及上蓋會有變熱狀況，請戴隔熱手套以免燙手。使用後壺內會有白色粉末附著為水中礦物質，其為正常現象。本產品不適用於微波爐、烤箱使用<b', 2300, 1, 0, 300, 3, 'others22-1.jpg', 'others22-1.jpg,others22-2.jpg'),
(119, '1660110760', '雲朵不鏽鋼溫控細口壺', '雲朵不鏽鋼溫控細口壺', '網站刊載之商品僅供參考，實際商品依門市陳列實品為準。<br /><br />\r\n商品售價為建議價格，實際售價依各通路為準。<br /><br />\r\n商品銷售數量依各門市實際庫存為主。<br /><br />\r\n商品上市首日，每位顧客每次結帳限購乙個，如有額外需求需重新排隊；隔日起不再限制。<br />', '容量 : 800ml <br />\r\n壼身、蓋子 : JIS SUS 304不鏽鋼<br />\r\n底座、把手 : PP聚丙烯<br />\r\n產地 : 中國<br />\r\n<br />\r\n<br />\r\n使用時請勿過度傾斜壼身，避免造成燙傷。除了水之外不可加入其它內容物使用本手沖壼。手沖壺本體請勿水洗，以防機器浸水毀壞，請使用柔軟的布沾水擦拭外側及底座。<br />\r\n使用前請詳讀說明書。<br />', 4990, 1, 0, 200, 3, 'others23-1.jpg', 'others23-1.jpg,others23-2.jpg'),
(120, '1660116429', '肯亞AA TOP(1.5磅)', 'AA TOP最高等級的肯亞咖啡豆其濃郁的黑梅香氣,口感豐富且尾韻悠長,轉化為肯亞特有的甜,一入口紅酒般的餘韻在口中揮之不去', '產地:非洲<br /><br />處理法:水洗<br /><br />風味:黑梅/李子/葡萄<br /><br />AA TOP最高等級的肯亞咖啡豆其濃郁的黑梅香氣,口感豐富且尾韻悠長,轉化為肯亞特有的甜,一入口紅酒般的餘韻在口中揮之不去', '成分：100% 阿拉比卡咖啡豆<br /><br />商品規格：681g±6g<br /><br />製造地：台灣<br /><br />保存期限：6個月，製造日期如包裝標示<br /><br />儲存方法：咖啡豆均屬新鮮烘焙，因此我們建議您在一個月的最佳賞味期間內飲用完畢完，並盡量保存在陰（暗）涼處,保存容器以單向排氣咖啡袋、儲豆罐或其它具單向排氣功能之容器為宜<br /><br />咖啡因含量：每10g含45±5mg（咖啡豆屬天然農產品，會因季節、產地及沖泡時間而影響咖啡因含量）<br /><br /', 1410, 1, 0, 300, 2, 'coffeeBean1-1.jpg', 'coffeeBean1-1.jpg,coffeeBean1-2.jpg'),
(121, '1660116430', '模範生(1.5磅)', '具有豐富的芳香水果酸氣迷人,且帶有柑橘的明亮甜感,巧克力的餘韻油脂感特佳', '產地:哥倫比亞<br /><br />處理法:水洗<br /><br />風味:柑橘/可可/奶油<br /><br />具有豐富的芳香水果酸氣迷人,且帶有柑橘的明亮甜感,巧克力的餘韻油脂感特佳 ', '成分：100% 阿拉比卡咖啡豆<br /><br />商品規格：681g±6g<br /><br />製造地：台灣<br /><br />保存期限：12個月，製造日期如包裝標示<br /><br />儲存方法：咖啡豆均屬新鮮烘焙，因此我們建議您在一個月的最佳賞味期間內飲用完畢完，並盡量保存在陰（暗）涼處,保存容器以單向排氣咖啡袋、儲豆罐或其它具單向排氣功能之容器為宜<br /><br />咖啡因含量：每10g含45±5mg（咖啡豆屬天然農產品，會因季節、產地及沖泡時間而影響咖啡因含量）<br /><br ', 1320, 1, 0, 300, 2, 'coffeeBean2-1.jpg', 'coffeeBean2-1.jpg,coffeeBean2-2.jpg'),
(122, '1660116431', '征服者(1.5磅)', '征服者入口可感受到濃郁的黑可克力口感,同時具有豐富且厚實的奶油風味', '產地:哥斯大黎加<br /><br />處理法:水洗<br /><br />風味:黑巧克力/可可/奶油<br /><br />征服者入口可感受到濃郁的黑可克力口感,同時具有豐富且厚實的奶油風味', '成分：100% 阿拉比卡咖啡豆<br /><br />商品規格：681g±6g<br /><br />製造地：台灣<br /><br />保存期限：6個月，製造日期如包裝標示<br /><br />儲存方法：咖啡豆均屬新鮮烘焙，因此我們建議您在一個月的最佳賞味期間內飲用完畢完，並盡量保存在陰（暗）涼處,保存容器以單向排氣咖啡袋、儲豆罐或其它具單向排氣功能之容器為宜<br /><br />咖啡因含量：每10g含45±5mg（咖啡豆屬天然農產品，會因季節、產地及沖泡時間而影響咖啡因含量）<br /><br /', 1320, 1, 0, 300, 2, 'coffeeBean3-1.jpg', 'coffeeBean3-1.jpg,coffeeBean3-2.jpg'),
(123, '1660116432', '木蘭花(1.5磅)', '優雅的韻味瀰漫著蜂蜜堅果,百香果的香氣口感,同時具有宛如蔗糖般的濃郁香氣,在味蕾留下輕柔的口感', '產地:哥斯大黎加<br /><br />處理法:水洗<br /><br />風味:蜂蜜/堅果/百香果<br /><br />優雅的韻味瀰漫著蜂蜜堅果,百香果的香氣口感,同時具有宛如蔗糖般的濃郁香氣,在味蕾留下輕柔的口感', '成分：100% 阿拉比卡咖啡豆<br /><br />商品規格：681g±6g<br /><br />製造地：台灣<br /><br />保存期限：6個月，製造日期如包裝標示<br /><br />儲存方法：咖啡豆均屬新鮮烘焙，因此我們建議您在一個月的最佳賞味期間內飲用完畢完，並盡量保存在陰（暗）涼處,保存容器以單向排氣咖啡袋、儲豆罐或其它具單向排氣功能之容器為宜<br /><br />咖啡因含量：每10g含45±5mg（咖啡豆屬天然農產品，會因季節、產地及沖泡時間而影響咖啡因含量）<br /><br /', 1320, 1, 0, 100, 2, 'coffeeBean4-1.jpg', 'coffeeBean4-1.jpg,coffeeBean4-2.jpg'),
(124, '1660116433', '瓜地馬拉花神(1.5磅)', '花神具有非常愉悅優雅花香主體的風味,酸性柔和且以巧克力般的風味尾韻作結,整體口感乾淨且明亮', '產地:瓜地馬拉<br /><br />處理法:水洗<br /><br />風味:核果/可可/花香味/柑橘<br /><br />花神具有非常愉悅優雅花香主體的風味,酸性柔和且以巧克力般的風味尾韻作結,整體口感乾淨且明亮', '成分：100% 阿拉比卡咖啡豆<br /><br />商品規格：681g±6g<br /><br />製造地：台灣<br /><br />保存期限：6個月，製造日期如包裝標示<br /><br />儲存方法：咖啡豆均屬新鮮烘焙，因此我們建議您在一個月的最佳賞味期間內飲用完畢完，並盡量保存在陰（暗）涼處,保存容器以單向排氣咖啡袋、儲豆罐或其它具單向排氣功能之容器為宜<br /><br />咖啡因含量：每10g含45±5mg（咖啡豆屬天然農產品，會因季節、產地及沖泡時間而影響咖啡因含量）<br /><br /', 1200, 1, 0, 300, 2, 'coffeeBean5-1.jpg', 'coffeeBean5-1.jpg,coffeeBean5-2.jpg'),
(125, '1660116434', '瓜地馬拉花神(1.5磅)', '花神具有非常愉悅優雅花香主體的風味,酸性柔和且以巧克力般的風味尾韻作結,整體口感乾淨且明亮', '產地:瓜地馬拉<br /><br />處理法:水洗<br /><br />風味:核果/可可/花香味/柑橘<br /><br />花神具有非常愉悅優雅花香主體的風味,酸性柔和且以巧克力般的風味尾韻作結,整體口感乾淨且明亮', '成分：100% 阿拉比卡咖啡豆<br /><br />商品規格：681g±6g<br /><br />製造地：台灣<br /><br />保存期限：6個月，製造日期如包裝標示<br /><br />儲存方法：咖啡豆均屬新鮮烘焙，因此我們建議您在一個月的最佳賞味期間內飲用完畢完，並盡量保存在陰（暗）涼處,保存容器以單向排氣咖啡袋、儲豆罐或其它具單向排氣功能之容器為宜<br /><br />咖啡因含量：每10g含45±5mg（咖啡豆屬天然農產品，會因季節、產地及沖泡時間而影響咖啡因含量）<br /><br /', 1200, 1, 0, 300, 2, 'coffeeBean5-1.jpg', 'coffeeBean5-1.jpg,coffeeBean5-2.jpg'),
(126, '1660116435', '耶加雪菲(1.5磅)', '日曬耶加雪菲具有濃郁奔放的水果香,柔和綿長的蜜桃莓果酸卻不刺激,風味甜度高酸度明亮且細膩', '產地:衣索比亞<br /><br />處理法:日曬<br /><br />風味:莓果/蜜桃<br /><br />日曬耶加雪菲具有濃郁奔放的水果香,柔和綿長的蜜桃莓果酸卻不刺激,風味甜度高酸度明亮且細膩', '成分：100% 阿拉比卡咖啡豆<br /><br />商品規格：681g±6g<br /><br />製造地：台灣<br /><br />保存期限：6個月，製造日期如包裝標示<br /><br />儲存方法：咖啡豆均屬新鮮烘焙，因此我們建議您在一個月的最佳賞味期間內飲用完畢完，並盡量保存在陰（暗）涼處,保存容器以單向排氣咖啡袋、儲豆罐或其它具單向排氣功能之容器為宜<br /><br />咖啡因含量：每10g含45±5mg（咖啡豆屬天然農產品，會因季節、產地及沖泡時間而影響咖啡因含量）<br /><br /', 1260, 1, 0, 300, 2, 'coffeeBean6-1.jpg', 'coffeeBean6-1.jpg,coffeeBean6-2.jpg'),
(127, '1660116436', '黃金曼巴(1.5磅)', '口感厚實甘醇的頂級黃金曼特寧搭配核果香氣絕佳的巴西咖啡豆,完美平衡呈現奶油的質感與明顯的可可味', '產地:印尼/巴西<br /><br />處理法:半水洗<br /><br />風味:可可韻味/草本香韻/奶油<br /><br />口感厚實甘醇的頂級黃金曼特寧搭配核果香氣絕佳的巴西咖啡豆,完美平衡呈現奶油的質感與明顯的可可味', '成分：100% 阿拉比卡咖啡豆<br /><br />商品規格：681g±6g<br /><br />製造地：台灣<br /><br />保存期限：6個月，製造日期如包裝標示<br /><br />儲存方法：咖啡豆均屬新鮮烘焙，因此我們建議您在一個月的最佳賞味期間內飲用完畢完，並盡量保存在陰（暗）涼處,保存容器以單向排氣咖啡袋、儲豆罐或其它具單向排氣功能之容器為宜<br /><br />咖啡因含量：每10g含45±5mg（咖啡豆屬天然農產品，會因季節、產地及沖泡時間而影響咖啡因含量）<br /><br /', 1200, 1, 0, 300, 2, 'coffeeBean7-1.jpg', 'coffeeBean7-1.jpg,coffeeBean7-2.jpg'),
(128, '1660116437', '黃金曼特寧(1.5磅)', '手選三次,挑選20目左右碩大的特優級曼特寧生豆,豆質結實緊密,豐富油脂帶出巧克力般滑順奶油般香甜', '產地:印尼<br /><br />處理法:半水洗<br /><br />風味:焦糖/草本/麥香<br /><br />手選三次,挑選20目左右碩大的特優級曼特寧生豆,豆質結實緊密,豐富油脂帶出巧克力般滑順奶油般香甜', '成分：100% 阿拉比卡咖啡豆<br /><br />商品規格：681g±6g<br /><br />製造地：台灣<br /><br />保存期限：6個月，製造日期如包裝標示<br /><br />儲存方法：咖啡豆均屬新鮮烘焙，因此我們建議您在一個月的最佳賞味期間內飲用完畢完，並盡量保存在陰（暗）涼處,保存容器以單向排氣咖啡袋、儲豆罐或其它具單向排氣功能之容器為宜<br /><br />咖啡因含量：每10g含45±5mg（咖啡豆屬天然農產品，會因季節、產地及沖泡時間而影響咖啡因含量）<br /><br /', 1410, 1, 0, 300, 2, 'coffeeBean8-1.jpg', 'coffeeBean8-1.jpg,coffeeBean8-2.jpg'),
(129, '1660116438', '曼巴(1.5磅)', '口感厚實甘醇的曼特寧搭配核果香氣絕佳的巴西咖啡豆,奶油的質感與明顯的可可味搭配後清雅的回甘口感一直會讓人回味無窮', '產地:印尼/巴西<br /><br />處理法:半水洗<br /><br />風味:可可韻/奶油/草本香韻<br /><br />口感厚實甘醇的曼特寧搭配核果香氣絕佳的巴西咖啡豆,奶油的質感與明顯的可可味搭配後清雅的回甘口感一直會讓人回味無窮', '成分：100% 阿拉比卡咖啡豆<br /><br />商品規格：681g±6g<br /><br />製造地：台灣<br /><br />保存期限：6個月，製造日期如包裝標示<br /><br />儲存方法：咖啡豆均屬新鮮烘焙，因此我們建議您在一個月的最佳賞味期間內飲用完畢完，並盡量保存在陰（暗）涼處,保存容器以單向排氣咖啡袋、儲豆罐或其它具單向排氣功能之容器為宜<br /><br />咖啡因含量：每10g含45±5mg（咖啡豆屬天然農產品，會因季節、產地及沖泡時間而影響咖啡因含量）<br /><br /', 960, 1, 0, 200, 2, 'coffeeBean9-1.jpg', 'coffeeBean9-1.jpg,coffeeBean9-2.jpg'),
(130, '1660116439', '曼特寧(1.5磅)', '為蘇門答臘最具代表的咖啡豆,其草本風味質感濃郁芳香度特強,口感厚實的甘甜味是它的獨到之處,對於度喜歡酸味的人的最佳選擇', '產地:印尼<br /><br />處理法:半水洗<br /><br />風味:奶油/草本香韻<br /><br />為蘇門答臘最具代表的咖啡豆,其草本風味質感濃郁芳香度特強,口感厚實的甘甜味是它的獨到之處,對於度喜歡酸味的人的最佳選擇', '成分：100% 阿拉比卡咖啡豆<br /><br />商品規格：681g±6g<br /><br />製造地：台灣<br /><br />保存期限：12個月，製造日期如包裝標示<br /><br />儲存方法：咖啡豆均屬新鮮烘焙，因此我們建議您在一個月的最佳賞味期間內飲用完畢完，並盡量保存在陰（暗）涼處,保存容器以單向排氣咖啡袋、儲豆罐或其它具單向排氣功能之容器為宜<br /><br />咖啡因含量：每10g含45±5mg（咖啡豆屬天然農產品，會因季節、產地及沖泡時間而影響咖啡因含量）<br /><br ', 960, 1, 0, 300, 2, 'coffeeBean10-1.jpg', 'coffeeBean10-1.jpg,coffeeBean10-2.jpg'),
(131, '1660116440', '義式綜合豆(1.5磅)', '使用當季最新鮮100%阿拉比卡咖啡豆,經由專業烘焙來呈現濃郁口感及可可韻味,並帶有淡淡果香餘韻,非常適合調配拿鐵以及卡布奇諾', '產地:亞洲/中南美洲/非洲<br /><br />風味:可可韻味<br /><br />使用當季最新鮮100%阿拉比卡咖啡豆,經由專業烘焙來呈現濃郁口感及可可韻味,並帶有淡淡果香餘韻,非常適合調配拿鐵以及卡布奇諾', '成分：100% 阿拉比卡咖啡豆<br /><br />商品規格：681g±6g<br /><br />製造地：台灣<br /><br />保存期限：12個月，製造日期如包裝標示<br /><br />儲存方法：咖啡豆均屬新鮮烘焙，因此我們建議您在一個月的最佳賞味期間內飲用完畢完，並盡量保存在陰（暗）涼處,保存容器以單向排氣咖啡袋、儲豆罐或其它具單向排氣功能之容器為宜<br /><br />咖啡因含量：每10g含45±5mg（咖啡豆屬天然農產品，會因季節、產地及沖泡時間而影響咖啡因含量）<br /><br ', 900, 1, 0, 20, 2, 'coffeeBean11-1.jpg', 'coffeeBean11-1.jpg,coffeeBean11-1.jpg'),
(132, '1660292257', '肯亞AA TOP(2磅)', 'AA TOP最高等級的肯亞咖啡豆其濃郁的黑梅香氣,口感豐富且尾韻悠長,轉化為肯亞特有的甜,一入口紅酒般的餘韻在口中揮之不去', '產地:非洲<br /><br />處理法:水洗<br /><br />風味:黑梅/李子/葡萄<br /><br />AA TOP最高等級的肯亞咖啡豆其濃郁的黑梅香氣,口感豐富且尾韻悠長,轉化為肯亞特有的甜,一入口紅酒般的餘韻在口中揮之不去', '成分：100% 阿拉比卡咖啡豆<br /><br />商品規格：908g±8g<br /><br />製造地：台灣<br /><br />保存期限：6個月，製造日期如包裝標示<br /><br />儲存方法：咖啡豆均屬新鮮烘焙，因此我們建議您在一個月的最佳賞味期間內飲用完畢完，並盡量保存在陰（暗）涼處,保存容器以單向排氣咖啡袋、儲豆罐或其它具單向排氣功能之容器為宜<br /><br />咖啡因含量：每10g含45±5mg（咖啡豆屬天然農產品，會因季節、產地及沖泡時間而影響咖啡因含量）<br /><br /', 1880, 1, 0, 300, 2, 'coffeeBean1-1.jpg', 'coffeeBean1-1.jpg,coffeeBean1-2.jpg'),
(133, '1660292258', '模範生(2磅)', '具有豐富的芳香水果酸氣迷人,且帶有柑橘的明亮甜感,巧克力的餘韻油脂感特佳', '產地:哥倫比亞<br /><br />處理法:水洗<br /><br />風味:柑橘/可可/奶油<br /><br />具有豐富的芳香水果酸氣迷人,且帶有柑橘的明亮甜感,巧克力的餘韻油脂感特佳 ', '成分：100% 阿拉比卡咖啡豆<br /><br />商品規格：908g±8g<br /><br />製造地：台灣<br /><br />保存期限：12個月，製造日期如包裝標示<br /><br />儲存方法：咖啡豆均屬新鮮烘焙，因此我們建議您在一個月的最佳賞味期間內飲用完畢完，並盡量保存在陰（暗）涼處,保存容器以單向排氣咖啡袋、儲豆罐或其它具單向排氣功能之容器為宜<br /><br />咖啡因含量：每10g含45±5mg（咖啡豆屬天然農產品，會因季節、產地及沖泡時間而影響咖啡因含量）<br /><br ', 1760, 1, 0, 300, 2, 'coffeeBean2-1.jpg', 'coffeeBean2-1.jpg,coffeeBean2-2.jpg'),
(134, '1660292259', '征服者(2磅)', '征服者入口可感受到濃郁的黑可克力口感,同時具有豐富且厚實的奶油風味', '產地:哥斯大黎加<br /><br />處理法:水洗<br /><br />風味:黑巧克力/可可/奶油<br /><br />征服者入口可感受到濃郁的黑可克力口感,同時具有豐富且厚實的奶油風味', '成分：100% 阿拉比卡咖啡豆<br /><br />商品規格：908g±8g<br /><br />製造地：台灣<br /><br />保存期限：6個月，製造日期如包裝標示<br /><br />儲存方法：咖啡豆均屬新鮮烘焙，因此我們建議您在一個月的最佳賞味期間內飲用完畢完，並盡量保存在陰（暗）涼處,保存容器以單向排氣咖啡袋、儲豆罐或其它具單向排氣功能之容器為宜<br /><br />咖啡因含量：每10g含45±5mg（咖啡豆屬天然農產品，會因季節、產地及沖泡時間而影響咖啡因含量）<br /><br /', 1760, 1, 0, 400, 2, 'coffeeBean3-1.jpg', 'coffeeBean3-1.jpg,coffeeBean3-2.jpg'),
(135, '1660292260', '木蘭花(2磅)', '優雅的韻味瀰漫著蜂蜜堅果,百香果的香氣口感,同時具有宛如蔗糖般的濃郁香氣,在味蕾留下輕柔的口感', '產地:哥斯大黎加<br /><br />處理法:水洗<br /><br />風味:蜂蜜/堅果/百香果<br /><br />優雅的韻味瀰漫著蜂蜜堅果,百香果的香氣口感,同時具有宛如蔗糖般的濃郁香氣,在味蕾留下輕柔的口感', '成分：100% 阿拉比卡咖啡豆<br /><br />商品規格：908g±8g<br /><br />製造地：台灣<br /><br />保存期限：6個月，製造日期如包裝標示<br /><br />儲存方法：咖啡豆均屬新鮮烘焙，因此我們建議您在一個月的最佳賞味期間內飲用完畢完，並盡量保存在陰（暗）涼處,保存容器以單向排氣咖啡袋、儲豆罐或其它具單向排氣功能之容器為宜<br /><br />咖啡因含量：每10g含45±5mg（咖啡豆屬天然農產品，會因季節、產地及沖泡時間而影響咖啡因含量）<br /><br /', 1760, 1, 0, 305, 2, 'coffeeBean4-1.jpg', 'coffeeBean4-1.jpg,coffeeBean4-2.jpg'),
(136, '1660292261', '瓜地馬拉花神(2磅)', '花神具有非常愉悅優雅花香主體的風味,酸性柔和且以巧克力般的風味尾韻作結,整體口感乾淨且明亮', '產地:瓜地馬拉<br /><br />處理法:水洗<br /><br />風味:核果/可可/花香味/柑橘<br /><br />花神具有非常愉悅優雅花香主體的風味,酸性柔和且以巧克力般的風味尾韻作結,整體口感乾淨且明亮', '成分：100% 阿拉比卡咖啡豆<br /><br />商品規格：908g±8g<br /><br />製造地：台灣<br /><br />保存期限：6個月，製造日期如包裝標示<br /><br />儲存方法：咖啡豆均屬新鮮烘焙，因此我們建議您在一個月的最佳賞味期間內飲用完畢完，並盡量保存在陰（暗）涼處,保存容器以單向排氣咖啡袋、儲豆罐或其它具單向排氣功能之容器為宜<br /><br />咖啡因含量：每10g含45±5mg（咖啡豆屬天然農產品，會因季節、產地及沖泡時間而影響咖啡因含量）<br /><br /', 1600, 1, 0, 402, 2, 'coffeeBean5-1.jpg', 'coffeeBean5-1.jpg,coffeeBean5-2.jpg'),
(137, '1660292262', '耶加雪菲(2磅)', '日曬耶加雪菲具有濃郁奔放的水果香,柔和綿長的蜜桃莓果酸卻不刺激,風味甜度高酸度明亮且細膩', '產地:衣索比亞<br /><br />處理法:日曬<br /><br />風味:莓果/蜜桃<br /><br />日曬耶加雪菲具有濃郁奔放的水果香,柔和綿長的蜜桃莓果酸卻不刺激,風味甜度高酸度明亮且細膩', '成分：100% 阿拉比卡咖啡豆<br /><br />商品規格：908±8g<br /><br />製造地：台灣<br /><br />保存期限：6個月，製造日期如包裝標示<br /><br />儲存方法：咖啡豆均屬新鮮烘焙，因此我們建議您在一個月的最佳賞味期間內飲用完畢完，並盡量保存在陰（暗）涼處,保存容器以單向排氣咖啡袋、儲豆罐或其它具單向排氣功能之容器為宜<br /><br />咖啡因含量：每10g含45±5mg（咖啡豆屬天然農產品，會因季節、產地及沖泡時間而影響咖啡因含量）<br /><br /', 1680, 1, 0, 345, 2, 'coffeeBean6-1.jpg', 'coffeeBean6-1.jpg,coffeeBean6-2.jpg'),
(138, '1660292263', '黃金曼巴(2磅)', '口感厚實甘醇的頂級黃金曼特寧搭配核果香氣絕佳的巴西咖啡豆,完美平衡呈現奶油的質感與明顯的可可味', '產地:印尼/巴西<br /><br />處理法:半水洗<br /><br />風味:可可韻味/草本香韻/奶油<br /><br />口感厚實甘醇的頂級黃金曼特寧搭配核果香氣絕佳的巴西咖啡豆,完美平衡呈現奶油的質感與明顯的可可味', '成分：100% 阿拉比卡咖啡豆<br /><br />商品規格：908g±8g<br /><br />製造地：台灣<br /><br />保存期限：6個月，製造日期如包裝標示<br /><br />儲存方法：咖啡豆均屬新鮮烘焙，因此我們建議您在一個月的最佳賞味期間內飲用完畢完，並盡量保存在陰（暗）涼處,保存容器以單向排氣咖啡袋、儲豆罐或其它具單向排氣功能之容器為宜<br /><br />咖啡因含量：每10g含45±5mg（咖啡豆屬天然農產品，會因季節、產地及沖泡時間而影響咖啡因含量）<br /><br /', 1600, 1, 0, 345, 2, 'coffeeBean7-1.jpg', 'coffeeBean7-1.jpg,coffeeBean7-2.jpg'),
(139, '1660292264', '黃金曼特寧(2磅)', '手選三次,挑選20目左右碩大的特優級曼特寧生豆,豆質結實緊密,豐富油脂帶出巧克力般滑順奶油般香甜', '產地:印尼<br /><br />處理法:半水洗<br /><br />風味:焦糖/草本/麥香<br /><br />手選三次,挑選20目左右碩大的特優級曼特寧生豆,豆質結實緊密,豐富油脂帶出巧克力般滑順奶油般香甜', '成分：100% 阿拉比卡咖啡豆<br /><br />商品規格：908g±8g<br /><br />製造地：台灣<br /><br />保存期限：6個月，製造日期如包裝標示<br /><br />儲存方法：咖啡豆均屬新鮮烘焙，因此我們建議您在一個月的最佳賞味期間內飲用完畢完，並盡量保存在陰（暗）涼處,保存容器以單向排氣咖啡袋、儲豆罐或其它具單向排氣功能之容器為宜<br /><br />咖啡因含量：每10g含45±5mg（咖啡豆屬天然農產品，會因季節、產地及沖泡時間而影響咖啡因含量）<br /><br /', 1880, 1, 0, 245, 2, 'coffeeBean8-1.jpg', 'coffeeBean8-1.jpg,coffeeBean8-2.jpg'),
(140, '1660292265', '曼巴(2磅)', '口感厚實甘醇的曼特寧搭配核果香氣絕佳的巴西咖啡豆,奶油的質感與明顯的可可味搭配後清雅的回甘口感一直會讓人回味無窮', '產地:印尼/巴西<br /><br />處理法:半水洗<br /><br />風味:可可韻/奶油/草本香韻<br /><br />口感厚實甘醇的曼特寧搭配核果香氣絕佳的巴西咖啡豆,奶油的質感與明顯的可可味搭配後清雅的回甘口感一直會讓人回味無窮', '成分：100% 阿拉比卡咖啡豆<br /><br />商品規格：908g±8g<br /><br />製造地：台灣<br /><br />保存期限：6個月，製造日期如包裝標示<br /><br />儲存方法：咖啡豆均屬新鮮烘焙，因此我們建議您在一個月的最佳賞味期間內飲用完畢完，並盡量保存在陰（暗）涼處,保存容器以單向排氣咖啡袋、儲豆罐或其它具單向排氣功能之容器為宜<br /><br />咖啡因含量：每10g含45±5mg（咖啡豆屬天然農產品，會因季節、產地及沖泡時間而影響咖啡因含量）<br /><br /', 1280, 1, 0, 486, 2, 'coffeeBean9-1.jpg', 'coffeeBean9-1.jpg,coffeeBean9-2.jpg'),
(141, '1660292266', '曼特寧(2磅)', '為蘇門答臘最具代表的咖啡豆,其草本風味質感濃郁芳香度特強,口感厚實的甘甜味是它的獨到之處,對於度喜歡酸味的人的最佳選擇', '產地:印尼<br /><br />處理法:半水洗<br /><br />風味:奶油/草本香韻<br /><br />為蘇門答臘最具代表的咖啡豆,其草本風味質感濃郁芳香度特強,口感厚實的甘甜味是它的獨到之處,對於度喜歡酸味的人的最佳選擇', '成分：100% 阿拉比卡咖啡豆<br /><br />商品規格：908g±8g<br /><br />製造地：台灣<br /><br />保存期限：12個月，製造日期如包裝標示<br /><br />儲存方法：咖啡豆均屬新鮮烘焙，因此我們建議您在一個月的最佳賞味期間內飲用完畢完，並盡量保存在陰（暗）涼處,保存容器以單向排氣咖啡袋、儲豆罐或其它具單向排氣功能之容器為宜<br /><br />咖啡因含量：每10g含45±5mg（咖啡豆屬天然農產品，會因季節、產地及沖泡時間而影響咖啡因含量）<br /><br ', 1280, 1, 0, 346, 2, 'coffeeBean10-1.jpg', 'coffeeBean10-1.jpg,coffeeBean10-2.jpg'),
(142, '1660292267', '義式綜合豆(2磅)', '使用當季最新鮮100%阿拉比卡咖啡豆,經由專業烘焙來呈現濃郁口感及可可韻味,並帶有淡淡果香餘韻,非常適合調配拿鐵以及卡布奇諾', '產地:亞洲/中南美洲/非洲<br /><br />風味:可可韻味<br /><br />使用當季最新鮮100%阿拉比卡咖啡豆,經由專業烘焙來呈現濃郁口感及可可韻味,並帶有淡淡果香餘韻,非常適合調配拿鐵以及卡布奇諾', '成分：100% 阿拉比卡咖啡豆<br /><br />商品規格：908g±8g<br /><br />製造地：台灣<br /><br />保存期限：12個月，製造日期如包裝標示<br /><br />儲存方法：咖啡豆均屬新鮮烘焙，因此我們建議您在一個月的最佳賞味期間內飲用完畢完，並盡量保存在陰（暗）涼處,保存容器以單向排氣咖啡袋、儲豆罐或其它具單向排氣功能之容器為宜<br /><br />咖啡因含量：每10g含45±5mg（咖啡豆屬天然農產品，會因季節、產地及沖泡時間而影響咖啡因含量）<br /><br ', 1200, 1, 0, 434, 2, 'coffeeBean11-1.jpg', 'coffeeBean11-1.jpg,coffeeBean11-2.jpg'),
(143, '1660545856', '摩卡杏仁肉鬆捲', '爽脆的捲心餅中悉心填入香鬆的豬肉鬆，外層裹上義式咖啡粉製成的摩卡可可與金黃色杏仁角，香脆甜鹹美味縈繞口中。', '爽脆的捲心餅中悉心填入香鬆的豬肉鬆，外層裹上以義式咖啡粉製成的摩卡可可與金黃色杏仁角，香脆甜鹹美味縈繞口中。<br />\n<br />\n<br />\n網站刊載之商品僅供參考，實際商品以門市現貨為準。<br />', '禮盒內容:<br /><br />\n摩卡杏仁肉鬆捲*18支。\n<br />\n<br />\n詳細營養標示請參考商品外包裝<br />\n<br />\n豬肉產地：台灣<br />', 480, 1, 0, 300, 4, 'box3-1.jpg', 'box3-1.jpg'),
(144, '1660545924', '雙份摩卡杏仁肉鬆捲', '爽脆的捲心餅中悉心填入香鬆的豬肉鬆，外層裹上義式咖啡粉製成的摩卡可可與金黃色杏仁角，香脆甜鹹美味縈繞口中。', '爽脆的捲心餅中悉心填入香鬆的豬肉鬆，外層裹上以義式咖啡粉製成的摩卡可可與金黃色杏仁角，香脆甜鹹美味縈繞口中。<br />\n<br />\n<br />\n網站刊載之商品僅供參考，實際商品以門市現貨為準。<br />', '禮盒內容:<br /><br />\n摩卡杏仁肉鬆捲*36支。<br />\n<br />\n詳細營養標示請參考商品外包裝<br />\n<br />\n豬肉產地：台灣<br />', 960, 1, 0, 300, 4, 'box3-1.jpg', 'box3-1.jpg'),
(145, '1660546213', '精選咖啡蛋捲禮盒', '以義式咖啡粉特製而成，咖啡香氣完美融合蛋香與奶香，酥脆爽口欲罷不能。<br />\r\n', '以義式咖啡粉特製而成，咖啡香氣完美融合蛋香與奶香，酥脆爽口欲罷不能。<br />\r\n<br />\r\n[季節限定包裝，數量有限，售完為止。]<br />\r\n<br />\r\n<br />\r\n詳細營養標示請參考商品外包裝<br />', '禮盒內容:<br /><br />\n精選咖啡蛋捲 18入<br />\n<br />\n商品皆為每日限量供應，售完為止。<br />\n<br />\n網站刊載之商品僅供參考，實際商品以門市現貨為準。<br />', 500, 1, 0, 20, 4, 'box4-1.jpg', 'box4-1.jpg'),
(146, '1660546228', '雙份精選咖啡蛋捲禮盒', '以義式咖啡粉特製而成，咖啡香氣完美融合蛋香與奶香，酥脆爽口欲罷不能。<br />\r\n', '以義式咖啡粉特製而成，咖啡香氣完美融合蛋香與奶香，酥脆爽口欲罷不能。<br />\r\n<br />\r\n[季節限定包裝，數量有限，售完為止。]<br />\r\n<br />\r\n<br />\r\n詳細營養標示請參考商品外包裝<br />', '禮盒內容:<br /><br />\n精選咖啡蛋捲 36入<br />\n<br />\n商品皆為每日限量供應，售完為止。<br />\n<br />\n網站刊載之商品僅供參考，實際商品以門市現貨為準。<br />', 1000, 1, 0, 20, 4, 'box4-1.jpg', 'box4-1.jpg'),
(147, '1660546996', '臻選綜合蛋捲禮盒', '優質雞蛋製成的蛋捲，嚴選咖啡、可可、紅茶、蜂蜜、起司、麥麩等6種不同的口味，讓喜歡多元口味與喜愛嘗鮮的你，每包打開每口都是不同的好心情與好滋味。', '優質雞蛋製成的蛋捲，嚴選咖啡、可可、紅茶、蜂蜜、起司、麥麩等6種不同的口味，讓喜歡多元口味與喜愛嘗鮮的你，每包打開每口都是不同的好心情與好滋味。<br />\r\n<br />\r\n[季節限定包裝，數量有限，售完為止。]<br />\r\n<br />\r\n<br />\r\n詳細營養標示請參考商品外包裝<br />', '咖啡、可可、紅茶、蜂蜜、起司、麥麩臻選蛋捲各3入<br />\r\n<br />\r\n詳細食品營養標示說明，請見營養標示表。<br />\r\n<br />\r\n網站刊載之商品僅供參考，實際商品以門市現貨為準。<br />\r\n<br />', 500, 1, 0, 30, 4, 'box5-1.jpg', 'box5-1.jpg'),
(148, '1660547027', '雙份臻選綜合蛋捲禮盒', '優質雞蛋製成的蛋捲，嚴選咖啡、可可、紅茶、蜂蜜、起司、麥麩等6種不同的口味，讓喜歡多元口味與喜愛嘗鮮的你，每包打開每口都是不同的好心情與好滋味。', '優質雞蛋製成的蛋捲，嚴選咖啡、可可、紅茶、蜂蜜、起司、麥麩等6種不同的口味，讓喜歡多元口味與喜愛嘗鮮的你，每包打開每口都是不同的好心情與好滋味。<br />\r\n<br />\r\n[季節限定包裝，數量有限，售完為止。]<br />\r\n<br />\r\n<br />\r\n詳細營養標示請參考商品外包裝<br />', '咖啡、可可、紅茶、蜂蜜、起司、麥麩臻選蛋捲各6入<br />\r\n<br />\r\n詳細食品營養標示說明，請見營養標示表。<br />\r\n<br />\r\n網站刊載之商品僅供參考，實際商品以門市現貨為準。<br />\r\n<br />', 1000, 1, 0, 30, 4, 'box5-1.jpg', 'box5-1.jpg'),
(149, '1660547200', '咖啡捲心酥禮盒', '酥脆的咖啡捲內夾入濃郁的咖啡餡，是一款大人小孩都喜愛的點心。', '酥脆的咖啡捲內夾入濃郁的咖啡餡，是一款大人小孩都喜愛的點心。<br />\r\n<br />\r\n[季節限定包裝，數量有限，售完為止。]<br />\r\n<br />\r\n<br />\r\n詳細營養標示請參考商品外包裝<br />', '咖啡捲心酥 18入<br />\n<br />\n詳細食品營養標示說明，請見營養標示表。<br />\n<br />\n商品皆為每日限量供應，售完為止。<br />\n<br />\n網站刊載之商品僅供參考，實際商品以門市現貨為準。<br />\n<br />', 360, 1, 0, 400, 4, 'box6-1.jpg', 'box6-1.jpg'),
(150, '1660547216', '雙份咖啡捲心酥禮盒', '酥脆的咖啡捲內夾入濃郁的咖啡餡，是一款大人小孩都喜愛的點心。', '酥脆的咖啡捲內夾入濃郁的咖啡餡，是一款大人小孩都喜愛的點心。<br />\r\n<br />\r\n[季節限定包裝，數量有限，售完為止。]<br />\r\n<br />\r\n<br />\r\n詳細營養標示請參考商品外包裝<br />', '咖啡捲心酥 36入<br />\n<br />\n詳細食品營養標示說明，請見營養標示表。<br />\n<br />\n商品皆為每日限量供應，售完為止。<br />\n<br />\n網站刊載之商品僅供參考，實際商品以門市現貨為準。<br />\n<br />', 720, 1, 0, 400, 4, 'box6-1.jpg', 'box6-1.jpg'),
(151, '1660547508', '法蘭酥禮盒', '3種香酥可口，甜而不膩的法蘭酥！', '香酥可口，甜而不膩的法蘭酥！<br />\r\n[季節限定包裝，數量有限，售完為止。]<br />\r\n<br />\r\n<br />\r\n詳細營養標示請參考商品外包裝<br />', '禮盒內容:<br />\r\n那堤法蘭酥、草莓奶霜法蘭酥、海鹽焦糖法蘭酥，各6片。<br />\r\n<br />\r\n詳細食品營養標示說明，請見營養標示表。<br />\r\n<br />\r\n商品皆為每日限量供應，售完為止。<br />\r\n<br />\r\n網站刊載之商品僅供參考，實際商品以門市現貨為準。<br />\r\n<br />', 450, 1, 0, 240, 4, 'box3-1.jpg', 'box3-1.jpg'),
(152, '1660547523', '雙份法蘭酥禮盒', '3種香酥可口，甜而不膩的法蘭酥！', '香酥可口，甜而不膩的法蘭酥！<br />\r\n[季節限定包裝，數量有限，售完為止。]<br />\r\n<br />\r\n<br />\r\n詳細營養標示請參考商品外包裝<br />', '禮盒內容:<br />\r\n那堤法蘭酥、草莓奶霜法蘭酥、海鹽焦糖法蘭酥，各12片。<br />\r\n<br />\r\n詳細食品營養標示說明，請見營養標示表。<br />\r\n<br />\r\n商品皆為每日限量供應，售完為止。<br />\r\n<br />\r\n網站刊載之商品僅供參考，實際商品以門市現貨為準。<br />\r\n<br />', 900, 1, 0, 240, 4, 'box3-1.jpg', 'box3-1.jpg'),
(153, '1660548469', '黑色鋁合金手搖磨豆機', '黑色鋁合金手搖磨豆機', '網站刊載之商品僅供參考，實際商品依門市陳列實品為準。<br />\r\n<br />\r\n商品售價為建議價格，實際售價依各通路為準。<br />\r\n<br />\r\n商品銷售數量依各門市實際庫存為主。<br />\r\n<br />\r\n商品上市首日，每位顧客每次結帳限購乙個，如有額外需求需重新排隊；隔日起不再限制。<br />\r\n<br />', '規格：咖啡粉24g<br />\r\n材質：本體外殼-鋁合金/<br />\r\n本體內部-ABS樹脂(耐熱溫度100℃) /<br />\r\n蓋子-壓克力樹脂/<br />\r\n把手-鋁合金、PP聚丙烯/<br />\r\n刀盤-陶瓷刀/<br />\r\n彈簧、軸零件-JIS SUS304不鏽鋼/<br />\r\n調節器-尼龍/止滑墊-矽膠<br />\r\n產地：中國<br />\r\n<br />\r\n如商品有裂痕請勿再使用，以免破裂產生危險。<br />\r\n陶瓷刀盤部份可拆水洗，請充份晾乾後再裝回。<br />', 2950, 1, 0, 20, 3, 'others24-1.jpg', 'others24-1.jpg,others24-2.jpg,others24-3.jpg,others24-1.jpg'),
(154, '1660550019', '八角陶瓷濾杯', '八角陶瓷濾杯', '網站刊載之商品僅供參考，實際商品依門市陳列實品為準。<br />\r\n<br />\r\n商品售價為建議價格，實際售價依各通路為準。<br />\r\n<br />\r\n商品銷售數量依各門市實際庫存為主。<br />\r\n<br />\r\n商品上市首日，每位顧客每次結帳限購乙個，如有額外需求需重新排隊；隔日起不再限制。<br />\r\n<br />', '容量: 1-4杯<br />\n<br />\n材質：全瓷<br />\n<br />\n產地：日本<br />\n<br />\n本產品適用洗碗機，取出時請小心高溫燙手，放入時請避免碰撞。<br />\n<br />\n請使用中性清洗劑與海綿清洗，請勿使用菜瓜布或鋼刷等尖銳物。<br />\n<br />\n本商品不適用於微波爐、電磁爐及直火加熱、烤箱，並請勿放入冷凍庫中。<br />\n<br />', 960, 1, 0, 30, 3, 'others25-1.jpg', 'others25-1.jpg,others25-2.jpg'),
(155, '1660615670', 'V60海軍藍濾杯', 'V60海軍藍濾杯', '網站刊載之商品僅供參考，實際商品依門市陳列實品為準。<br />\r\n<br />\r\n商品售價為建議價格，實際售價依各通路為準。<br />\r\n<br />\r\n商品銷售數量依各門市實際庫存為主。<br />\r\n<br />\r\n商品上市首日，每位顧客每次結帳限購乙個，如有額外需求需重新排隊；隔日起不再限制。<br />\r\n<br />', '容量: 1-4杯<br />\n<br />\n材質：陶瓷、湯匙-PP聚丙烯<br />\n<br />\n(耐熱溫度100℃)<br />\n<br />\n產地：日本<br />\n<br />\n請用海綿及中性洗劑清洗晾乾。<br />\n<br />\n如商品有裂痕請勿再使用，以免破裂產生危險。<br />\n<br />', 950, 1, 0, 20, 3, 'others26-1.jpg', 'others26-1.jpg'),
(156, '1660615778', 'V60藏青藍濾杯', 'V60藏青藍濾杯', '網站刊載之商品僅供參考，實際商品依門市陳列實品為準。<br />\r\n<br />\r\n商品售價為建議價格，實際售價依各通路為準。<br />\r\n<br />\r\n商品銷售數量依各門市實際庫存為主。<br />\r\n<br />\r\n商品上市首日，每位顧客每次結帳限購乙個，如有額外需求需重新排隊；隔日起不再限制。<br />\r\n<br />', '容量: 1-4杯<br />\r\n<br />\r\n材質：陶瓷、湯匙-PP聚丙烯<br />\r\n<br />\r\n(耐熱溫度100℃)<br />\r\n<br />\r\n產地：日本<br />\r\n<br />\r\n請用海綿及中性洗劑清洗晾乾。<br />\r\n<br />\r\n如商品有裂痕請勿再使用，以免破裂產生危險。<br />\r\n<br />', 950, 1, 0, 350, 3, 'others27-1.jpg', 'others27-1.jpg'),
(157, '1660619257', 'V60湖水綠濾杯', 'V60湖水綠濾杯', '網站刊載之商品僅供參考，實際商品依門市陳列實品為準。<br />\r\n<br />\r\n商品售價為建議價格，實際售價依各通路為準。<br />\r\n<br />\r\n商品銷售數量依各門市實際庫存為主。<br />\r\n<br />\r\n商品上市首日，每位顧客每次結帳限購乙個，如有額外需求需重新排隊；隔日起不再限制。<br />\r\n<br />', '容量：1-4杯<br />\r\n<br />\r\n材質：陶瓷、湯匙-PP聚丙烯(耐熱溫度100℃)<br />\r\n<br />\r\n產地：日本\r\n<br />\r\n請用海綿及中性洗劑清洗晾乾。<br />\r\n<br />\r\n如商品有裂痕請勿再使用，以免破裂產生危險。<br />\r\n<br />', 950, 1, 0, 340, 3, 'others28-1.jpg', 'others28-1.jpg'),
(158, '1660619349', 'V60玫瑰粉濾杯', 'V60玫瑰粉濾杯', '網站刊載之商品僅供參考，實際商品依門市陳列實品為準。<br />\r\n<br />\r\n商品售價為建議價格，實際售價依各通路為準。<br />\r\n<br />\r\n商品銷售數量依各門市實際庫存為主。<br />\r\n<br />\r\n商品上市首日，每位顧客每次結帳限購乙個，如有額外需求需重新排隊；隔日起不再限制。<br />\r\n<br />', '容量：1-4杯<br />\r\n<br />\r\n材質：陶瓷、湯匙-PP聚丙烯(耐熱溫度100℃)<br />\r\n<br />\r\n產地：日本<br />\r\n<br />\r\n請用海綿及中性洗劑清洗晾乾。<br />\r\n<br />\r\n如商品有裂痕請勿再使用，以免破裂產生危險。<br />\r\n<br />', 950, 1, 0, 345, 3, 'others29-1.jpg', 'others29-1.jpg'),
(159, '1660619541', '甜甜圈濾杯', '甜甜圈濾杯', '網站刊載之商品僅供參考，實際商品依門市陳列實品為準。<br />\r\n<br />\r\n商品售價為建議價格，實際售價依各通路為準。<br />\r\n<br />\r\n商品銷售數量依各門市實際庫存為主。<br />\r\n<br', '濾杯直徑9xH9.5CM<br />\r\n<br />\r\n濾杯架(木)11x1CM<br />\r\n<br />\r\n\r\n高濾杯的設計，讓咖啡堆起來的厚度變高，熱水可以接觸到更多的咖啡粉。<br />\r\n<br />\r\n底部採用較大的單一圓形孔，熱水能以最自然的速度下漏，而不會囤積在底部，<br />\r\n內部分層階梯式的設計，可以使咖啡濾紙緊貼濾杯，能夠簡單沖泡出「味道香醇，喝起來爽口的好咖啡」。 <br />\r\n<br />', 1600, 1, 0, 31, 3, 'others30-1.jpg', 'others30-1.jpg,others30-2.jpg'),
(160, '1660620042', 'TOFFY櫻嫣粉電水壺', 'TOFFY櫻嫣粉電水壺', '網站刊載之商品僅供參考，實際商品依門市陳列實品為準。<br /><br />\r\n商品售價為建議價格，實際售價依各通路為準。<br /><br />\r\n商品銷售數量依各門市實際庫存為主。<br /><br />\r\n商品上市首日，每位顧客每次結帳限購乙個，如有額外需求需重新排隊；隔日起不再限制。<br /><br />', '最大容量800ml<br /><br />\r\n淨重：約570g(不含加熱底座)<br /><br />\r\n材質：PP聚丙烯<br /><br />\r\nCNS304不鏽鋼<br /><br />\r\n原產地：中國<br /><br />\r\n<br />\r\n使用前請詳細閱讀說明書，並在閱讀完畢後，妥善保管<br /><br />\r\n請勿將主機浸水清洗，以避免產品故障<br /><br />\r\n請勿自行拆解器，以免危險<br /><br />\r\n請使用110V交流電壓<br /><br />\r\n產品使用後，請立即移除插頭<br /><br />', 2180, 1, 0, 432, 3, 'others31-1.jpg', 'others31-1.jpg,others31-2.jpg'),
(161, '1660622148', '星空藍山形玻璃壺', '星空藍山形玻璃壺', '網站刊載之商品僅供參考，實際商品依門市陳列實品為準。<br /><br />\r\n商品售價為建議價格，實際售價依各通路為準。<br /><br />\r\n商品銷售數量依各門市實際庫存為主。<br /><br />\r\n商品上市首日，每位顧客每次結帳限購乙個，如有額外需求需重新排隊；隔日起不再限制。<br /><br />', '容量: 570毫升<br /><br />\r\n材質：硼矽玻璃<br /><br />\r\n耐熱溫度：95度C<br /><br />\r\n原產地：中國<br /><br />\r\n注意事項：<br /><br />\r\n1.單層玻璃壺沒有隔熱設計，盛裝熱飲時，請勿直接握拿壺身，請小心飲用，避免燙傷。<br /><br />\r\n2.本商品不適用於微波爐、洗(烘)碗機、烤箱，並請勿放入冷凍庫及浸泡於水中。<br /><br />\r\n3.請手洗，並請使用中性清洗劑與海綿清洗，請勿使用菜瓜布或鋼刷等尖銳物品。<br /><br />\r\n4.放入冰塊前，請先倒入部分飲品後，再輕柔的倒入冰塊，避免破損。<br /><br />\r\n5.請勿使用不鏽鋼湯匙與堅硬的攪拌棒敲擊玻璃壺，避免造成裂損，如有裂痕或缺角請勿再使用，以免割傷。<br /><br />\r\n6.急遽溫度變化可能導致商品破損，請避免。<br /><br />\r\n7.本商品為易碎品，請勿讓孩童單獨使用，以確保使用安全。<br /><br />\r\n8.本商品為易碎品，請勿相互堆疊，特別是在清潔前後的存放與收納時，建議搭配杯墊，增加防護。<br /><br />\r\n9.請勿使用於動態的情境中，包含移動的交通載具，騎乘機慢車等，避免商品因破裂(損)而造成危險。<br /><br />\r\n10.因工藝限制可能會有微小的氣泡，此為玻璃自然現象不影響品質，每個商品漸層效果會有些微差異，屬正常。<br /><br />\r\n11.請注意本商品外觀 花紙與漸層效果可能因為日常習慣等人為因素(包含使用護手霜與含有酒精的消毒清潔品的使用接觸等)，會日漸造成表面軟化，以致發生脫落或產生刮痕等狀況，皆屬正常，請小心使用。<br />', 780, 1, 0, 300, 3, 'others32-1.jpg', 'others32-1.jpg,others32-2.jpg'),
(162, '1660629090', '心動粉山形玻璃壺', '心動粉山形玻璃壺', '網站刊載之商品僅供參考，實際商品依門市陳列實品為準。<br /><br />\r\n商品售價為建議價格，實際售價依各通路為準。<br /><br />\r\n商品銷售數量依各門市實際庫存為主。<br /><br />\r\n商品上市首日，每位顧客每次結帳限購乙個，如有額外需求需重新排隊；隔日起不再限制。<br /><br />', '容量: 570毫升<br /><br />\r\n材質：硼矽玻璃<br /><br />\r\n耐熱溫度：95度C<br /><br />\r\n原產地：中國<br /><br />\r\n注意事項：<br /><br />\r\n1.單層玻璃壺沒有隔熱設計，盛裝熱飲時，請勿直接握拿壺身，請小心飲用，避免燙傷。<br /><br />\r\n2.本商品不適用於微波爐、洗(烘)碗機、烤箱，並請勿放入冷凍庫及浸泡於水中。<br /><br />\r\n3.請手洗，並請使用中性清洗劑與海綿清洗，請勿使用菜瓜布或鋼刷等尖銳物品。<br /><br />\r\n4.放入冰塊前，請先倒入部分飲品後，再輕柔的倒入冰塊，避免破損。<br /><br />\r\n5.請勿使用不鏽鋼湯匙與堅硬的攪拌棒敲擊玻璃壺，避免造成裂損，如有裂痕或缺角請勿再使用，以免割傷。<br /><br />\r\n6.急遽溫度變化可能導致商品破損，請避免。<br /><br />\r\n7.本商品為易碎品，請勿讓孩童單獨使用，以確保使用安全。<br /><br />\r\n8.本商品為易碎品，請勿相互堆疊，特別是在清潔前後的存放與收納時，建議搭配杯墊，增加防護。<br /><br />\r\n9.請勿使用於動態的情境中，包含移動的交通載具，騎乘機慢車等，避免商品因破裂(損)而造成危險。<br /><br />\r\n10.因工藝限制可能會有微小的氣泡，此為玻璃自然現象不影響品質，每個商品漸層效果會有些微差異，屬正常。<br /><br />\r\n11.請注意本商品外觀 花紙與漸層效果可能因為日常習慣等人為因素(包含使用護手霜與含有酒精的消毒清潔品的使用接觸等)，會日漸造成表面軟化，以致發生脫落或產生刮痕等狀況，皆屬正常，請小心使用。<br /><br />', 780, 1, 0, 245, 3, 'others33-1.jpg', 'others33-1.jpg,others33-2.jpg'),
(163, '1660629280', 'VHSN白600ml保溫壺', 'VHSN白600ml保溫壺', '特色 :<br /><br />\r\n1.真空斷熱構造，防止冷熱溫度的流失。沸騰水放置1小時後依然有86℃<br />\r\n2.上蓋可完全拆卸清洗，不怕留垢<br />\r\n3.只要按壓卡準，就能輕鬆拆裝<br />\r\n4.把手符合人體工學，輕巧好傾倒<br />\r\n5.附贈調節墊片(三款)，可調節出水量<br />\r\n<br />\r\n<br />\r\n網站刊載之商品僅供參考，實際商品依門市陳列實品為準。<br /><br />\r\n商品售價為建議價格，實際售價依各通路為準。<br /><br />\r\n商品銷售數量依各門市實際庫存為主。<br /><br />\r\n商品上市首日，每位顧客每次結帳限購乙個，如有額外需求需重新排隊；隔日起不再限制。<br /><br />', '容量: 600毫升<br /><br />\r\n材質：壺蓋-PP聚丙烯、矽膠、丙烯腈-丁二烯-苯乙烯塑膠(ABS)、壺身-JIS SUS304不鏽鋼<br /><br />\r\n耐熱溫度：100℃<br /><br />\r\n原產地：中國<br /><br />\r\n注意事項：<br /><br />\r\n1.請用海綿及中性洗滌劑清洗晾乾<br /><br />\r\n2.如商品有裂痕請勿再使用，以免破裂產生危險<br /><br />\r\n3.使用前請先詳閱說明書，並妥善保管<br /><br />', 1800, 1, 0, 345, 3, 'others34-1.jpg', 'others34-1.jpg,others34-2.jpg,others34-3.jpg'),
(164, '1660629429', 'VHSN黑800ml保溫壺', 'VHSN黑800ml保溫壺', '特色 :<br /><br />\r\n1.真空斷熱構造，防止冷熱溫度的流失。沸騰水放置1小時後依然有86℃<br /><br />\r\n2.上蓋可完全拆卸清洗，不怕留垢<br /><br />\r\n3.只要按壓卡準，就能輕鬆拆裝<br /><br />\r\n4.把手符合人體工學，輕巧好傾倒<br /><br />\r\n5.附贈調節墊片(三款)，可調節出水量<br /><br />\r\n<br />\r\n網站刊載之商品僅供參考，實際商品依門市陳列實品為準。<br /><br />\r\n商品售價為建議價格，實際售價依各通路為準。<br /><br />\r\n商品銷售數量依各門市實際庫存為主。<br /><br />\r\n商品上市首日，每位顧客每次結帳限購乙個，如有額外需求需重新排隊；隔日起不再限制。<br /><br />', '容量: 800毫升<br /><br />\r\n<br /><br />\r\n材質：壺蓋-PP聚丙烯、矽膠、丙烯腈-丁二烯-苯乙烯塑膠(ABS)、壺身-JIS SUS304不鏽鋼<br /><br />\r\n耐熱溫度：100℃<br /><br />\r\n原產地：中國<br /><br />\r\n<br />\r\n注意事項：<br /><br />\r\n1.請用海綿及中性洗滌劑清洗晾乾<br /><br />\r\n2.如商品有裂痕請勿再使用，以免破裂產生危險<br /><br />\r\n3.使用前請先詳閱說明書，並妥善保管<br /><br />', 2000, 1, 0, 342, 3, 'others35-1.jpg', 'others35-1.jpg,others35-2.jpg,others35-3.jpg'),
(165, '1660631567', '星光熠熠玻璃杯壺組', '星光熠熠玻璃杯壺組', '網站刊載之商品僅供參考，實際商品依門市陳列實品為準。<br /><br />\r\n商品售價為建議價格，實際售價依各通路為準。<br /><br />\r\n商品銷售數量依各門市實際庫存為主。<br /><br />\r\n商品上市首日，每位顧客每次結帳限購乙個，如有額外需求需重新排隊；隔日起不再限制。<br /><br />', '容量 : 壺-798毫升、杯-177毫升<br /><br />\r\n禮盒尺寸 : 29.7cm x 21.6cm x 13.1cm<br /><br />\r\n材質 : 玻璃壺、玻璃杯-硼矽玻璃<br /><br />\r\n原產地 : 中國<br /><br />\r\n耐熱溫度 : 95度C<br /><br />\r\n<br />\r\n本商品為單層玻璃壺及單層玻璃杯，無防燙設計。<br /><br />\r\n盛裝熱飲時，請小心飲用，避免燙傷。<br /><br />\r\n急遽溫度變化可能導致商品破損，請避免。<br /><br />\r\n本商品不適用於微波爐、洗(烘)碗機、烤箱，並請勿放入冷凍庫中。<br /><br />\r\n請用手洗，並請使用中性清洗劑與海綿清洗，請勿使用菜瓜布或鋼刷等尖銳物。<br /><br />\r\n玻璃製品請勿直接注入高溫液體，產生瞬間溫差易導致破裂。<br /><br />\r\n玻璃部分為耐熱玻璃，非強化玻璃，清洗時請輕托壼身，並小心碰撞，以免玻璃破裂造成傷害。<br /><br />\r\n請先倒入部分飲品後，再輕柔的倒入冰塊，避免破損。<br /><br />\r\n請避免使用不鏽鋼湯匙與堅硬的攪拌棒敲擊玻璃杯，避免造成裂損，如有裂痕或缺角請勿使用以免割傷。<br /><br />\r\n本商品為易碎品，請勿讓孩童單獨使用，以確保使用安全。<br /><br />\r\n請注意本商品外觀絲印可能因為日常習慣等人為因素(包含使用護手霜與含有酒精的消毒清潔品的使用接觸等)，會日漸造成表面軟化，以致發生脫落等狀況。<br /><br />\r\n本商品相關零配件(包含杯子)，恕無法單獨銷售或免費提供。<br /><br />', 1280, 1, 0, 351, 3, 'others36-1.jpg', 'others36-1.jpg,others36-2.jpg,others36-3.jpg'),
(166, '1660631940', '紅帽圍巾熊茶壺', '紅帽圍巾熊茶壺', '網站刊載之商品僅供參考，實際商品依門市陳列實品為準。<br /><br />\r\n商品售價為建議價格，實際售價依各通路為準。<br /><br />\r\n商品銷售數量依各門市實際庫存為主。<br /><br />\r\n商品上市首日，每位顧客每次結帳限購乙個，如有額外需求需重新排隊；隔日起不再限制。<br /><br />', '容量: 591毫升<br /><br />\r\n材質: 新骨瓷、AISI 304不鏽鋼濾網<br /><br />\r\n原產地: 中國<br /><br />\r\n<br />\r\n不適用於微波爐、洗碗機、烘碗機、烤箱、蒸烤箱、冷凍庫，請用手洗；盛裝熱飲時，請小心飲用，避免燙傷。<br /><br />\r\n壺蓋與不鏽鋼濾網無法單獨購買或免費提供。<br /><br />', 800, 1, 0, 321, 3, 'others37-1.jpg', 'others37-1.jpg,others37-2.jpg,others37-3.jpg'),
(167, '1660632142', 'TOFFY櫻嫣粉咖啡機', 'TOFFY櫻嫣粉咖啡機', '網站刊載之商品僅供參考，實際商品依門市陳列實品為準。<br /><br />\r\n商品售價為建議價格，實際售價依各通路為準。<br /><br />\r\n商品銷售數量依各門市實際庫存為主。<br /><br />\r\n商品上市首日，每位顧客每次結帳限購乙個，如有額外需求需重新排隊；隔日起不再限制。<br /><br />', '水箱容量：650ml<br /><br />\r\n淨重：約1,500g<br /><br />\r\n材質：PP聚丙烯、高硼矽玻璃<br /><br />\r\n玻璃壺-耐熱溫度100℃<br /><br />\r\n原產地：中國<br /><br />\r\n<br />\r\n使用前請詳細閱讀說明書，並在閱讀完畢後，妥善保管<br /><br />\r\n請勿將主機浸水清洗，以避免產品故障<br /><br />\r\n請勿自行拆解器，以免危險<br /><br />\r\n請使用110V交流電壓<br /><br />\r\n產品使用後，請立即移除插頭<br /><br />', 2180, 1, 0, 244, 3, 'others38-1.jpg', 'others38-1.jpg,others38-2.jpg'),
(168, '1660632776', '香草白花灑萃取咖啡機', '香草白花灑萃取咖啡機', '特色 :<br /><br />\r\n1.仿手沖悶蒸沖泡方式<br /><br />\r\n2.20分鐘保溫功能<br /><br />\r\n3.體積輕巧方便收納<br /><br />\r\n4.也可以當手沖濾杯使用<br /><br />\r\n<br />\r\n網站刊載之商品僅供參考，實際商品依門市陳列實品為準。<br /><br />\r\n商品售價為建議價格，實際售價依各通路為準。<br /><br />\r\n商品銷售數量依各門市實際庫存為主。<br /><br />\r\n商品上市首日，每位顧客每次結帳限購乙個，如有額外需求需重新排隊；隔日起不再限制。<br /><br />', '容量: 480ml<br /><br />\r\n材質：機體/濾杯-聚丙烯、壺-硼砂耐熱玻璃、水箱-苯乙烯-丙烯腈塑膠(SAN)<br /><br />\r\n耐熱溫度：100度C<br /><br />\r\n原產地：中國<br /><br />\r\n注意事項：<br /><br />\r\n1.請勿將主機浸水清洗，以避免商品故障<br /><br />\r\n2.請勿倒入熱水濾煮，以避免商品故障<br /><br />\r\n3.限使用110V電壓，請勿於國外使用，以避免商品故障<br /><br />\r\n4.商品使用前後請注意安全，金屬及本體使用後溫度高請勿觸摸，以避免受傷<br /><br />\r\n5.請搭配2至4杯份濾紙使用。<br /><br />\r\n6.使用前請先詳閱說明書，並妥善保管<br /><br />', 2180, 1, 0, 312, 3, 'others39-1.jpg', 'others39-1.jpg,others39-2.jpg,others39-3.jpg,others39-4.jpg'),
(169, '1660632928', '磨砂灰個人美式咖啡機', '磨砂灰個人美式咖啡機', '特色說明：<br /><br />\r\n●日本設計，適合小家庭和單身客層使用<br /><br />\r\n● 附屬的金屬濾網(免濾紙)，可重複清洗使用<br /><br />\r\n● 一體式水箱設計，簡易操作、方便清洗<br /><br />\r\n<br />\r\n網站刊載之商品僅供參考，實際商品依門市陳列實品為準。<br /><br />\r\n商品售價為建議價格，實際售價依各通路為準。<br /><br />\r\n商品銷售數量依各門市實際庫存為主。<br /><br />\r\n商品上市首日，每位顧客每次結帳限購乙個，如有額外需求需重新排隊；隔日起不再限制。<br /><br />', '材質：<br /><br />\r\n機身-丙烯腈-丁二烯-苯乙烯共聚物(ABS)、<br /><br />\r\n水槽-聚對苯二甲酸乙二醇酯-1,4-環己烷二甲醇酯(PCTG)、<br /><br />\r\n上蓋-聚丙烯(PP)、<br /><br />\r\n雙層玻璃杯-硼砂耐熱玻璃<br /><br />\r\n水箱容量：約200ml<br /><br />\r\n耐熱溫度：100度C<br /><br />\r\n原產地：中國<br /><br />\r\n<br />\r\n注意事項：<br /><br />\r\n1、請勿將主機浸水清洗，以避免商品故障。<br /><br />\r\n2、請勿倒入熱水濾煮，以避免商品故障。<br /><br />\r\n3、限使用110V電壓，請勿於國外使用，以避免商品故障。<br /><br />\r\n4、商品使用前後請注意安全，金屬及本體使用後溫度高請勿觸摸，以避免受傷。<br /><br />\r\n5、請勿放入過多咖啡粉，以免溢出影響咖啡機功能<br /><br />\r\n6、使用前請先詳閱說明書，並妥善保管。<br /><br />', 1980, 1, 0, 214, 3, 'others40-1.jpg', 'others40-1.jpg,others40-2.jpg,others40-3.jpg'),
(170, '1660633024', 'TOFFY曜石黑咖啡機', 'TOFFY曜石黑咖啡機', '網站刊載之商品僅供參考，實際商品依門市陳列實品為準。<br /><br />\r\n商品售價為建議價格，實際售價依各通路為準。<br /><br />\r\n商品銷售數量依各門市實際庫存為主。<br /><br />\r\n商品上市首日，每位顧客每次結帳限購乙個，如有額外需求需重新排隊；隔日起不再限制。<br /><br />', '水箱容量 : 650ml<br /><br />\r\n淨重 : 約1,500g<br /><br />\r\n材質：PP聚丙烯、高硼矽玻璃<br /><br />\r\n原產地：中國<br /><br />\r\n<br />\r\n使用前請詳細閱讀說明書，並在閱讀完畢後，妥善保管<br /><br />\r\n請勿將主機浸水清洗，以避免產品故障<br /><br />\r\n請勿自行拆解器，以免危險<br /><br />\r\n請使用110V交流電壓<br /><br />\r\n產品使用後，請立即移除插頭<br /><br />', 2180, 1, 0, 120, 3, 'others40-1.jpg', 'others40-1.jpg,others40-2.jpg'),
(171, '1660633120', 'TOFFY板岩綠咖啡機', 'TOFFY板岩綠咖啡機', '網站刊載之商品僅供參考，實際商品依門市陳列實品為準。<br /><br />\r\n商品售價為建議價格，實際售價依各通路為準。<br /><br />\r\n商品銷售數量依各門市實際庫存為主。<br /><br />\r\n商品上市首日，每位顧客每次結帳限購乙個，如有額外需求需重新排隊；隔日起不再限制。<br /><br />', '水箱容量 : 650ml<br /><br />\r\n淨重 : 約1,500g<br /><br />\r\n材質：PP聚丙烯、高硼矽玻璃<br /><br />\r\n產地：中國<br /><br />\r\n<br />\r\n*使用前請詳細閱讀說明書，並在閱讀完畢後，妥善保管<br /><br />\r\n*請勿將主機浸水清洗，以避免產品故障<br /><br />\r\n*請勿自行拆解器，以免危險<br /><br />\r\n*請使用110V交流電壓<br /><br />\r\n*產品使用後，請立即移除插頭<br /><br />', 2180, 1, 0, 312, 3, 'others42-1.jpg', 'others42-1.jpg,others42-2.jpg'),
(172, '1660717761', '中秋限定『0+B精選掛耳禮盒』', '中秋限定推出  精美禮盒', '三種風味一次滿足對咖啡風味的不同喜好<br />\r\n<br />\r\n黑巧可可 ＃核果＃黑巧克力<br />\r\n油脂厚實，入口後濃郁甘醇的黑巧克力氣味充滿口中，絲滑口感中可以感受到核果的獨特香味<br />\r\n<br />\r\n莓果花香＃莓果＃花香＃柑橘<br />\r\n芬芳花香撲鼻，酸質明亮帶清新甜感，莓果的強烈水果香氣，讓你一喝就不會忘<br />\r\n<br />\r\n醇厚精選＃可可韻味＃奶油 ＃草本<br />\r\n經典義式香氣，富含可可韻味、奶油般的滑順口感，尾韻略帶草本回甘，適合喜歡中性調咖啡的人<br />', '內含精選掛耳*16入<br />\r\n<br />\r\n黑巧可可 *6、莓果花香*5、醇厚精選*5<br />\r\n<br />', 519, 1, 0, 312, 4, 'box7-1.jpg', 'box7-1.jpg'),
(173, '1660717822', '中秋限定『0+B精選掛耳禮雙份盒』', '中秋限定推出  精美禮盒', '三種風味一次滿足對咖啡風味的不同喜好<br />\r\n<br />\r\n黑巧可可 ＃核果＃黑巧克力<br />\r\n油脂厚實，入口後濃郁甘醇的黑巧克力氣味充滿口中，絲滑口感中可以感受到核果的獨特香味<br />\r\n<br />\r\n莓果花香＃莓果＃花香＃柑橘<br />\r\n芬芳花香撲鼻，酸質明亮帶清新甜感，莓果的強烈水果香氣，讓你一喝就不會忘<br />\r\n<br />\r\n醇厚精選＃可可韻味＃奶油 ＃草本<br />\r\n經典義式香氣，富含可可韻味、奶油般的滑順口感，尾韻略帶草本回甘，適合喜歡中性調咖啡的人<br />', '內含精選掛耳*32入<br />\r\n<br />\r\n黑巧可可 *12、莓果花香*10、醇厚精選*10<br />\r\n<br />', 1028, 1, 0, 302, 4, 'box7-1.jpg', 'box7-1.jpg'),
(174, '1660721046', 'Coffee House 不鏽鋼金屬豆匙(銀色)', 'Coffee House 不鏽鋼金屬豆匙(銀色)', '金屬色澤的長柄豆匙<br /><br />\r\n約可容納12-15的豆子<br /><br />\r\n1-2人份的咖啡剛剛好<br /><br />\r\n平底設計，正好充當臨時的填壓器。<br /><br />\r\n細扁的長柄，是搭配密封罐的矽膠收納圈使用。<br /><br />', '顏色：銀色<br /><br />\r\n尺寸：17cm x 直徑4.5cm<br /><br />\r\n材質：不鏽鋼<br /><br />\r\n容量：12-15g<br /><br />', 250, 1, 0, 23, 3, 'others43-1.jpg', 'others43-1.jpg,others43-2.jpg'),
(175, '1660721047', 'Coffee House 不鏽鋼金屬豆匙(金色)', 'Coffee House 不鏽鋼金屬豆匙(金色)', '金屬色澤的長柄豆匙<br /><br />\r\n約可容納12-15的豆子<br /><br />\r\n1-2人份的咖啡剛剛好<br /><br />\r\n平底設計，正好充當臨時的填壓器。<br /><br />\r\n細扁的長柄，是搭配密封罐的矽膠收納圈使用。<br /><br />', '顏色：金色<br /><br />\r\n尺寸：17cm x 直徑4.5cm<br /><br />\r\n材質：不鏽鋼<br /><br />\r\n容量：12-15g<br /><br />', 350, 1, 0, 32, 3, 'others43-1.jpg', 'others43-1.jpg,others43-2.jpg'),
(176, '1660721048', 'Coffee House 不鏽鋼金屬豆匙(玫瑰金)', 'Coffee House 不鏽鋼金屬豆匙(玫瑰金)', '金屬色澤的長柄豆匙<br /><br />\r\n約可容納12-15的豆子<br /><br />\r\n1-2人份的咖啡剛剛好<br /><br />\r\n平底設計，正好充當臨時的填壓器。<br /><br />\r\n細扁的長柄，是搭配密封罐的矽膠收納圈使用。<br /><br />', '顏色：玫瑰金<br /><br />\r\n尺寸：17cm x 直徑4.5cm<br /><br />\r\n材質：不鏽鋼<br /><br />\r\n容量：12-15g<br /><br />', 350, 1, 0, 231, 3, 'others43-1.jpg', 'others43-1.jpg,others43-2.jpg'),
(177, '1660721049', 'Coffee House 不鏽鋼金屬豆匙(黑色)', 'Coffee House 不鏽鋼金屬豆匙(黑色)', '金屬色澤的長柄豆匙<br /><br />\r\n約可容納12-15的豆子<br /><br />\r\n1-2人份的咖啡剛剛好<br /><br />\r\n平底設計，正好充當臨時的填壓器。<br /><br />\r\n細扁的長柄，是搭配密封罐的矽膠收納圈使用。<br /><br />', '顏色：玫瑰金<br /><br />\r\n尺寸：17cm x 直徑4.5cm<br /><br />\r\n材質：不鏽鋼<br /><br />\r\n容量：12-15g<br /><br />', 380, 1, 0, 321, 3, 'others43-1.jpg', 'others43-1.jpg,others43-2.jpg'),
(178, '1660721264', 'HARIO V60專用電子秤2代 VSTN-2000B', 'HARIO V60專用電子秤2代 VSTN-2000B', '1.採用地域設定功能。國家不同,會多少影響測量重量的變化，將每次咖啡萃取時,克度、度量提升到最精準。<br /><br />\r\n2.V60電子秤畫面角度精選設計,側面斜角目測也能一目了然。<br /><br />\r\n3.提高防水功能,貼膠膜強化,避免沖煮咖啡時不慎打翻咖啡時的故障·(無法全面防水)<br /><br />\r\n4.底座止滑矽膠防墊。可計算重量和時間兩種<br /><br />', '產品尺寸: 長120×寬190×高29 mm<br /><br />\n容量: 計量範圍 2~2000 g/ <br /><br />\n計測時間 99分59秒<br /><br />\n重量:（包括盒子） 400 g<br /><br />\n材質: ABS樹脂<br /><br />\n原產國: 中國製造<br /><br />', 1700, 1, 0, 31, 3, 'others44-1.jpg', 'others44-1.jpg'),
(179, '1660721513', 'Kalita 漂白圓波紋濾紙 #185 50入一盒', 'Kalita 漂白蛋糕濾紙 50入', 'Kalita 漂白蛋糕濾紙 50入<br /><br /><br /><br />', '產品尺寸	長111×寬111×高85<br /><br />\n容量	50枚入 / 2-4人用<br /><br />\n重量	107g<br /><br />\n材質	紙<br /><br />\n原產國	日本製造<br /><br />', 130, 1, 0, 3421, 3, 'others45-1.jpg', 'others45-1.jpg'),
(180, '1660721513', 'Kalita 漂白圓波紋濾紙 #155 50入一盒', 'Kalita 漂白蛋糕濾紙 50入', 'Kalita 漂白蛋糕濾紙 50入<br /><br /><br />', '產品尺寸	長111×寬111×高85<br /><br />\n容量	50枚入 / 2-4人用<br /><br />\n重量	107g<br /><br />\n材質	紙<br /><br />\n原產國	日本製造<br /><br />', 120, 1, 0, 312, 3, 'others46-1.jpg', 'others46-1.jpg'),
(181, '1660721743', 'Kalita 梯形濾紙 03 無漂白 100入', 'Kalita 梯形濾紙 03 無漂白 100入', '無漂白梯形濾紙<br /><br />\r\nKalita 梯形濾紙 03(4~7人用)<br /><br />', '產品尺寸：長280×寬45×高130<br /><br />\r\n容量：100枚入 / 4-7人用<br /><br />\r\n重量：162g<br /><br />\r\n材質：紙<br /><br />\r\n原產國：日本製造<br /><br />', 160, 1, 0, 321, 3, 'others47-1.jpg', 'others47-1.jpg'),
(182, '1660722089', 'Earth 電子式快顯溫度計 加贈透明黑色保護套', 'Earth 電子式快顯溫度計 加贈透明黑色保護套', '使用範圍廣泛，可用於咖啡、茶以及烘焙製作<br /><br />\r\n快速顯示的大螢幕LCD面板<br /><br />\r\n攝氏與華氏單鍵切換<br /><br />', '尺寸：長13.5cm<br /><br />\r\n適用範圍：-45至200°C<br /><br />\r\n電池規格：L1154F鈕扣電池內含：探針保護管套、杯緣夾、電池一顆以及透明黑色矽膠保護套注意事項- 探針尖端請與容器底部保持一公分的距離。<br />\r\n- 建議套上保護套後再使用，以避免水蒸氣由電池孔滲入。<br /><br />', 750, 1, 0, 312, 3, 'others48-1.jpg', 'others48-1.jpg,others48-2.jpg'),
(183, '1660722308', 'Hario V60 經典 01 咖啡壺', 'Hario V60 經典 01 咖啡壺', '1.日本HARIO原裝進口<br /><br />\r\n2.耐熱玻璃耐熱溫度差350℃<br /><br />\r\n3.日本HARIO原裝進口<br /><br />\r\n4.壺身耐熱玻璃製可耐熱溫度 120℃<br /><br />\r\n5.可微波加熱<br /><br />', '產品尺寸	長130×寬107×高106 口徑85 mm<br /><br />\r\n容量	360ML 1~3杯<br /><br />\r\n重量	300g（包括盒子）<br /><br />\r\n材質	本體:耐熱玻璃 上蓋.把手:PP<br /><br />\r\n原產國	日本製造<br /><br />', 360, 1, 0, 321, 3, 'others49-1.jpg', 'others49-1.jpg'),
(184, '1660722309', 'Hario V60 經典 02 咖啡壺', 'Hario V60 經典 02 咖啡壺', '1.日本HARIO原裝進口<br /><br />\r\n2.耐熱玻璃耐熱溫度差350℃<br /><br />\r\n3.日本HARIO原裝進口<br /><br />\r\n4.壺身耐熱玻璃製可耐熱溫度 120℃<br /><br />\r\n5.可微波加熱<br /><br />', '產品尺寸	長137×寬121×高128 口徑85 mm<br /><br />\r\n容量	600ML 2~5杯<br /><br />\r\n重量	300g（包括盒子）<br /><br />\r\n材質	本體:耐熱玻璃 上蓋.把手:PP<br /><br />\r\n原產國	日本製造<br /><br />', 400, 1, 0, 132, 3, 'others50-1.jpg', 'others50-1.jpg'),
(185, '1660722737', 'HARIO V60戶外用金屬咖啡壺', 'V60戶外用金屬咖啡壺', 'V60戶外用金屬咖啡壺<br /><br />\r\n在家或在戶外，都能講究咖啡的美味。<br /><br />\r\n為了露營玩家們所研發的全新『不鏽鋼戶外露營系列』<br /><br />\r\n可直接直火加熱！三角造型設計讓香味不易散發。<br /><br />', '產品尺寸: 幅 170× 深 126× 高 120mm 口徑 78mmΦ<br /><br />\r\n容量:實用容量 500mL<br /><br />\r\n重量（包括盒子）: 400 g<br /><br />\r\n材質: 不鏽鋼<br /><br />\r\n原產國: 中國製造<br /><br />', 1350, 1, 0, 214, 3, 'others51-1.jpg', 'others51-1.jpg'),
(186, '1660723030', 'Minos 600ml 有蓋手沖壺(黑木紋)', 'Minos 600ml 有蓋手沖壺(黑木紋)', '附壺蓋，確保溫度不會降低太快。<br /><br />\r\n壺蓋的把手，可輕鬆轉下插入溫度計使用。<br /><br />\r\n適中的容量，掛耳包或是多人份手沖咖啡，<br /><br />\r\n都有充足的水量。<br /><br />', '材質：304不鏽鋼<br /><br />\r\n容量：600ml<br /><br />\r\n尺寸：直徑9cm x 高12cm (不含蓋子)<br /><br />\r\n建議不要直火加熱。<br /><br />\r\n清洗請使用中性洗碗精和軟海綿。<br /><br />', 1480, 1, 0, 321, 3, 'others52-1.jpg', 'others52-1.jpg'),
(187, '1660723031', 'Minos 600ml 有蓋手沖壺(白木紋)', 'Minos 600ml 有蓋手沖壺(白木紋)', '附壺蓋，確保溫度不會降低太快。<br /><br />\r\n壺蓋的把手，可輕鬆轉下插入溫度計使用。<br /><br />\r\n適中的容量，掛耳包或是多人份手沖咖啡，<br /><br />\r\n都有充足的水量。<br /><br />', '材質：304不鏽鋼<br /><br />\r\n容量：600ml<br /><br />\r\n尺寸：直徑9cm x 高12cm (不含蓋子)<br /><br />\r\n建議不要直火加熱。<br /><br />\r\n清洗請使用中性洗碗精和軟海綿。<br /><br />', 1480, 1, 0, 154, 3, 'others53-1.jpg', 'others53-1.jpg'),
(188, '1660723032', 'Minos 600ml 有蓋手沖壺(綠迷彩)', 'Minos 600ml 有蓋手沖壺(綠迷彩)', '附壺蓋，確保溫度不會降低太快。<br /><br />\r\n壺蓋的把手，可輕鬆轉下插入溫度計使用。<br /><br />\r\n適中的容量，掛耳包或是多人份手沖咖啡，<br /><br />\r\n都有充足的水量。<br /><br />', '材質：304不鏽鋼<br /><br />\r\n容量：600ml<br /><br />\r\n尺寸：直徑9cm x 高12cm (不含蓋子)<br /><br />\r\n建議不要直火加熱。<br /><br />\r\n清洗請使用中性洗碗精和軟海綿。<br /><br />', 1480, 1, 0, 31, 3, 'others54-1.jpg', 'others54-1.jpg'),
(189, '1660723668', 'HARIO x I RO SE 聯名款 黑色皮革編織杯 日本製', 'HARIO x I RO SE 聯名款 黑色皮革編織杯 日本製', '「i ro se」是來自日本由兄弟檔設計師\r\n高橋源與高橋大，在2003年設立的包包配件品牌。<br /><br />\r\n「i ro se イロセ」 日本的古語裡是「兄弟」的意思，也是「色彩」的語源。<br /><br />\r\n品牌概念：<br /><br />\r\n強調材料的本質，每個作品都能歷久彌新，<br /><br />\r\n看似簡單卻深具實用的設計，<br /><br />\r\n每一件單品都不會被流行所替代，是能一直被使用的生活好物。<br /><br />', '產品尺寸：長87×寬87×高100 mm<br /><br />\r\n容量：300ml<br /><br />\r\n重量：350 g<br /><br />\r\n材質：牛皮、耐熱玻璃、黃銅鍍鎳<br /><br />\r\n原產國：日本製造<br /><br />', 325, 1, 0, 123, 3, 'others55-1.jpg', 'others55-1.jpg'),
(190, '1660723669', 'HARIO x I RO SE 聯名款 黑色皮革編織茶壺 日本製', 'HARIO x I RO SE 聯名款 黑色皮革編織茶壺 日本製', '「i ro se」是來自日本由兄弟檔設計師\r\n高橋源與高橋大，在2003年設立的包包配件品牌。<br /><br />\r\n「i ro se イロセ」 日本的古語裡是「兄弟」的意思，也是「色彩」的語源。<br /><br />\r\n品牌概念：<br /><br />\r\n強調材料的本質，每個作品都能歷久彌新，<br /><br />\r\n看似簡單卻深具實用的設計，<br /><br />\r\n每一件單品都不會被流行所替代，是能一直被使用的生活好物。<br /><br />', '產品尺寸：長110×寬110×高154 mm<br /><br />\r\n容量：450ml<br /><br />\r\n重量：500 g<br /><br />\r\n材質：牛皮、耐熱玻璃、黃銅鍍鎳<br /><br />\r\n原產國：日本製造<br /><br />', 650, 1, 0, 134, 3, 'others56-1.jpg', 'others56-1.jpg'),
(191, '1660723670', 'HARIO x I RO SE 聯名款 駝色皮革編織出茶壺 日本製', 'HARIO x I RO SE 聯名款 駝色皮革編織出茶壺 日本製', '「i ro se」是來自日本由兄弟檔設計師\r\n高橋源與高橋大，在2003年設立的包包配件品牌。<br /><br />\r\n「i ro se イロセ」 日本的古語裡是「兄弟」的意思，也是「色彩」的語源。<br /><br />\r\n品牌概念：<br /><br />\r\n強調材料的本質，每個作品都能歷久彌新，<br /><br />\r\n看似簡單卻深具實用的設計，<br /><br />\r\n每一件單品都不會被流行所替代，是能一直被使用的生活好物。<br /><br />', '產品尺寸：長110×寬110×高154 mm<br /><br />\r\n容量：450ml<br /><br />\r\n重量：500 g<br /><br />\r\n材質：牛皮、耐熱玻璃、黃銅鍍鎳<br /><br />\r\n原產國：日本製造<br /><br />', 650, 1, 0, 111, 3, 'others57-1.jpg', 'others57-1.jpg'),
(192, '1660723671', 'HARIO x I RO SE 聯名款 黑色皮革編織濾杯壺組 日本製', 'HARIO x I RO SE 聯名款 黑色皮革編織濾杯壺組 日本製', '「i ro se」是來自日本由兄弟檔設計師\r\n高橋源與高橋大，在2003年設立的包包配件品牌。<br /><br />\r\n「i ro se イロセ」 日本的古語裡是「兄弟」的意思，也是「色彩」的語源。<br /><br />\r\n品牌概念：<br /><br />\r\n強調材料的本質，每個作品都能歷久彌新，<br /><br />\r\n看似簡單卻深具實用的設計，<br /><br />\r\n每一件單品都不會被流行所替代，是能一直被使用的生活好物。<br /><br />', '產品尺寸：長120×寬120×高230 mm<br /><br />\r\n容量：700ml<br /><br />\r\n重量：700 g<br /><br />\r\n材質：牛皮、耐熱玻璃、黃銅鍍鎳<br /><br />\r\n原產國：日本製造<br /><br />', 975, 1, 0, 134, 3, 'others58-1.jpg', 'others58-1.jpg'),
(193, '1660723672', 'HARIO x I RO SE 聯名款 駝色皮革編織濾杯壺組 日本製', 'HARIO x I RO SE 聯名款 駝色皮革編織濾杯壺組 日本製', '「i ro se」是來自日本由兄弟檔設計師\r\n高橋源與高橋大，在2003年設立的包包配件品牌。<br /><br />\r\n「i ro se イロセ」 日本的古語裡是「兄弟」的意思，也是「色彩」的語源。<br /><br />\r\n品牌概念：<br /><br />\r\n強調材料的本質，每個作品都能歷久彌新，<br /><br />\r\n看似簡單卻深具實用的設計，<br /><br />\r\n每一件單品都不會被流行所替代，是能一直被使用的生活好物。<br /><br />', '產品尺寸：長120×寬120×高230 mm<br /><br />\r\n容量：700ml<br /><br />\r\n重量：700 g<br /><br />\r\n材質：牛皮、耐熱玻璃、黃銅鍍鎳<br /><br />\r\n原產國：日本製造<br /><br />', 975, 1, 0, 131, 3, 'others59-1.jpg', 'others59-1.jpg'),
(194, '1660724542', '聰明濾杯 Clever Dripper(小)', '聰明濾杯 Clever Dripper(小)', '聰明濾杯台灣精品獎設計，MIT台灣研發製造! <br /><br />\r\n最新Tritan材質不含雙酚A(BPA)不會釋出環境荷爾蒙，SGS檢驗合格。 <br /><br />\r\n可拆解設計清洗非常方便。 <br /><br />\r\n聰明的止水設計，放置杯上，咖啡即自動流入杯中。 <br /><br />\r\n濾紙：聰明濾杯專用濾紙，SGS檢驗合格。扇形濾紙。<br /><br />', '品名：Clever聰明濾杯(S) <br /><br />\r\n顏色：透明鐵灰色<br /><br />\r\n材質：美國食品級Eastman TRITAN材質，不含雙酚A(BPA Free ) <br /><br />\r\n耐溫範圍：-20℃~110℃ <br /><br />\r\n產地：台灣 <br /><br />\r\n容量：300ml <br /><br />\r\n尺寸：杯口直徑11 x高12cm <br /><br />\r\n包裝盒尺寸：12x12x高12cm ', 850, 1, 0, 134, 3, 'others60-1.jpg', 'others60-1.jpg'),
(195, '1660724543', '聰明濾杯 Clever Dripper(大)', '聰明濾杯 Clever Dripper(大)', '聰明濾杯台灣精品獎設計，MIT台灣研發製造! <br /><br />\r\n最新Tritan材質不含雙酚A(BPA)不會釋出環境荷爾蒙，SGS檢驗合格。 <br /><br />\r\n可拆解設計清洗非常方便。 <br /><br />\r\n聰明的止水設計，放置杯上，咖啡即自動流入杯中。 <br /><br />\r\n濾紙：聰明濾杯專用濾紙，SGS檢驗合格。扇形濾紙。<br /><br />', '品名：Clever聰明濾杯(L) (附滴水盤、上蓋) <br /><br />\r\n顏色：透明鐵灰色<br /><br />\r\n材質：美國食品級Eastman TRITAN材質，不含雙酚A(BPA Free ) <br /><br />\r\n耐溫範圍：-20℃~110℃ <br /><br />\r\n產地：台灣 <br /><br />\r\n容量：500ml <br /><br />\r\n尺寸：杯口直徑13 x高14.5cm <br /><br />\r\n包裝盒尺寸：14x15.5x高15cm <br /><br />', 850, 1, 0, 314, 3, 'others60-1.jpg', 'others60-1.jpg'),
(196, '1660724751', 'TAMAGO 雙層玻璃杯．附獨特設計玻璃杯蓋 (330ml)', 'TAMAGO 雙層玻璃杯．附獨特設計玻璃杯蓋 (330ml)', '榮登Mybest十大推薦玻璃杯排行榜<br /><br />\r\n玻璃杯蓋翻轉可收納濾杯讓咖啡不亂滴<br /><br />\r\n約330ml容量<br /><br />\r\n附蓋雙層玻璃杯<br /><br />\r\n隔熱不燙手<br /><br />\r\n圓滑曲線好掌握<br /><br />\r\nTAMAGO 雙層玻璃杯，如蛋形圓滑的玻璃曲線，加上隔熱不燙手的雙層玻璃杯設計，無論是品嚐咖啡或是裝其他飲品都非常的雅緻合適！<br /><br />\r\n雙層玻璃杯還附有「雙層玻璃杯蓋」，杯蓋不僅也有隔熱功能，還能加強保溫效果，且將杯蓋翻轉過來就是可收納濾杯的杯座。<br /><br />', '商品內容：雙層玻璃杯<br /><br />\r\n雙層玻璃杯尺寸：直徑88x高100mm<br /><br />\r\n雙層玻璃杯容量：330mL<br /><br />\r\n雙層玻璃杯重量：245g<br /><br />\r\n注意事項	清洗時請勿使用鋼刷、菜瓜布刷洗。<br /><br />\r\n備註：可用於家用洗碗機、烘碗機，勿放入微波爐、烤箱中。<br /><br />\r\n其他：使用前請詳細閱讀「使用說明書」<br /><br />', 1360, 1, 0, 141, 3, 'others61-1.jpg', 'others61-1.jpg'),
(197, '1660725027', 'Simple Real 轉轉真空保鮮盒 No.6 轉轉盒 (黑色)', '台灣潮濕的天氣其實對食物的保存相當不易，剛打開的零食總是在幾天後就受潮軟化，有些吃不完的食物更是容易氧化變質，為了延長食物的保鮮度，Simple Real想望咖啡這次推出\"轉轉真空保鮮盒\"，由台灣ANKOMN設計開發，以全國首創的獨特專利，並獲得【德國iF產品設計大獎】與【Reddot紅點設計大賞】。', '適合咖啡豆、麵包、餅乾、雜糧、堅果、避光食物、飼料、蔬菜等<br /><br />\r\n轉動盒蓋即可真空保存<br /><br />\r\n防潮 & 防氧化<br /><br />\r\n延長達8倍的保存時間<br /><br />\r\n一按即可開蓋<br /><br />\r\n5萬次的扭轉保證<br /><br />\r\n0.6L中等容積<br /><br />\r\n美國FDA食品安全標準<br /><br />\r\nSGS安全認證<br /><br />\r\n不含雙酚A (BPA)<br /><br />\r\n不透光材質，適合怕光食材<br /><br />', '規格：0.6 L<br /><br />\r\n尺寸：100 x 100 x 125 mm<br /><br />\r\n重量：255g<br /><br />\r\n材質：PC樹脂<br /><br />\r\n耐熱：負25℃至85℃<br /><br />\r\n製造商：ANKOMN<br /><br />\r\n產地：台灣 Made in Taiwan<br /><br />', 880, 1, 0, 42, 3, 'others62-1.jpg', 'others62-1.jpg'),
(198, '1660725028', 'Simple Real 轉轉真空保鮮盒 No.6 轉轉盒 (白色)', '台灣潮濕的天氣其實對食物的保存相當不易，剛打開的零食總是在幾天後就受潮軟化，有些吃不完的食物更是容易氧化變質，為了延長食物的保鮮度，Simple Real想望咖啡這次推出\"轉轉真空保鮮盒\"，由台灣ANKOMN設計開發，以全國首創的獨特專利，並獲得【德國iF產品設計大獎】與【Reddot紅點設計大賞】。', '適合咖啡豆、麵包、餅乾、雜糧、堅果、避光食物、飼料、蔬菜等<br /><br />\r\n轉動盒蓋即可真空保存<br /><br />\r\n防潮 & 防氧化<br /><br />\r\n延長達8倍的保存時間<br /><br />\r\n一按即可開蓋<br /><br />\r\n5萬次的扭轉保證<br /><br />\r\n0.6L中等容積<br /><br />\r\n美國FDA食品安全標準<br /><br />\r\nSGS安全認證<br /><br />\r\n不含雙酚A (BPA)<br /><br />\r\n不透光材質，適合怕光食材<br /><br />', '規格：0.6 L<br /><br />\r\n尺寸：100 x 100 x 125 mm<br /><br />\r\n重量：255g<br /><br />\r\n材質：PC樹脂<br /><br />\r\n耐熱：負25℃至85℃<br /><br />\r\n製造商：ANKOMN<br /><br />\r\n產地：台灣 Made in Taiwan<br /><br />', 880, 1, 0, 440, 3, 'others63-1.jpg', 'others63-1.jpg'),
(199, '1660725654', 'Hario V60 老岩泥 01 濾杯', '大口徑圓孔，隨著注入的熱水速度而改變咖啡的味道。快速注入開水時咖啡口味清淡，慢慢注入時口味濃厚。\r\n能把咖啡粉末堆高的圓錐形結構，使咖啡的香氣充分得到釋放。既能泡出專業水平的美味咖啡，製作起來又很簡單', '老岩泥材質<br /><br />\r\n原始樸拙親和的外表下，有著千變萬化質感，經高溫淬火，色澤呈現窯變的拙趣，渾厚質樸，隱約現出匠師們手捏的印記。<br /><br />\r\n富含礦石即石英土坯，經高溫氧化還原燒製，具類似麥飯石結構活性炭質，使水質滑順，品飲口感格外甘醇甜美。<br /><br />\r\n呈現顆粒狀的胎質，散熱慢，聚溫性比陶與瓷更勝一籌<br /><br />\r\n採用圓錐刑設計，不影響咖啡粉末的膨脹。<br /><br />\r\n大口徑圓孔，隨著注入的熱水速度而改變咖啡的味道。<br /><br />\r\n快速注入開水時咖啡口味清淡，慢慢注入時口味濃厚。<br /><br />\r\n能把咖啡粉末堆高的圓錐形結構，使咖啡的香氣充分得到釋放。<br /><br />\r\n既能泡出專業水平的美味咖啡，製作起來又很簡單<br /><br />', '產品尺寸：長119×寬100×高82 口徑95 mm<br /><br />\r\n容量：1-2杯<br /><br />\r\n重量：400g（包括盒子）<br /><br />\r\n材質：老岩泥<br /><br />\r\n原產國：台灣製造<br /><br />', 1480, 1, 0, 112, 3, 'others64-1.jpg', 'others64-1.jpg,others64-2.jpg,others64-3.jpg'),
(200, '1660725654', 'Hario V60 老岩泥 02 濾杯', '大口徑圓孔，隨著注入的熱水速度而改變咖啡的味道。快速注入開水時咖啡口味清淡，慢慢注入時口味濃厚。\r\n能把咖啡粉末堆高的圓錐形結構，使咖啡的香氣充分得到釋放。既能泡出專業水平的美味咖啡，製作起來又很簡單', '老岩泥材質<br /><br />\r\n原始樸拙親和的外表下，有著千變萬化質感，經高溫淬火，色澤呈現窯變的拙趣，渾厚質樸，隱約現出匠師們手捏的印記。<br /><br />\r\n富含礦石即石英土坯，經高溫氧化還原燒製，具類似麥飯石結構活性炭質，使水質滑順，品飲口感格外甘醇甜美。<br /><br />\r\n呈現顆粒狀的胎質，散熱慢，聚溫性比陶與瓷更勝一籌<br /><br />\r\n採用圓錐刑設計，不影響咖啡粉末的膨脹。<br /><br />\r\n大口徑圓孔，隨著注入的熱水速度而改變咖啡的味道。<br /><br />\r\n快速注入開水時咖啡口味清淡，慢慢注入時口味濃厚。<br /><br />\r\n能把咖啡粉末堆高的圓錐形結構，使咖啡的香氣充分得到釋放。<br /><br />\r\n既能泡出專業水平的美味咖啡，製作起來又很簡單<br /><br />', '產品尺寸：長140×寬120×高102 口徑116 mm<br /><br />\r\n容量：1-4杯<br /><br />\r\n重量：400g（包括盒子）<br /><br />\r\n材質：本體:老岩泥<br /><br />\r\n原產國：台灣製造<br /><br />', 1580, 1, 0, 312, 3, 'others65-1.jpg', 'others65-1.jpg,others65-2.jpg,others65-3.jpg');

-- --------------------------------------------------------

--
-- 資料表結構 `productsold`
--

CREATE TABLE `productsold` (
  `products_sid` int(11) NOT NULL,
  `products_number` varchar(255) DEFAULT 'UNIX_TIMESTAMP()',
  `products_name` varchar(255) NOT NULL,
  `products_introduction` varchar(255) DEFAULT NULL,
  `products_detail_introduction` varchar(511) DEFAULT NULL,
  `products_price` int(11) DEFAULT NULL,
  `products_forsale` int(11) DEFAULT NULL,
  `products_onsale` int(11) DEFAULT NULL,
  `products_stocks` int(11) DEFAULT NULL,
  `products_with_products_categories_sid` int(11) DEFAULT NULL,
  `products_with_products_style_filter_sid` int(11) DEFAULT NULL
) ENGINE=InnoDB DEFAULT CHARSET=utf8mb4;

--
-- 傾印資料表的資料 `productsold`
--

INSERT INTO `productsold` (`products_sid`, `products_number`, `products_name`, `products_introduction`, `products_detail_introduction`, `products_price`, `products_forsale`, `products_onsale`, `products_stocks`, `products_with_products_categories_sid`, `products_with_products_style_filter_sid`) VALUES
(1, '1655026660', '曼巴咖啡(一包十入)', '濾掛式曼巴咖啡, 一包十入', '捨去曼特寧的濃烈與巴西的酸味，將曼特寧圓潤厚重的苦味與巴西微甜融合成溫順的曼巴，散發出自然甘甜的清香，集優雅的清爽與強勁香醇於一杯。', 320, 0, 1, 3500, 2, 2),
(2, '1655027037', '瓜地馬拉花神(一包十入)', '瓜地馬拉花神(十包一入)', '花神具有非常愉悅優雅花香主體的風味,酸性柔和且以巧克力般的風味尾韻作結,整體口感乾淨且明亮', 320, 0, 1, 5000, 2, 1),
(3, '1655027132', '耶加雪菲(一包十入)', '耶加雪菲(一包十入)', '日曬耶加雪菲具有濃郁奔放的水果香,柔和綿長的蜜桃莓果酸卻不刺激,風味甜度高酸度明亮且細膩', 320, 1, 1, 5000, 2, 1),
(4, '1655027187', '黃金曼特寧(一包十入)', '黃金曼特寧(一包十入)', '手選三次,挑選20目左右碩大的特優級曼特寧生豆,豆質結實緊密,豐富油脂帶出巧克力般滑順奶油般香甜', 370, 1, 1, 4997, 2, 2),
(5, '1655027252', '曼特寧(十包一入)', '曼特寧(十包一入)', '為蘇門答臘最具代表的咖啡豆,其草本風味質感濃郁芳香度特強,口感厚實的甘甜味是它的獨到之處,對於度喜歡酸味的人的最佳選擇', 320, 1, 1, 1000, 2, 1),
(6, '1655027314', '義式綜合豆(十包一入)', '義式綜合豆(十包一入)', '使用當季最新鮮100%阿拉比卡咖啡豆,經由專業烘焙來呈現濃郁口感及可可韻味,並帶有淡淡果香餘韻,非常適合調配拿鐵以及卡布奇諾', 270, 1, 1, 5000, 2, 1),
(7, '1655027409', '肯亞 (半磅)', '肯亞 (半磅)', 'AA TOP最高等級的肯亞咖啡豆其濃郁的黑梅香氣,口感豐富且尾韻悠長,轉化為肯亞特有的甜,一入口紅酒般的餘韻在口中揮之不去', 470, 1, 1, 2000, 3, 2),
(8, '1655027457', '瓜地馬拉花神(半磅)', '瓜地馬拉花神(半磅)', '花神具有非常愉悅優雅花香主體的風味,酸性柔和且以巧克力般的風味尾韻作結,整體口感乾淨且明亮', 440, 1, 1, 3000, 3, 1),
(9, '1655027524', '黃金曼特寧(半磅)', '黃金曼特寧(半磅)', '手選三次,挑選20目左右碩大的特優級曼特寧生豆,豆質結實緊密,豐富油脂帶出巧克力般滑順奶油般香甜', 470, 1, 1, 2000, 3, 1),
(10, '1655027593', '濾紙(大)', '濾紙(大)', '濾紙(大)', 150, 1, 1, 5000, 4, 4),
(11, '1655027640', '濾紙(小)', '濾紙(小)', '濾紙(小)', 100, 1, 1, 3000, 4, 4),
(12, '1655027811', '電動慢磨機', '電動慢磨機', '「全世界研磨速度最慢」的電動咖啡磨豆機，以「最慢磨」呈現「最完整」的咖啡風味', 2800, 1, 1, 500, 4, 3),
(13, '1655085380', '曼巴咖啡', '曼巴咖啡(一包十入)', '曼巴咖啡(一包十入)', 500, 1, 1, 3000, 3, 1);

-- --------------------------------------------------------

--
-- 資料表結構 `products_categories`
--

CREATE TABLE `products_categories` (
  `products_categories_sid` int(11) NOT NULL,
  `products_categories_name` varchar(255) NOT NULL
) ENGINE=InnoDB DEFAULT CHARSET=utf8mb4;

--
-- 傾印資料表的資料 `products_categories`
--

INSERT INTO `products_categories` (`products_categories_sid`, `products_categories_name`) VALUES
(1, '濾掛式咖啡'),
(2, '咖啡豆'),
(3, '咖啡周邊器具'),
(4, '禮盒'),
(5, '電子禮物卡');

-- --------------------------------------------------------

--
-- 資料表結構 `products_filter`
--

CREATE TABLE `products_filter` (
  `products_filter_sid` int(11) NOT NULL,
  `products_sid` int(11) NOT NULL,
  `products_style_sid` varchar(127) NOT NULL
) ENGINE=InnoDB DEFAULT CHARSET=utf8mb4;

-- --------------------------------------------------------

--
-- 資料表結構 `products_pic`
--

CREATE TABLE `products_pic` (
  `products_pic_sid` int(11) NOT NULL,
  `products_pic_one` varchar(255) DEFAULT NULL,
  `products_pic_multi` varchar(255) DEFAULT NULL
) ENGINE=InnoDB DEFAULT CHARSET=utf8mb4;

--
-- 傾印資料表的資料 `products_pic`
--

INSERT INTO `products_pic` (`products_pic_sid`, `products_pic_one`, `products_pic_multi`) VALUES
(1, '001.jpg', '001.jpg,1bc549de4d520b1e765047a986212ae5.jpg,002.jpg'),
(2, 'bag-coffee2.jpg', 'bag-coffee2.jpg,black-g0ea50eca3_1280.png,bread-g89f67674b_1920.jpg'),
(3, 'manba_bean.jfif', 'caffeine-gf6a927184_1920.jpg,cappuccino-g6d10d7112_1920.jpg,coffee-g3b12ecac6_1920.jpg'),
(4, 'filter.jpg', 'filter.jpg,filter2.jpg,filter3.jpg'),
(5, 'filter.jpg', 'coffee-g44d7e5c82_1920.jpg,filter2.jpg,filter3.jpg'),
(6, 'bag-coffee.jpg', 'bag-coffee2.jpg,coffee-g8ca4ec8b4_1920.jpg,coffee-g138b683d2_1920.jpg'),
(7, 'bag-coffee.jpg', 'bag-coffee2.jpg,coffee-g8ca4ec8b4_1920.jpg,coffee-g94f7ab5a8_1920.jpg'),
(8, 'manba_bean.jfif', 'black-g0ea50eca3_1280.png,coffee-gb0b4b4db0_1920.jpg,drip-bag.jpg'),
(9, 'manba_bean.jfif', 'coffee-g75832e31d_1920.jpg,coffee-gede84c1ac_1280.png,drip-bag.jpg'),
(10, 'manba_bean.jfif', 'coffee-gede84c1ac_1280.png,drip-bag.jpg,fresh-g771eed6be_1920.jpg'),
(11, 'bread-g643eb7d6e_1920.jpg', 'bag-coffee2.jpg,black-g0ea50eca3_1280.png,bread-g89f67674b_1920.jpg'),
(12, 'coffee-beans-g9399da144_1920.jpg', 'coffee-g3b12ecac6_1920.jpg,coffee-g4c1b28f2f_1920.jpg,coffee-g7a056ccf3_1920.jpg'),
(13, 'bag-coffee2.jpg', 'bread-gd15cddef5_1920.jpg,bread-ge911522ba_1920.jpg,breakfast-g6d1290702_1280.png'),
(14, 'bag-coffee.jpg', 'coffee-g94f7ab5a8_1920.jpg,coffee-g138b683d2_1920.jpg,coffee-gb0b4b4db0_1920.jpg'),
(15, 'bag-coffee2.jpg', 'coffee-g3b12ecac6_1920.jpg,coffee-g4c1b28f2f_1920.jpg,coffee-g7a056ccf3_1920.jpg'),
(16, 'manba_bean.jfif', 'coffee-g0d5529a14_1920.jpg,coffee-g94f7ab5a8_1920.jpg,drip-bag.jpg'),
(17, 'manba_bean.jfif', 'caffeine-gf6a927184_1920.jpg,cappuccino-g6d10d7112_1920.jpg,coffee-g94f7ab5a8_1920.jpg'),
(18, 'manba_bean.jfif', 'caffeine-gf6a927184_1920.jpg,coffee-g0d5529a14_1920.jpg,coffee-g4c1b28f2f_1920.jpg'),
(19, 'manba_bean.jfif', 'coffee-g3b12ecac6_1920.jpg,coffee-g4c1b28f2f_1920.jpg,coffee-g75832e31d_1920.jpg'),
(20, 'manba_bean.jfif', 'cappuccino-g6d10d7112_1920.jpg,coffee-g4c1b28f2f_1920.jpg,coffee-g7a056ccf3_1920.jpg'),
(21, 'manba_bean.jfif', 'caffeine-gf6a927184_1920.jpg,cappuccino-g6d10d7112_1920.jpg,coffee-g4c1b28f2f_1920.jpg'),
(22, 'bag-coffee2.jpg', 'coffee-g0d5529a14_1920.jpg,coffee-g4c1b28f2f_1920.jpg,coffee-gb0b4b4db0_1920.jpg'),
(23, 'bag-coffee2.jpg', 'coffee-g4c1b28f2f_1920.jpg,coffee-g8ca4ec8b4_1920.jpg,coffee-gb0b4b4db0_1920.jpg'),
(24, 'bag-coffee2.jpg', 'cappuccino-g6d10d7112_1920.jpg,coffee-g3b12ecac6_1920.jpg,coffee-g4c1b28f2f_1920.jpg'),
(25, 'filter.jpg', 'filter.jpg,filter2.jpg,filter3.jpg'),
(26, 'filter.jpg', 'filter.jpg,filter2.jpg,filter3.jpg'),
(27, 'grider.png', 'coffee-g138b683d2_1920.jpg,coffee-g850f645ff_1920.jpg,coffee-g75832e31d_1920.jpg'),
(28, 'cappuccino-g6d10d7112_1920.jpg', 'caffeine-gf6a927184_1920.jpg,cappuccino-g6d10d7112_1920.jpg,caviar-sandwich-gf30000537_1920.jpg,coffee-beans-g093f8a9bc_1920.jpg');

-- --------------------------------------------------------

--
-- 資料表結構 `products_style_filter`
--

CREATE TABLE `products_style_filter` (
  `products_style_filter_sid` int(11) NOT NULL,
  `products_style_filter_categories` varchar(255) NOT NULL
) ENGINE=InnoDB DEFAULT CHARSET=utf8mb4;

--
-- 傾印資料表的資料 `products_style_filter`
--

INSERT INTO `products_style_filter` (`products_style_filter_sid`, `products_style_filter_categories`) VALUES
(1, '偏酸'),
(2, '偏苦'),
(3, '器材'),
(4, '耗材'),
(5, '咖啡禮盒'),
(6, '食品禮盒'),
(7, '禮券'),
(8, '熱門'),
(9, '推薦'),
(10, '最新'),
(11, '周邊'),
(12, '馬克杯'),
(13, '水洗法'),
(14, '日曬'),
(15, '半水洗'),
(16, '阿拉比卡咖啡豆');

-- --------------------------------------------------------

--
-- 資料表結構 `reply`
--

CREATE TABLE `reply` (
  `sid` int(11) NOT NULL,
  `content` varchar(255) NOT NULL,
  `comment_sid` int(11) NOT NULL,
  `created_at` datetime NOT NULL,
  `member_sid` int(11) NOT NULL
) ENGINE=InnoDB DEFAULT CHARSET=utf8;

-- --------------------------------------------------------

--
-- 資料表結構 `review`
--

CREATE TABLE `review` (
  `sid` int(11) NOT NULL,
  `score` int(11) NOT NULL,
  `content` varchar(255) NOT NULL,
  `likes` int(11) NOT NULL,
  `created_at` date NOT NULL,
  `uploaded_at` date DEFAULT NULL,
  `member_sid` int(11) NOT NULL,
  `member_nickname` varchar(255) NOT NULL
) ENGINE=InnoDB DEFAULT CHARSET=utf8;

-- --------------------------------------------------------

--
-- 資料表結構 `review_likes`
--

CREATE TABLE `review_likes` (
  `sid` int(11) NOT NULL,
  `review_sid` int(11) NOT NULL,
  `member_sid` int(11) NOT NULL
) ENGINE=InnoDB DEFAULT CHARSET=utf8mb4;

-- --------------------------------------------------------

--
-- 資料表結構 `sessions`
--

CREATE TABLE `sessions` (
  `session_id` varchar(128) CHARACTER SET utf8mb4 COLLATE utf8mb4_bin NOT NULL,
  `expires` int(11) UNSIGNED NOT NULL,
  `data` mediumtext CHARACTER SET utf8mb4 COLLATE utf8mb4_bin DEFAULT NULL
) ENGINE=InnoDB DEFAULT CHARSET=utf8mb4;

-- --------------------------------------------------------

--
-- 資料表結構 `store`
--

CREATE TABLE `store` (
  `store_sid` int(11) NOT NULL,
  `store_name` varchar(255) NOT NULL,
  `store_road` varchar(255) NOT NULL,
  `store_block` varchar(255) NOT NULL
) ENGINE=InnoDB DEFAULT CHARSET=utf8;

--
-- 傾印資料表的資料 `store`
--

INSERT INTO `store` (`store_sid`, `store_name`, `store_road`, `store_block`) VALUES
(1, '0+B 光復店', '光復南路300號', '大安區, 台北市, 106台灣'),
(2, '0+B 復興店', '復興南路一段323號', '大安區, 台北市, 106台灣'),
(3, '0+B 龍門店', '忠孝東路四段134號', '大安區, 台北市, 106台灣'),
(4, '0+B 永康店', '永康街2號2樓', '大安區, 台北市, 106台灣'),
(5, '0+B 敦和店', '敦化南路二段263號', '大安區, 台北市, 106台灣'),
(6, '0+B 微風南京店', '南京東路三段337號', '松山區, 台北市, 106台灣'),
(7, '0+B 南京建國店', '南京東路三段1號', '中山區, 台北市, 106台灣'),
(8, '0+B 南京三民店', '南京東路五段171號', '松山區, 台北市, 106台灣');

-- --------------------------------------------------------

--
-- 資料表結構 `tag`
--

CREATE TABLE `tag` (
  `sid` int(11) NOT NULL,
  `name` varchar(255) NOT NULL,
  `times` int(11) NOT NULL DEFAULT 1
) ENGINE=InnoDB DEFAULT CHARSET=utf8mb4;

--
-- 傾印資料表的資料 `tag`
--

INSERT INTO `tag` (`sid`, `name`, `times`) VALUES
(33, '咖啡', 3),
(34, '好喝', 1),
(37, '輕食', 1);

-- --------------------------------------------------------

--
-- 資料表結構 `user_like`
--

CREATE TABLE `user_like` (
  `sid` int(11) NOT NULL,
  `member_sid` int(11) NOT NULL,
  `products_sid` int(11) NOT NULL
) ENGINE=InnoDB DEFAULT CHARSET=utf8mb4;

--
-- 傾印資料表的資料 `user_like`
--

INSERT INTO `user_like` (`sid`, `member_sid`, `products_sid`) VALUES
(5, 1, 2),
(10, 1, 3),
(12, 1, 6),
(15, 1, 1);

--
-- 已傾印資料表的索引
--

--
-- 資料表索引 `admin`
--
ALTER TABLE `admin`
  ADD PRIMARY KEY (`admin_sid`);

--
-- 資料表索引 `cart`
--
ALTER TABLE `cart`
  ADD PRIMARY KEY (`cart_sid`);

--
-- 資料表索引 `comment`
--
ALTER TABLE `comment`
  ADD PRIMARY KEY (`sid`);

--
-- 資料表索引 `coupon`
--
ALTER TABLE `coupon`
  ADD PRIMARY KEY (`sid`);

--
-- 資料表索引 `coupon_logs`
--
ALTER TABLE `coupon_logs`
  ADD PRIMARY KEY (`sid`);

--
-- 資料表索引 `coupon_receive`
--
ALTER TABLE `coupon_receive`
  ADD PRIMARY KEY (`sid`);

--
-- 資料表索引 `course`
--
ALTER TABLE `course`
  ADD PRIMARY KEY (`course_sid`);

--
-- 資料表索引 `course_related`
--
ALTER TABLE `course_related`
  ADD PRIMARY KEY (`sid`);

--
-- 資料表索引 `food_choice`
--
ALTER TABLE `food_choice`
  ADD PRIMARY KEY (`food_choice_sid`);

--
-- 資料表索引 `food_ice`
--
ALTER TABLE `food_ice`
  ADD PRIMARY KEY (`food_ice_sid`);

--
-- 資料表索引 `food_sugar`
--
ALTER TABLE `food_sugar`
  ADD PRIMARY KEY (`food_sugar_sid`);

--
-- 資料表索引 `lastest_news`
--
ALTER TABLE `lastest_news`
  ADD PRIMARY KEY (`news_sid`);

--
-- 資料表索引 `mapapi`
--
ALTER TABLE `mapapi`
  ADD PRIMARY KEY (`mapapi_sid`);

--
-- 資料表索引 `member`
--
ALTER TABLE `member`
  ADD PRIMARY KEY (`member_sid`),
  ADD UNIQUE KEY `member_account` (`member_account`);

--
-- 資料表索引 `member_likes`
--
ALTER TABLE `member_likes`
  ADD PRIMARY KEY (`sid`);

--
-- 資料表索引 `menu`
--
ALTER TABLE `menu`
  ADD PRIMARY KEY (`menu_sid`);

--
-- 資料表索引 `menu1`
--
ALTER TABLE `menu1`
  ADD PRIMARY KEY (`menu_sid`);

--
-- 資料表索引 `order`
--
ALTER TABLE `order`
  ADD PRIMARY KEY (`order_sid`);

--
-- 資料表索引 `points_record`
--
ALTER TABLE `points_record`
  ADD PRIMARY KEY (`sid`);

--
-- 資料表索引 `points_user`
--
ALTER TABLE `points_user`
  ADD PRIMARY KEY (`sid`);

--
-- 資料表索引 `post`
--
ALTER TABLE `post`
  ADD PRIMARY KEY (`sid`);

--
-- 資料表索引 `post_img`
--
ALTER TABLE `post_img`
  ADD PRIMARY KEY (`sid`);

--
-- 資料表索引 `post_tag`
--
ALTER TABLE `post_tag`
  ADD PRIMARY KEY (`sid`);

--
-- 資料表索引 `products`
--
ALTER TABLE `products`
  ADD PRIMARY KEY (`products_sid`);

--
-- 資料表索引 `productsold`
--
ALTER TABLE `productsold`
  ADD PRIMARY KEY (`products_sid`);

--
-- 資料表索引 `products_categories`
--
ALTER TABLE `products_categories`
  ADD PRIMARY KEY (`products_categories_sid`);

--
-- 資料表索引 `products_filter`
--
ALTER TABLE `products_filter`
  ADD PRIMARY KEY (`products_filter_sid`);

--
-- 資料表索引 `products_pic`
--
ALTER TABLE `products_pic`
  ADD PRIMARY KEY (`products_pic_sid`);

--
-- 資料表索引 `products_style_filter`
--
ALTER TABLE `products_style_filter`
  ADD PRIMARY KEY (`products_style_filter_sid`);

--
-- 資料表索引 `reply`
--
ALTER TABLE `reply`
  ADD PRIMARY KEY (`sid`);

--
-- 資料表索引 `review`
--
ALTER TABLE `review`
  ADD PRIMARY KEY (`sid`);

--
-- 資料表索引 `review_likes`
--
ALTER TABLE `review_likes`
  ADD PRIMARY KEY (`sid`);

--
-- 資料表索引 `sessions`
--
ALTER TABLE `sessions`
  ADD PRIMARY KEY (`session_id`);

--
-- 資料表索引 `store`
--
ALTER TABLE `store`
  ADD PRIMARY KEY (`store_sid`);

--
-- 資料表索引 `tag`
--
ALTER TABLE `tag`
  ADD PRIMARY KEY (`sid`),
  ADD UNIQUE KEY `name` (`name`);

--
-- 資料表索引 `user_like`
--
ALTER TABLE `user_like`
  ADD PRIMARY KEY (`sid`);

--
-- 在傾印的資料表使用自動遞增(AUTO_INCREMENT)
--

--
-- 使用資料表自動遞增(AUTO_INCREMENT) `admin`
--
ALTER TABLE `admin`
  MODIFY `admin_sid` int(11) NOT NULL AUTO_INCREMENT, AUTO_INCREMENT=4;

--
-- 使用資料表自動遞增(AUTO_INCREMENT) `cart`
--
ALTER TABLE `cart`
  MODIFY `cart_sid` int(10) NOT NULL AUTO_INCREMENT, AUTO_INCREMENT=82;

--
-- 使用資料表自動遞增(AUTO_INCREMENT) `comment`
--
ALTER TABLE `comment`
  MODIFY `sid` int(11) NOT NULL AUTO_INCREMENT, AUTO_INCREMENT=27;

--
-- 使用資料表自動遞增(AUTO_INCREMENT) `coupon`
--
ALTER TABLE `coupon`
  MODIFY `sid` int(11) NOT NULL AUTO_INCREMENT, AUTO_INCREMENT=13;

--
-- 使用資料表自動遞增(AUTO_INCREMENT) `coupon_logs`
--
ALTER TABLE `coupon_logs`
  MODIFY `sid` int(11) NOT NULL AUTO_INCREMENT, AUTO_INCREMENT=11;

--
-- 使用資料表自動遞增(AUTO_INCREMENT) `coupon_receive`
--
ALTER TABLE `coupon_receive`
  MODIFY `sid` int(11) NOT NULL AUTO_INCREMENT, AUTO_INCREMENT=52;

--
-- 使用資料表自動遞增(AUTO_INCREMENT) `course`
--
ALTER TABLE `course`
  MODIFY `course_sid` int(11) NOT NULL AUTO_INCREMENT, AUTO_INCREMENT=119;

--
-- 使用資料表自動遞增(AUTO_INCREMENT) `course_related`
--
ALTER TABLE `course_related`
  MODIFY `sid` int(11) NOT NULL AUTO_INCREMENT, AUTO_INCREMENT=23;

--
-- 使用資料表自動遞增(AUTO_INCREMENT) `food_choice`
--
ALTER TABLE `food_choice`
  MODIFY `food_choice_sid` int(11) NOT NULL AUTO_INCREMENT, AUTO_INCREMENT=170;

--
-- 使用資料表自動遞增(AUTO_INCREMENT) `food_ice`
--
ALTER TABLE `food_ice`
  MODIFY `food_ice_sid` int(11) NOT NULL AUTO_INCREMENT, AUTO_INCREMENT=7;

--
-- 使用資料表自動遞增(AUTO_INCREMENT) `food_sugar`
--
ALTER TABLE `food_sugar`
  MODIFY `food_sugar_sid` int(11) NOT NULL AUTO_INCREMENT, AUTO_INCREMENT=5;

--
-- 使用資料表自動遞增(AUTO_INCREMENT) `lastest_news`
--
ALTER TABLE `lastest_news`
  MODIFY `news_sid` int(11) NOT NULL AUTO_INCREMENT, AUTO_INCREMENT=26;

--
-- 使用資料表自動遞增(AUTO_INCREMENT) `mapapi`
--
ALTER TABLE `mapapi`
  MODIFY `mapapi_sid` int(11) NOT NULL AUTO_INCREMENT, AUTO_INCREMENT=2;

--
-- 使用資料表自動遞增(AUTO_INCREMENT) `member`
--
ALTER TABLE `member`
  MODIFY `member_sid` int(11) NOT NULL AUTO_INCREMENT, AUTO_INCREMENT=1414;

--
-- 使用資料表自動遞增(AUTO_INCREMENT) `member_likes`
--
ALTER TABLE `member_likes`
  MODIFY `sid` int(11) NOT NULL AUTO_INCREMENT, AUTO_INCREMENT=394;

--
-- 使用資料表自動遞增(AUTO_INCREMENT) `menu`
--
ALTER TABLE `menu`
  MODIFY `menu_sid` int(11) NOT NULL AUTO_INCREMENT, AUTO_INCREMENT=3334;

--
-- 使用資料表自動遞增(AUTO_INCREMENT) `menu1`
--
ALTER TABLE `menu1`
  MODIFY `menu_sid` int(11) NOT NULL AUTO_INCREMENT, AUTO_INCREMENT=84;

--
-- 使用資料表自動遞增(AUTO_INCREMENT) `order`
--
ALTER TABLE `order`
  MODIFY `order_sid` int(11) NOT NULL AUTO_INCREMENT, AUTO_INCREMENT=22;

--
-- 使用資料表自動遞增(AUTO_INCREMENT) `points_record`
--
ALTER TABLE `points_record`
  MODIFY `sid` int(11) NOT NULL AUTO_INCREMENT, AUTO_INCREMENT=23;

--
-- 使用資料表自動遞增(AUTO_INCREMENT) `points_user`
--
ALTER TABLE `points_user`
  MODIFY `sid` int(11) NOT NULL AUTO_INCREMENT, AUTO_INCREMENT=1415;

--
-- 使用資料表自動遞增(AUTO_INCREMENT) `post`
--
ALTER TABLE `post`
  MODIFY `sid` int(11) NOT NULL AUTO_INCREMENT, AUTO_INCREMENT=184;

--
-- 使用資料表自動遞增(AUTO_INCREMENT) `post_img`
--
ALTER TABLE `post_img`
  MODIFY `sid` int(11) NOT NULL AUTO_INCREMENT, AUTO_INCREMENT=755;

--
-- 使用資料表自動遞增(AUTO_INCREMENT) `post_tag`
--
ALTER TABLE `post_tag`
  MODIFY `sid` int(11) NOT NULL AUTO_INCREMENT, AUTO_INCREMENT=84;

--
-- 使用資料表自動遞增(AUTO_INCREMENT) `products`
--
ALTER TABLE `products`
  MODIFY `products_sid` int(11) NOT NULL AUTO_INCREMENT, AUTO_INCREMENT=201;

--
-- 使用資料表自動遞增(AUTO_INCREMENT) `productsold`
--
ALTER TABLE `productsold`
  MODIFY `products_sid` int(11) NOT NULL AUTO_INCREMENT, AUTO_INCREMENT=14;

--
-- 使用資料表自動遞增(AUTO_INCREMENT) `products_categories`
--
ALTER TABLE `products_categories`
  MODIFY `products_categories_sid` int(11) NOT NULL AUTO_INCREMENT, AUTO_INCREMENT=7;

--
-- 使用資料表自動遞增(AUTO_INCREMENT) `products_filter`
--
ALTER TABLE `products_filter`
  MODIFY `products_filter_sid` int(11) NOT NULL AUTO_INCREMENT;

--
-- 使用資料表自動遞增(AUTO_INCREMENT) `products_pic`
--
ALTER TABLE `products_pic`
  MODIFY `products_pic_sid` int(11) NOT NULL AUTO_INCREMENT, AUTO_INCREMENT=29;

--
-- 使用資料表自動遞增(AUTO_INCREMENT) `products_style_filter`
--
ALTER TABLE `products_style_filter`
  MODIFY `products_style_filter_sid` int(11) NOT NULL AUTO_INCREMENT, AUTO_INCREMENT=17;

--
-- 使用資料表自動遞增(AUTO_INCREMENT) `reply`
--
ALTER TABLE `reply`
  MODIFY `sid` int(11) NOT NULL AUTO_INCREMENT, AUTO_INCREMENT=12;

--
-- 使用資料表自動遞增(AUTO_INCREMENT) `review`
--
ALTER TABLE `review`
  MODIFY `sid` int(11) NOT NULL AUTO_INCREMENT;

--
-- 使用資料表自動遞增(AUTO_INCREMENT) `review_likes`
--
ALTER TABLE `review_likes`
  MODIFY `sid` int(11) NOT NULL AUTO_INCREMENT;

--
-- 使用資料表自動遞增(AUTO_INCREMENT) `store`
--
ALTER TABLE `store`
  MODIFY `store_sid` int(11) NOT NULL AUTO_INCREMENT, AUTO_INCREMENT=9;

--
-- 使用資料表自動遞增(AUTO_INCREMENT) `tag`
--
ALTER TABLE `tag`
  MODIFY `sid` int(11) NOT NULL AUTO_INCREMENT, AUTO_INCREMENT=38;

--
-- 使用資料表自動遞增(AUTO_INCREMENT) `user_like`
--
ALTER TABLE `user_like`
  MODIFY `sid` int(11) NOT NULL AUTO_INCREMENT, AUTO_INCREMENT=16;
COMMIT;
