-- phpMyAdmin SQL Dump
-- version 5.1.3
-- https://www.phpmyadmin.net/
--
-- 主機： 127.0.0.1
-- 產生時間： 2022-07-28 10:42:32
-- 伺服器版本： 10.4.24-MariaDB
-- PHP 版本： 8.1.5

SET SQL_MODE = "NO_AUTO_VALUE_ON_ZERO";
START TRANSACTION;
SET time_zone = "+00:00";

--
-- 資料庫: `coffee`
--

-- --------------------------------------------------------

--
-- 資料表結構 `admin`
--

CREATE TABLE `admin` (
  `admin_sid` int(11) NOT NULL,
  `admin_name` varchar(255) COLLATE utf8mb4_unicode_ci NOT NULL,
  `admin_account` varchar(255) COLLATE utf8mb4_unicode_ci NOT NULL,
  `admin_password` varchar(255) COLLATE utf8mb4_unicode_ci NOT NULL
) ENGINE=InnoDB DEFAULT CHARSET=utf8mb4 COLLATE=utf8mb4_unicode_ci;

--
-- 傾印資料表的資料 `admin`
--

INSERT INTO `admin` (`admin_sid`, `admin_name`, `admin_account`, `admin_password`) VALUES
(1, 'chia', 'chia', 'chia123'),
(2, 'black', 'black', 'black'),
(3, '管理子揚', 'tommyad', '1234');

-- --------------------------------------------------------

--
-- 資料表結構 `cart`
--

CREATE TABLE `cart` (
  `cart_sid` int(10) NOT NULL,
  `cart_product_id` int(255) NOT NULL DEFAULT 0,
  `cart_price` int(10) NOT NULL,
  `cart_quantity` int(10) NOT NULL,
  `cart_member_id` int(10) NOT NULL,
  `cart_order_id` int(10) NOT NULL DEFAULT 0
) ENGINE=InnoDB DEFAULT CHARSET=utf8;

--
-- 傾印資料表的資料 `cart`
--

INSERT INTO `cart` (`cart_sid`, `cart_product_id`, `cart_price`, `cart_quantity`, `cart_member_id`, `cart_order_id`) VALUES
(1, 1, 310, 1, 1, 1),
(2, 2, 320, 2, 1, 1),
(3, 5, 150, 2, 1, 1),
(4, 3, 470, 2, 3, 2),
(5, 4, 150, 1, 3, 2),
(6, 1, 310, 1, 2, 0),
(7, 2, 320, 1, 2, 0),
(8, 3, 470, 1, 2, 0),
(9, 4, 150, 2, 2, 0),
(10, 1, 310, 1, 4, 0),
(11, 5, 150, 1, 4, 0),
(12, 5, 150, 1, 2, 0),
(13, 2, 320, 2, 5, 0),
(14, 4, 150, 2, 5, 0),
(15, 3, 470, 1, 5, 0),
(16, 2, 320, 1, 1, 21),
(17, 5, 150, 1, 1, 21),
(18, 6, 320, 1, 1, 21),
(19, 2, 320, 1, 1, 22),
(20, 5, 150, 1, 1, 22),
(21, 6, 320, 1, 1, 22),
(22, 5, 150, 1, 1, 23),
(23, 6, 320, 1, 1, 23),
(24, 2, 320, 1, 1, 23),
(25, 1, 320, 3, 1, 22),
(26, 2, 320, 3, 1, 22),
(27, 3, 470, 2, 1, 22),
(28, 1, 320, 3, 1, 23),
(29, 2, 320, 1, 1, 23),
(30, 3, 470, 1, 1, 23),
(31, 1, 320, 1, 1, 24),
(32, 2, 320, 1, 1, 24),
(33, 3, 470, 1, 1, 24),
(34, 1, 320, 1, 1, 25),
(35, 2, 320, 1, 1, 25),
(36, 3, 470, 1, 1, 25),
(37, 1, 320, 1, 1, 26),
(38, 3, 470, 1, 1, 26),
(39, 1, 320, 4, 1, 27),
(40, 2, 320, 3, 1, 27),
(41, 4, 370, 2, 1, 27),
(42, 1, 320, 5, 1, 28),
(43, 4, 370, 1, 1, 28),
(44, 1, 370, 2, 1, 0),
(45, 2, 320, 1, 1, 0),
(46, 3, 320, 3, 1, 0);

-- --------------------------------------------------------

--
-- 資料表結構 `comment`
--

CREATE TABLE `comment` (
  `sid` int(11) NOT NULL,
  `content` varchar(255) NOT NULL,
  `replies` int(11) NOT NULL DEFAULT 0,
  `created_at` date NOT NULL,
  `post_sid` int(11) NOT NULL,
  `member_sid` int(11) NOT NULL
) ENGINE=InnoDB DEFAULT CHARSET=utf8mb4;

--
-- 傾印資料表的資料 `comment`
--

INSERT INTO `comment` (`sid`, `content`, `replies`, `created_at`, `post_sid`, `member_sid`) VALUES
(1, '挖~課程看起來很讚耶 不知道適不適合新手?', 1, '2022-06-03', 1, 1005),
(15, '我也覺得', 0, '2022-06-13', 161, 886),
(16, '可愛', 0, '2022-06-13', 2, 886),
(17, '看起來好讚我也想參加!', 0, '2022-06-13', 1, 886),
(18, '我喜歡粗好粗的', 0, '2022-06-13', 150, 1001),
(19, '推推', 0, '2022-06-13', 147, 666),
(20, '拍的好看喔', 0, '2022-06-13', 150, 666),
(21, '餓了', 0, '2022-06-13', 144, 666),
(22, '讚', 0, '2022-06-13', 1, 1001);

-- --------------------------------------------------------

--
-- 資料表結構 `coupon`
--

CREATE TABLE `coupon` (
  `sid` int(11) NOT NULL,
  `coupon_name` varchar(255) NOT NULL,
  `coupon_send_type` varchar(11) DEFAULT NULL,
  `coupon_setting_type` varchar(11) DEFAULT NULL,
  `coupon_money` varchar(255) NOT NULL,
  `menu_sid` int(11) DEFAULT NULL,
  `products_sid` int(11) DEFAULT NULL,
  `type` varchar(11) NOT NULL,
  `coupon_validity_period` varchar(11) NOT NULL,
  `coupon_status` varchar(11) NOT NULL
) ENGINE=InnoDB DEFAULT CHARSET=utf8mb4;

--
-- 傾印資料表的資料 `coupon`
--

INSERT INTO `coupon` (`sid`, `coupon_name`, `coupon_send_type`, `coupon_setting_type`, `coupon_money`, `menu_sid`, `products_sid`, `type`, `coupon_validity_period`, `coupon_status`) VALUES
(1, '生日優惠券$100', '1 生日時發送', '1 折扣金額', '100', 0, 0, '3 全品項', '12個月', '1'),
(2, '註冊優惠券$100', '2 註冊時發送', '1 折扣金額', '100', 0, 0, '3 全品項', '12個月', '1'),
(3, '咖啡拿鐵5折', '3 玩遊戲時發送', '2 打折', '0.5', 1, 0, '1餐點類', '6個月', '1'),
(4, '卡布奇諾 5折', '3 玩遊戲時發送', '2 打折', '0.5', 3, 0, '1餐點類', '6個月', '1'),
(5, '義式摩卡75折', '3 玩遊戲時發送', '2 打折', '0.75', 9, 0, '1餐點類', '6個月', '1'),
(6, '耶加雪菲75折', '3 玩遊戲時發送', '2 打折', '0.75', 17, 0, '1餐點類', '6個月', '1'),
(7, '宇治奶茶8折', '3 玩遊戲時發送', '2 打折', '0.8', 20, 0, '1餐點類', '6個月', '1'),
(8, '精選曼巴咖啡組8折', '3 玩遊戲時發送', '2 打折', '0.8', 0, 1, '2 商品類', '6個月', '1'),
(9, '黃金曼特寧組9折', '3 玩遊戲時發送', '2 打折', '0.8', 0, 3, '2 商品類', '6個月', '1'),
(10, '購物優惠券9折', '4 購物完發送', '2 打折', '0.8', 0, 0, '3 全品項', '6個月', '1');

-- --------------------------------------------------------

--
-- 資料表結構 `coupon_logs`
--

CREATE TABLE `coupon_logs` (
  `sid` int(11) NOT NULL,
  `member_sid` int(11) NOT NULL,
  `coupon_receive_sid` int(11) NOT NULL,
  `order_sid` int(11) NOT NULL,
  `used_time` datetime DEFAULT NULL
) ENGINE=InnoDB DEFAULT CHARSET=utf8mb4;

--
-- 傾印資料表的資料 `coupon_logs`
--

INSERT INTO `coupon_logs` (`sid`, `member_sid`, `coupon_receive_sid`, `order_sid`, `used_time`) VALUES
(1, 1, 2, 1, '2022-05-31 14:29:48'),
(2, 2, 4, 3, '2022-05-31 14:50:43'),
(3, 3, 6, 0, '0000-00-00 00:00:00'),
(4, 5, 8, 0, '0000-00-00 00:00:00'),
(5, 1, 3, 20, '2022-06-08 13:14:45'),
(6, 1, 13, 28, '2022-06-13 10:20:21');

-- --------------------------------------------------------

--
-- 資料表結構 `coupon_receive`
--

CREATE TABLE `coupon_receive` (
  `sid` int(11) NOT NULL,
  `member_sid` int(11) NOT NULL,
  `coupon_sid` int(11) NOT NULL,
  `create_time` datetime NOT NULL,
  `end_time` datetime NOT NULL,
  `status` int(11) NOT NULL DEFAULT 0
) ENGINE=InnoDB DEFAULT CHARSET=utf8mb4;

--
-- 傾印資料表的資料 `coupon_receive`
--

INSERT INTO `coupon_receive` (`sid`, `member_sid`, `coupon_sid`, `create_time`, `end_time`, `status`) VALUES
(1, 1, 1, '2022-03-28 00:00:00', '2023-03-28 00:00:00', 0),
(2, 1, 2, '2022-03-31 00:00:00', '2023-03-31 00:00:00', 1),
(3, 1, 3, '2022-05-07 00:00:00', '2023-11-07 00:00:00', 1),
(4, 2, 4, '2022-05-07 00:00:00', '2023-11-07 00:00:00', 1),
(5, 2, 4, '2022-05-08 00:00:00', '2022-11-08 00:00:00', 0),
(6, 3, 5, '2022-05-09 00:00:00', '2022-11-09 00:00:00', 1),
(7, 4, 7, '2022-05-19 00:00:00', '2022-11-19 00:00:00', 0),
(8, 5, 8, '2022-05-28 00:00:00', '2022-11-28 00:00:00', 1),
(9, 6, 9, '2022-05-30 00:00:00', '2022-11-30 00:00:00', 0),
(10, 7, 10, '2022-06-01 00:00:00', '2022-11-01 00:00:00', 0),
(11, 1, 8, '2022-06-02 09:18:00', '2022-11-02 09:18:00', 0),
(12, 1, 9, '2022-06-03 09:20:09', '2022-11-03 09:20:09', 0),
(13, 1, 3, '2022-06-10 09:21:19', '2022-11-10 09:21:19', 1),
(14, 1, 4, '2022-06-11 09:22:06', '2022-11-11 09:22:06', 0),
(15, 1, 5, '2022-06-12 09:22:35', '2022-11-12 09:22:35', 0),
(16, 1, 3, '2022-06-12 10:25:01', '2022-11-12 10:25:01', 0),
(17, 1, 6, '2021-12-11 09:29:28', '2022-06-11 09:29:28', 0);

-- --------------------------------------------------------

--
-- 資料表結構 `course`
--

CREATE TABLE `course` (
  `course_sid` int(11) NOT NULL,
  `course_name` varchar(255) NOT NULL,
  `course_price` int(11) NOT NULL,
  `course_level` int(11) NOT NULL,
  `course_img_s` varchar(255) NOT NULL,
  `course_content` varchar(255) NOT NULL,
  `course_people` varchar(255) NOT NULL,
  `course_material` varchar(255) NOT NULL
) ENGINE=InnoDB DEFAULT CHARSET=utf8mb4;

--
-- 傾印資料表的資料 `course`
--

INSERT INTO `course` (`course_sid`, `course_name`, `course_price`, `course_level`, `course_img_s`, `course_content`, `course_people`, `course_material`) VALUES
(82, '麻雀拉花', 2999, 3, '217a87c655ab64e3f4c61e041ece6b32.jpg', '專業教師手把手教學.', '喜歡麻雀的人', '杯子.牛奶.咖啡豆(廠商提供)'),
(83, '皮卡丘拉花', 2499, 2, '2c0a2a3b5f7b841c9c2db4ad1b3f5e0d.jpg', '專業的師資,充實的教學內容.', '喜歡寶可夢的人', '杯子.牛奶.咖啡豆(廠商提供)'),
(84, '貓咪澡堂拉花', 2666, 2, '6bc7f448bddf07025e83c5c805e0b9b7.jpg', '一起來幫貓咪準備澡堂吧!', '喜愛貓咪的人', '杯子.牛奶.咖啡豆(廠商提供)'),
(85, '快樂星球拉花', 2350, 2, 'ed40f965554712e6be07285aef954cd8.jpg', '一起來製造快樂星球吧!', '普遍級', '杯子.牛奶.咖啡豆(廠商提供)'),
(86, '屁柴拉花', 2450, 3, '2421496a84b1b5134a89744e09a85c83.jpg', '專業級的老師,手把手教學.', '喜愛狗狗的人士', '杯子.牛奶.咖啡豆(廠商提供)'),
(88, '蝸牛拉花', 1999, 1, '1e053eda4a8d7bf8af800511caa49e80.jpg', '非常可愛的小蝸牛,很適合入門的課程.', '適合所有人', '杯子.牛奶.咖啡豆(廠商提供)'),
(89, '手沖咖啡基礎班', 3777, 1, '73c9ba4ec7f6c5af179f5fc994057424.jpg', '體驗手沖咖啡的樂趣!', '喜愛咖啡的大家', '杯子.咖啡豆.手沖器具(廠商提供)'),
(90, '咖啡豆介紹', 2000, 1, '38aecb3ddaaf82eb59cda7acde393780.jpg', '專業的講師,講解各類咖啡豆.', '對認識咖啡豆有興趣的人', '無'),
(91, '獨角獸拉花', 2680, 1, '1049cbdcbc3a9df37e78ab21d357a04c.jpg', '教您拉出奇幻獨角獸.', '適合所有人', '杯子.牛奶.咖啡豆(廠商提供)'),
(92, '小熊拉花', 1299, 1, '97c2a51dca024b36bb2fc5f93fdfc1cb.png', '一起來學習小熊拉花吧!', '適合所有人', '杯子.牛奶.咖啡豆(廠商提供)'),
(93, '愛心拉花', 1199, 1, 'f83c89cb0f3f09a323f1e3fae18f9d6d.jpg', '初學者非常好上手的一門課.', '適合所有人', '杯子.牛奶.咖啡豆(廠商提供)'),
(94, '拿鐵沖調班', 3333, 1, '43f80f6e4c0675fd0dde0def963a0f3b.jpg', '沖調拿鐵的基本介紹', '喜愛拿鐵的人', '杯子.牛奶.咖啡豆.沖調器具(廠商提供)'),
(95, '幽靈拉花', 1499, 1, '2ea7ad4897288dc11dd147ac61e4adac.jpg', '非常適合初學者的課程', '適合所有人', '杯子.牛奶.咖啡豆(廠商提供)'),
(99, '炫拉花', 1425, 1, 'fe5db4042a2315c3b85878859d0726d7.jpg', '56', '1234', '555');

-- --------------------------------------------------------

--
-- 資料表結構 `course_backup`
--

CREATE TABLE `course_backup` (
  `course_sid` int(11) NOT NULL,
  `course_name` varchar(255) NOT NULL,
  `course_price` int(11) NOT NULL,
  `course_level` int(11) NOT NULL,
  `course_img_s` varchar(255) NOT NULL,
  `course_content` varchar(255) NOT NULL,
  `course_people` varchar(255) NOT NULL,
  `course_material` varchar(255) NOT NULL
) ENGINE=InnoDB DEFAULT CHARSET=utf8mb4;

--
-- 傾印資料表的資料 `course_backup`
--

INSERT INTO `course_backup` (`course_sid`, `course_name`, `course_price`, `course_level`, `course_img_s`, `course_content`, `course_people`, `course_material`) VALUES
(1, '測試', 123, 1, '93583e83c60b1594e60f6d4728187c60.jpg', '221', '212', '11'),
(2, '12', 121, 1, 'd89814e1706d044b7e474815c54909c2.jpg', '21', '21', '12'),
(3, '咖啡烘焙', 2000, 2, 'img', '體驗自己親手烘焙咖啡豆的樂趣', '想體驗自己烘咖啡豆的人', '咖啡豆.相關沖煮器材設備(課程提供)'),
(4, '咖啡生豆認識及風味鑑嘗學', 3000, 3, 'img', '認識不同咖啡產地及品種，加強自己品嚐咖啡思維', '對咖啡豆有濃厚興趣及對咖啡烘焙有興趣朋友參加', '咖啡豆.相關沖煮器材設備(課程提供)'),
(5, '手沖咖啡基礎訓練班', 1500, 1, 'img', '學會從風味中了解自己沖煮手法', '適合初學者或希望了解自己沖煮技巧缺點人士', '咖啡豆.相關沖煮器材設備(課程提供)');

-- --------------------------------------------------------

--
-- 資料表結構 `course_related`
--

CREATE TABLE `course_related` (
  `sid` int(11) NOT NULL,
  `course_sid` int(11) NOT NULL,
  `course_date` date NOT NULL,
  `course_time` varchar(255) NOT NULL,
  `course_img_l` varchar(255) NOT NULL,
  `course_number_people` int(11) NOT NULL
) ENGINE=InnoDB DEFAULT CHARSET=utf8mb4;

--
-- 傾印資料表的資料 `course_related`
--

INSERT INTO `course_related` (`sid`, `course_sid`, `course_date`, `course_time`, `course_img_l`, `course_number_people`) VALUES
(1, 1, '2022-09-01', 'AM-10', 'img', 0),
(2, 1, '2022-09-25', 'PM-02', 'img', 0),
(3, 1, '2022-08-30', 'PM-03', 'img', 0);

-- --------------------------------------------------------

--
-- 資料表結構 `food_choice`
--

CREATE TABLE `food_choice` (
  `food_choice_sid` int(11) NOT NULL,
  `food_id` int(11) NOT NULL,
  `food_price` int(11) NOT NULL,
  `food_ice` varchar(255) CHARACTER SET utf8mb4 DEFAULT NULL,
  `food_sugar` varchar(255) CHARACTER SET utf8mb4 DEFAULT NULL,
  `food_quantity` int(11) NOT NULL,
  `food_member_id` int(11) NOT NULL,
  `food_order_id` int(11) NOT NULL
) ENGINE=InnoDB DEFAULT CHARSET=utf8 COMMENT='food_choice';

--
-- 傾印資料表的資料 `food_choice`
--

INSERT INTO `food_choice` (`food_choice_sid`, `food_id`, `food_price`, `food_ice`, `food_sugar`, `food_quantity`, `food_member_id`, `food_order_id`) VALUES
(1, 188, 70, '正常冰', '無糖', 2, 1, 21),
(2, 188, 70, '常溫', '半糖', 1, 1, 21),
(3, 192, 80, '少冰', '微糖', 1, 1, 21),
(4, 193, 50, '熱', '全糖', 1, 1, 21),
(5, 188, 70, '正常冰', '無糖', 2, 1, 22),
(6, 188, 70, '常溫', '半糖', 1, 1, 22),
(7, 192, 80, '少冰', '微糖', 1, 1, 22),
(8, 193, 50, '熱', '全糖', 1, 1, 22),
(9, 188, 70, '正常冰', '無糖', 1, 1, 23),
(10, 192, 80, '常溫', '微糖', 2, 1, 23),
(11, 190, 50, '熱', '無糖', 1, 1, 23),
(12, 191, 100, '去冰', '微糖', 1, 1, 23),
(13, 1, 70, '正常冰', '微糖', 2, 1, 22),
(14, 8, 75, '正常冰', '全糖', 1, 1, 22),
(15, 1, 70, '正常冰', '微糖', 1, 1, 23),
(16, 4, 50, '正常冰', '半糖', 2, 1, 23),
(17, 1, 70, '去冰', '無糖', 1, 1, 26),
(18, 6, 70, '正常冰', '半糖', 1, 1, 26),
(19, 1, 70, '少冰', '無糖', 5, 1, 27),
(20, 1, 70, '去冰', '無糖', 2, 1, 27),
(21, 1, 70, '熱', '全糖', 3, 1, 27),
(22, 6, 70, '少冰', '無糖', 4, 1, 27),
(23, 1, 70, '正常冰', '無糖', 4, 1, 28),
(24, 10, 60, '去冰', '半糖', 5, 1, 28),
(25, 10, 60, '去冰', '半糖', 2, 1, 28),
(26, 1, 70, NULL, NULL, 3, 1, 0),
(27, 2, 80, NULL, NULL, 1, 1, 0),
(28, 4, 50, '正常冰', '無糖', 5, 1, 0),
(29, 7, 90, NULL, NULL, 1, 1, 0);

-- --------------------------------------------------------

--
-- 資料表結構 `food_icesugar`
--

CREATE TABLE `food_icesugar` (
  `food_icesugar_sid` int(11) NOT NULL,
  `icesugar` varchar(255) NOT NULL
) ENGINE=InnoDB DEFAULT CHARSET=utf8;

--
-- 傾印資料表的資料 `food_icesugar`
--

INSERT INTO `food_icesugar` (`food_icesugar_sid`, `icesugar`) VALUES
(1, '正常冰'),
(2, '少冰'),
(3, '去冰'),
(4, '常溫'),
(5, '熱'),
(6, '無糖'),
(7, '微糖'),
(8, '半糖'),
(9, '全糖');

-- --------------------------------------------------------

--
-- 資料表結構 `lastest_news`
--

CREATE TABLE `lastest_news` (
  `news_sid` int(11) NOT NULL,
  `news_img` varchar(255) NOT NULL,
  `news_title` varchar(255) NOT NULL,
  `news_class_sid` int(11) NOT NULL,
  `news_start_date` date NOT NULL,
  `news_end_date` date NOT NULL,
  `news_content` varchar(255) NOT NULL,
  `news_create_time` datetime NOT NULL,
  `news_status` int(11) NOT NULL
) ENGINE=InnoDB DEFAULT CHARSET=utf8mb4;

--
-- 傾印資料表的資料 `lastest_news`
--

INSERT INTO `lastest_news` (`news_sid`, `news_img`, `news_title`, `news_class_sid`, `news_start_date`, `news_end_date`, `news_content`, `news_create_time`, `news_status`) VALUES
(1, 'c8fa3d2e1ade57264b85a2079d1dd021.jpg', '精選好好喝咖啡豆即日起購買任兩件，第二件即可打七折呦，分享優惠再送濾掛式咖啡一包。', 1, '2017-08-10', '2018-08-10', '快來揪朋友做分享拿好禮喔', '2022-05-31 11:14:27', 5),
(2, '67770f90f0cd1613360177c8f1e04204.jpg', '行動預點專屬 – 週一週二星禮遇', 2, '2022-01-01', '2022-06-30', '一般會員於週一或週二購買輕食即可享8折優惠', '2022-05-31 11:23:10', 1),
(3, '59d8bc28fc669fafff7a8f80b98a6fc5.jpg', '最新消息 / 來拎+B發端午禮金500元啦！官網獨家限量發放', 1, '2022-06-12', '2022-06-13', 'SUMMER SALE! \r\n快來領取端午禮金 𝗡𝗧$𝟱𝟬𝟬\r\n\r\n𝟱.𝟯𝟬 𝗠𝗢𝗡 - 𝟲.𝟴 𝗪𝗘𝗗 官網購買指定咖啡週邊，滿額現折購物金 ，數量有限發完為止 !!', '2022-06-08 22:49:37', 0),
(5, '1db9b63ce778ce7fcee909e0e0808509.jpg', '☀ 幸福大組合  可頌+茶萃咖啡歐蕾 現折15元 ☀', 1, '2022-06-12', '2022-12-31', '咖啡+美食全天候供應，早餐吃、午餐吃，下午茶也想一起吃！\r\n\r\n現在到來拎+B購買「特選火腿起士可頌」或「BBQ煙燻牛肉起士可頌」，加上一杯「茶萃咖啡歐蕾」，優惠折扣15元\r\n\r\n~快到來拎+B享受一杯咖啡與一份可頌的幸福與滿足~', '2022-06-08 23:25:40', 0),
(7, '7f8621fa57e5e0615d66e3058de7cf02.jpg', '新品上市 / 源自日本的 濃萃咖啡球，6/12 起 來拎+B門市搶先品嚐享限時9折', 1, '2022-06-12', '2022-06-29', '濃萃咖啡球是透過日本「獨特的連續筒狀真空高壓萃取技術」與「香氣回收技術」，利用加壓的方式 將咖啡成分萃取出來並完整保留咖啡豆的原始香氣，整體風 味平衡富含核桃堅果香氣，尾韻帶有麥芽糖甜感及奶油滑順的口感，加入鮮乳飲用更濃郁香甜，在家或戶外也能輕鬆享有一杯好咖啡。\r\n濃萃咖啡球(10顆/盒) 於門市＆官網同步販售中。\r\n5.23 MON - 5.27 FRI 新品上市9折嚐鮮價378元 (原價420元)\r\n', '2022-06-09 20:55:06', 0),
(8, '49cb87a708f1e267f53b2b3eefb3d182.jpg', '夏季熱銷精品 水果冷萃重磅回歸', 2, '2022-06-12', '2022-06-23', '沁涼舒心的cold brew冷萃咖啡 + 天然果乾與清香酸甜的果汁 = 來拎+B水果冷萃\r\n\r\n來拎+B水果冷萃去年累積熱銷數萬杯，在許多來拎+B好朋友的許願下，重出江湖\r\n檸檬 / 鳳梨兩種口味選擇，搭配2019 AICA國際咖啡大賽銅獎哥倫翡玉咖啡，冰涼萃取\r\n酸甜好喝、回甘濃郁、提振精神，絕對是每天第二杯咖啡的絕佳選擇\r\n｜會員優惠是一定要的！｜\r\n【2杯 輕鬆喝】檸檬或鳳梨口味，任選2杯原價170元，會員優惠價150元\r\n【4杯 好好喝】檸檬或鳳梨口味，任選4杯原價340元，會員優惠價290元 \r', '2022-06-09 21:06:03', 0),
(10, '5b26a21b3ac211aba5fc417606b005ca.jpg', '☕ 「茶萃咖啡歐蕾」 現萃茶香與經典拿鐵的完美結合 ☕', 2, '2022-06-12', '2022-06-30', '乍暖還寒，大地透露明媚春光，此時咖啡跟茶的癮頭上了心！\r\n\r\n在這個美好季節，來拎+B推出全新研發「茶萃咖啡歐蕾」，以榮獲「AICA澳洲咖啡國際大賽」銅牌的哥倫翡玉精品咖啡豆做為基底\r\n新鮮萃取淺火烘焙烏龍茶，搭配香濃牧場鮮乳\r\n入口即可品嚐到飽滿的茶香、咖啡的甜感與堅果韻味，最後交融在純厚的乳脂中\r\n\r\n以茶引味，達到「拿鐵的全新境界」\r\n同步推出優化升級的「靜岡抹茶小農鮮乳」、「靜岡抹茶小農拿鐵」\r\n延續崙背鮮乳的消費熱潮，搭配日本直輸靜岡抹茶\r\n一口嚐盡春回大地的清爽與滋養，無論冰飲或是熱飲\r\n\r\n', '2022-06-11 00:17:48', 0),
(19, '2e5edaadc8399b8a1aa44930ddd66e80.jpg', '夏季新品｜義式里肌豬三明治', 2, '2022-06-12', '2022-06-13', '熱浪來襲，食慾低落時最怕油膩厚重，即日起來拎+B實體門市、線上訂餐同步推出清爽、低負擔的夏季新品－義式里肌豬，強力主推《義式里肌豬 風味三明治》銅板優惠價$50（定價$65）。\r\n意式里肌豬嚴選義大利醃漬鯷魚和黑椒粒完美醃製，特選脂肪少、肉質緊實的豬里肌，烘烤後黑胡椒辛香撲鼻、椒香鹹鮮的里肌豬搭配清爽生菜、番茄、黃瓜，添上些許蜂蜜芥末醬的酸甜，大口咬下美味滿足！可搭配多款三明治麵包！', '2022-06-11 15:18:05', 0),
(20, '4346fdb01b50d811e3e026b6a8b29791.jpg', '輕奢上市｜法式吐司新系列', 2, '2022-06-12', '2022-06-13', '隱藏在咖啡館裡香甜鬆軟的黃金磚、歷久不衰的經典美食－法式吐司在來拎+B輕奢登場，全新推出《法式吐司系列》新品上市期間嚐鮮現折10元，實體門市和線上訂餐同步開賣！\r\n吐司是《法式吐司》的美味關鍵之一，特選來拎+B自製的甜磚壓用吐司，特製吐司厚度經低溫發酵、烘烤後組織綿密柔軟，將吐司浸泡吸滿牛奶蛋液再次烘烤，表層微焦、蛋奶香氣十足，保有部分吐司鬆軟質地，外酥內軟、濕潤的口感。精選推出簡單不敗「原味蜂蜜」、經典組合「火腿起司」、元氣滿滿「鮪魚」三種口味。', '2022-06-11 15:26:43', 0),
(21, '357e91f90c75691904cbf3a96cb3d777.jpg', '到來拎+B 找尋自己的拿鐵真愛   😋  「微韻輕拿鐵」、「贅沢厚乳拿鐵」秋日幸福上市 ', 2, '2022-06-12', '2022-06-14', '來拎+B推出全新「微韻輕拿鐵」與「贅沢厚乳拿鐵」兩款拿鐵新品\r\n讓廣大拿鐵愛好者，不再選擇困難！\r\n\r\n無論您對拿鐵的的偏好是淡雅滑順，或是需要有四溢的乳香\r\n\r\n在來拎+B都可以找到您的拿鐵真愛。\r\n💯 清爽系「微韻輕拿鐵」：以輕量濃縮咖啡比例，搭配淡麗爽口的鮮奶，淡淡咖啡香氣與甘甜奶味互相映襯，口味清爽、滑順如絲\r\n飲用起來輕盈但香氣悠長。相當適合不喜歡咖啡味太重的消費者。\r\n💯 濃厚系「贅沢厚乳拿鐵」：贅沢為日文豪華、奢侈的意思，用以表現食材的奢華或是口感的豐富。用經過特殊水分蒸散程序的天然牛乳\r\n', '2022-06-11 16:21:17', 0),
(22, 'd87e02b59b55dd00c75260dc3badc0e8.jpg', '凡購買曼巴咖啡豆，即可獲得精美好禮~', 1, '2022-06-13', '2022-06-30', '即日起凡購買曼巴咖啡豆系列任兩件，第二件即可打七折呦，分享優惠再送濾掛式咖啡一包! 贈品數量有限，要買要快喔~', '2022-06-11 17:07:22', 0),
(23, 'eacbfa0087fb2bc6f1c57429e1349b33.jpg', '一同享受炎熱夏日的小確幸，周年慶全品項8折!', 2, '2022-07-01', '2022-07-17', '周年慶活動7/1提前開跑，\r\n本門市於7/1~7/17號，每周二 | 三，\r\n凡來店消費飲品、餐食、甜點，全面8折優惠，\r\n來拎+B陪您渡過炎炎的夏日，趕快來享受這小確幸吧!', '2022-06-11 17:20:32', 0),
(24, 'ef23bf03408de952fea0692318738c50.jpg', '天造地設的幸福絕配 來拎+B即將推出5款經典蛋糕~', 2, '2022-06-13', '2022-12-19', '----風味聯姻 天造地設的幸福絕配---\r\n🍰 卡士達千層蛋糕領軍 來拎+B推出5款經典蛋糕 🍰\r\n以咖啡融入生活的五感，讓生活滋味妝點著咖啡的甘以及蛋糕的甜\r\n來拎+以咖啡風味聯姻概念，打造5款與咖啡絕配的經典甜點\r\n讓咖啡與甜點迷用來拎+好咖啡與經典甜點，幸福包覆著每日生活\r\n即日起到12月19日點購全新的5款「經典甜點」，再加「本日精品」咖啡，可享10元現折優惠~', '2022-06-11 18:25:27', 0);

-- --------------------------------------------------------

--
-- 資料表結構 `mapapi`
--

CREATE TABLE `mapapi` (
  `mapapi_sid` int(11) NOT NULL,
  `mapapi_key` varchar(255) NOT NULL
) ENGINE=InnoDB DEFAULT CHARSET=utf8;

--
-- 傾印資料表的資料 `mapapi`
--

INSERT INTO `mapapi` (`mapapi_sid`, `mapapi_key`) VALUES
(1, 'AIzaSyCBVfTVK3SMBOShZ8yflHk4hXwxiw2YkqM');

-- --------------------------------------------------------

--
-- 資料表結構 `member`
--

CREATE TABLE `member` (
  `member_sid` int(11) NOT NULL,
  `member_name` varchar(255) CHARACTER SET utf8mb4 NOT NULL,
  `member_nickname` varchar(255) CHARACTER SET utf8mb4 NOT NULL,
  `member_account` varchar(255) CHARACTER SET utf8mb4 DEFAULT NULL,
  `member_password` varchar(255) CHARACTER SET utf8mb4 NOT NULL,
  `member_birthday` date DEFAULT NULL,
  `member_mobile` varchar(255) CHARACTER SET utf8mb4 NOT NULL,
  `member_address` varchar(255) CHARACTER SET utf8mb4 NOT NULL,
  `member_mail` varchar(255) CHARACTER SET utf8mb4 NOT NULL,
  `member_like` varchar(255) CHARACTER SET utf8mb4 NOT NULL,
  `member_level` varchar(255) CHARACTER SET utf8mb4 NOT NULL DEFAULT '0',
  `avatar` varchar(255) CHARACTER SET utf8mb4 NOT NULL
) ENGINE=InnoDB DEFAULT CHARSET=utf8mb4 COLLATE=utf8mb4_unicode_ci;

--
-- 傾印資料表的資料 `member`
--

INSERT INTO `member` (`member_sid`, `member_name`, `member_nickname`, `member_account`, `member_password`, `member_birthday`, `member_mobile`, `member_address`, `member_mail`, `member_like`, `member_level`, `avatar`) VALUES
(1, '王曉明', '阿明', 'ming', 'ming', '2022-05-30', '0911222333', '台北市大安區', 'ming@test.com', '', '800', ''),
(2, '小黑', 'black', 'black', 'black', '2022-05-12', '0912345678', '新北市', 'black@test.com', '', '0', '1539960.gif'),
(4, '小白', 'white', 'white', 'white', '2022-06-08', '0911123456', '台北市', 'white@test.com', '', '2000', ''),
(7, '123', '睡覺了', '123', '123', NULL, '123', '123456789', '123@test123', '', '', '1539960.gif'),
(14, '123', '123', '1234', '123', NULL, '123', '123', '123@test123', '', '0', '');

-- --------------------------------------------------------

--
-- 資料表結構 `member_likes`
--

CREATE TABLE `member_likes` (
  `sid` int(11) NOT NULL,
  `member_sid` varchar(255) NOT NULL,
  `post_sid` int(11) NOT NULL
) ENGINE=InnoDB DEFAULT CHARSET=utf8mb4;

--
-- 傾印資料表的資料 `member_likes`
--

INSERT INTO `member_likes` (`sid`, `member_sid`, `post_sid`) VALUES
(116, '1001', 2),
(135, '000666', 2),
(137, '000004', 7),
(139, '000004', 1),
(140, '000001', 1),
(152, '001001', 1001),
(153, '001001', 0),
(154, '001411', 27),
(209, '666', 0),
(334, '666', 72),
(374, '666', 15),
(375, '666', 42),
(376, '001001', 150),
(378, '001001', 1);

-- --------------------------------------------------------

--
-- 資料表結構 `menu`
--

CREATE TABLE `menu` (
  `menu_sid` int(11) NOT NULL,
  `menu_categories` varchar(255) NOT NULL,
  `menu_photo` varchar(255) DEFAULT NULL,
  `menu_name` varchar(255) NOT NULL,
  `menu_kcal` float DEFAULT NULL,
  `menu_price_m` varchar(5) DEFAULT NULL,
  `menu_nutrition` varchar(255) DEFAULT NULL,
  `created_at` datetime NOT NULL
) ENGINE=InnoDB DEFAULT CHARSET=utf8;

--
-- 傾印資料表的資料 `menu`
--

INSERT INTO `menu` (`menu_sid`, `menu_categories`, `menu_photo`, `menu_name`, `menu_kcal`, `menu_price_m`, `menu_nutrition`, `created_at`) VALUES
(1, '4', 'cake001.jpg', '蛋糕1', 381.4, '70', '咖啡因含量:黃101-200mg/杯', '2022-06-10 00:00:00'),
(2, '4', 'cake002.jpg', '蛋糕2', 275.4, '80', '咖啡因含量:黃101-200mg/杯', '2022-06-11 00:00:00'),
(3, '4', 'cake003.jpg', '蛋糕3', 260.5, '70', '咖啡因含量:黃101-200mg/杯', '2022-06-12 00:00:00'),
(4, '4', 'cake004.jpg', '美式黑咖啡', 23.4, '50', '咖啡因含量:黃101-200mg/杯', '2022-06-13 00:00:00'),
(5, '3', 'cake005.jpg', '黑糖風味拿鐵', 375.2, '80', '咖啡因含量:黃101-200mg/杯', '2022-06-14 00:00:00'),
(6, '1', 'food001.jpeg', '食物1', 231.3, '70', '咖啡因含量:綠100mg/杯', '2022-06-15 00:00:00'),
(7, '2', 'salad001.jpeg', '沙拉1', 240.5, '90', '咖啡因含量:黃101-200mg/杯', '2022-06-16 00:00:00'),
(8, '5', '9d8671c15bb0b49dee3efb42a3069ed8.jpg', '拿鐵歐蕾', 197.5, '75', '咖啡因含量:綠100mg以下/杯', '2022-06-17 00:00:00'),
(9, '經典義式系列', 'd2d87c13394493eabdd11b103eb064f3.png', '義式摩卡', 368, '80', '咖啡因含量:黃101-200mg/杯', '2022-06-18 00:00:00'),
(10, '精品咖啡', 'd9a76cfe99cf192d735c9c9cb70d4448.jpg', '莊園級美式', 15.5, '60', '咖啡因含量:紅201mg/杯', '2022-06-19 00:00:00'),
(11, '精品咖啡', 'b3d11ac20f069a07f15bd5c498335555.jpg', '莊園級拿鐵', 267.7, '80', '咖啡因含量:紅201mg/杯', '2022-06-20 00:00:00'),
(12, '精品咖啡', '75e5cbe6cc51ad01657f623c0d099b1e.jpg', '哥倫比亞', 4, '95', '咖啡因含量:黃101-200mg/杯', '2022-06-21 00:00:00'),
(13, '精品咖啡', '6e21e68eb8f62bcc4246bc62dcd0d4ae.jpg', '曼巴', 4, '95', '咖啡因含量:黃101-200mg/杯', '2022-06-22 00:00:00'),
(14, '精品咖啡', '4131a52558bd761115c72d8bf080fe27.jpg', '黃金曼特寧', 4, '95', '咖啡因含量:黃101-200mg/杯', '2022-06-23 00:00:00'),
(15, '精品咖啡', '733bae90259eeca1be4e770face3928d.jpg', '肯亞 精選小農', 4, '95', '咖啡因含量:黃101-200mg/杯', '2022-06-24 00:00:00'),
(16, '精品咖啡', 'd70f655a4d141c7f8d350dfdab6a149d.jpg', '莊園老饕深焙', 4, '95', '咖啡因含量:黃101-200mg/杯', '2022-06-25 00:00:00'),
(17, '精品咖啡', '5c12bdc581899e387e4b30759fef309a.jpg', '耶加雪菲', 4, '100', '咖啡因含量:黃101-200mg/杯', '2022-06-26 00:00:00'),
(18, '其他飲品', 'b1c356819ea30ce2ab7cce65ada72a0d.png', '義式巧克力', 378, '60', '總糖量:64.1公克', '2022-06-27 00:00:00'),
(19, '其他飲品', 'aed82eb7f25076a5759aba638a9ef9cd.jpg', '愛丁堡女王紅茶', 50, '40', '茶葉產地:印度、斯里蘭卡、尼泊爾、台灣、越南', '2022-06-28 00:00:00'),
(20, '其他飲品', '2cd478061562819a23f4e0b50c8a1950.jpg', '宇治奶茶', 345, '50', '茶葉產地:日本京都府', '2022-06-29 00:00:00'),
(33, '其他飲品', '20210217_025217.jpeg', '英國百年茶莊紅茶冰沙', 475, '50', '紅茶產地：英國', '2022-06-12 00:04:21'),
(34, '精品咖啡', '0be476a58dd4f86a22117bd31b0ce468.jpg', '咖啡拿鐵', 4324, '55', '咖啡因含量:黃101-200mg/杯', '2022-06-12 12:03:34'),
(35, '精品咖啡', '2bc4ad5f136d9bddd94def6ead5051fa.jpg', '咖啡拿鐵 (冰)', 381.41, '4324', '423', '2022-06-12 17:40:39');

-- --------------------------------------------------------

--
-- 資料表結構 `menu1`
--

CREATE TABLE `menu1` (
  `menu_sid` int(11) NOT NULL,
  `menu_categories` varchar(255) NOT NULL,
  `menu_photo` varchar(255) DEFAULT NULL,
  `menu_name` varchar(255) NOT NULL,
  `menu_kcal` float DEFAULT NULL,
  `menu_price_m` varchar(5) DEFAULT NULL,
  `menu_price_l` varchar(5) DEFAULT NULL,
  `menu_nutrition` varchar(255) DEFAULT NULL,
  `created_at` datetime NOT NULL
) ENGINE=InnoDB DEFAULT CHARSET=utf8;

--
-- 傾印資料表的資料 `menu1`
--

INSERT INTO `menu1` (`menu_sid`, `menu_categories`, `menu_photo`, `menu_name`, `menu_kcal`, `menu_price_m`, `menu_price_l`, `menu_nutrition`, `created_at`) VALUES
(1, '經典義式系列', NULL, '咖啡拿鐵 (冰)', 381.4, '70', '90', NULL, '2022-05-28 00:00:00'),
(3, '經典義式系列', NULL, '卡布奇諾 (冰)', 266.7, '70', '90', NULL, '2022-05-30 00:00:00'),
(4, '經典義式系列', NULL, '卡布奇諾 (熱)', 260.5, '70', '90', NULL, '2022-05-31 00:00:00'),
(5, '經典義式系列', NULL, '美式黑咖啡 (冰)', 23.4, '50', '65', NULL, '2022-06-01 00:00:00'),
(7, '經典義式系列', NULL, '焦糖瑪奇朵 (冰)', 371.3, '80', '100', NULL, '2022-06-03 00:00:00'),
(8, '經典義式系列', NULL, '焦糖瑪奇朵 (熱)', 275.4, '80', '100', NULL, '2022-06-04 00:00:00'),
(9, '經典義式系列', NULL, '義式摩卡 (冰)', 368, '80', '100', NULL, '2022-06-05 00:00:00'),
(10, '經典義式系列', NULL, '義式摩卡 (熱)', 289.6, '80', '100', NULL, '2022-06-06 00:00:00'),
(11, '經典義式系列', NULL, '黑糖風味拿鐵 (冰)', 375.2, '80', '100', NULL, '2022-06-07 00:00:00'),
(12, '經典義式系列', NULL, '黑糖風味拿鐵 (熱)', 299, '80', '100', NULL, '2022-06-08 00:00:00'),
(13, '精品咖啡', NULL, '莊園級美式 (冰)', 15.5, '60', '80', NULL, '2022-06-09 00:00:00'),
(14, '精品咖啡', NULL, '莊園級美式 (熱)', 15.5, '60', '80', NULL, '2022-06-10 00:00:00'),
(15, '精品咖啡', NULL, '莊園級拿鐵 (冰)', 267.7, '80', '100', NULL, '2022-06-11 00:00:00'),
(16, '精品咖啡', NULL, '莊園級拿鐵 (熱)', 214.3, '80', '100', NULL, '2022-06-12 00:00:00'),
(17, '精品咖啡', NULL, '耶加雪菲 (冰)', 4, '100', NULL, NULL, '2022-06-13 00:00:00'),
(18, '精品咖啡', NULL, '耶加雪菲 (熱)', 7.2, '100', NULL, NULL, '2022-06-14 00:00:00'),
(19, '其他飲品', NULL, '愛丁堡女王紅茶', 50, '40', NULL, NULL, '2022-06-15 00:00:00'),
(20, '其他飲品', NULL, '宇治奶茶', 345, '50', NULL, NULL, '2022-06-16 00:00:00'),
(21, '其他飲品', NULL, '義式巧克力', 378, '60', NULL, NULL, '2022-06-17 00:00:00'),
(22, '其他飲品', NULL, '紅翠青檸茶', 187.5, '50', NULL, NULL, '2022-06-18 00:00:00'),
(23, '其他飲品', NULL, '紅蜜鮮奶茶', 456.2, '60', NULL, NULL, '2022-06-19 00:00:00'),
(24, '其他飲品', NULL, '水蜜桃蘋果茶', 345.1, '50', NULL, NULL, '2022-06-20 00:00:00'),
(25, '貝果', NULL, '火腿貝果', 399.6, '60', NULL, NULL, '2022-06-21 00:00:00'),
(26, '貝果', NULL, '蔬菜貝果', 356.2, '60', NULL, NULL, '2022-06-22 00:00:00'),
(27, '貝果', NULL, '鮪魚貝果', 422.6, '60', NULL, NULL, '2022-06-23 00:00:00'),
(28, '貝果', NULL, '牛肉貝果', 400.3, '70', NULL, NULL, '2022-06-24 00:00:00'),
(29, '瑪芬堡', NULL, '豬肉起司瑪芬堡', 358.7, '55', NULL, NULL, '2022-06-25 00:00:00'),
(30, '瑪芬堡', NULL, '豬肉瑪芬堡', 400, '55', NULL, NULL, '2022-06-26 00:00:00'),
(31, '瑪芬堡', NULL, '雙層豬肉瑪芬堡', 516.9, '75', NULL, NULL, '2022-06-27 00:00:00'),
(33, '三明治', NULL, '火腿三明治', 312.7, '45', NULL, NULL, '2022-06-29 00:00:00'),
(36, '口袋歐姆蛋', NULL, '起司歐姆蛋', 270, '50', NULL, NULL, '2022-07-02 00:00:00'),
(37, '口袋歐姆蛋', NULL, '培根歐姆蛋', 295.2, '60', NULL, NULL, '2022-07-03 00:00:00'),
(38, '口袋歐姆蛋', NULL, '鮪魚歐姆蛋', 296.9, '60', NULL, NULL, '2022-07-04 00:00:00'),
(39, '口袋歐姆蛋', NULL, '蔬菜歐姆蛋', 260.5, '60', NULL, NULL, '2022-07-05 00:00:00'),
(53, '經典義式系列3', NULL, '咖啡拿鐵 (冰)', 381.4, '70', '90', NULL, '2022-05-28 20:48:19'),
(54, '咖啡', NULL, '義式拿鐵', 183, '0', '120', '09605', '2022-05-28 20:48:54'),
(55, '咖啡', NULL, '義式咖啡', 122, '1', '120', '09426', '2022-05-28 20:48:54'),
(56, '咖啡', NULL, '義式拿鐵', 129, '2', '120', '09857', '2022-05-28 20:48:54'),
(57, '咖啡', NULL, '美式拿鐵', 166, '3', '120', '09600', '2022-05-28 20:48:54'),
(58, '咖啡', NULL, '義式拿鐵', 127, '4', '120', '09475', '2022-05-28 20:48:54'),
(59, '咖啡', NULL, '美式拿鐵', 194, '5', '120', '09992', '2022-05-28 20:48:54'),
(60, '咖啡', NULL, '美式咖啡', 173, '6', '120', '09506', '2022-05-28 20:48:54'),
(61, '咖啡', NULL, '義式拿鐵', 165, '7', '120', '09553', '2022-05-28 20:48:54'),
(62, '咖啡', NULL, '精品拿鐵', 174, '8', '120', '09910', '2022-05-28 20:48:54'),
(63, '咖啡', NULL, '義式咖啡', 175, '9', '120', '09663', '2022-05-28 20:48:54'),
(65, '哈哈哈哈哈哈', '哈哈哈哈哈哈', '哈哈哈哈哈哈', 77, '111', '1111', '1111', '2022-05-29 02:56:09'),
(66, '哈哈哈哈哈哈', '哈哈哈哈哈哈', '哈哈哈哈哈哈', 77, '111', '1111', '1111', '2022-05-29 02:57:31'),
(67, '經典義式系列', '1111', '咖啡拿鐵 (冰)', 381.4, '70', '90', '11111', '2022-05-30 01:31:53'),
(69, '2', NULL, '14324', 4342, '4324', '4234', '42342', '2022-05-31 20:43:31'),
(70, '2', NULL, '14324', 4342, '4324', '4234', '42342', '2022-05-31 20:45:32'),
(71, '其他飲品', NULL, '3423', 4324, '4234', '432', '342', '2022-05-31 20:45:53'),
(72, '精品咖啡', NULL, 'tttt', 543534, '54353', '5345', '5435', '2022-05-31 23:47:36'),
(73, '其他飲品', NULL, '哈哈哈哈哈哈', 4324, '42342', '43242', '4324324', '2022-06-01 00:08:25'),
(74, '貝果', NULL, '34324', 324, '324', '4234', '43242', '2022-06-01 00:43:17'),
(75, '其他飲品', NULL, '43423', 6765, '6576', '76575', '7567', '2022-06-01 09:20:57'),
(76, '其他飲品', NULL, '43423', 6765, '6576', '76575', '7567', '2022-06-01 09:20:59'),
(77, '其他飲品', NULL, '43423', 6765, '6576', '76575', '7567', '2022-06-01 09:21:01'),
(78, '其他飲品', NULL, '43423', 6765, '6576', '76575', '7567', '2022-06-01 09:21:27'),
(79, '其他飲品', NULL, '43423', 6765, '6576', '76575', '7567', '2022-06-01 09:21:42'),
(80, '貝果', NULL, '4534', 5435, '5435', '54353', '4353', '2022-06-01 09:22:39'),
(81, '貝果', NULL, '4534', 5435, '5435', '54353', '4353', '2022-06-01 09:23:14'),
(82, '精品咖啡', '', 't544234', 3423, '43242', '43243', '43242', '2022-06-01 10:28:25');

-- --------------------------------------------------------

--
-- 資料表結構 `news_class`
--

CREATE TABLE `news_class` (
  `class_sid` int(11) NOT NULL,
  `class_name` varchar(255) NOT NULL
) ENGINE=InnoDB DEFAULT CHARSET=utf8mb4;

--
-- 傾印資料表的資料 `news_class`
--

INSERT INTO `news_class` (`class_sid`, `class_name`) VALUES
(1, '商品'),
(2, '美食'),
(3, '課程');

-- --------------------------------------------------------

--
-- 資料表結構 `order`
--

CREATE TABLE `order` (
  `order_sid` int(11) NOT NULL,
  `order_time` datetime NOT NULL,
  `order_pay` char(255) CHARACTER SET utf8mb4 NOT NULL,
  `order_pay_info` char(255) CHARACTER SET utf8mb4 DEFAULT NULL,
  `order_deliver` char(255) CHARACTER SET utf8mb4 NOT NULL,
  `order_address` char(255) CHARACTER SET utf8mb4 NOT NULL,
  `order_member_id` int(11) NOT NULL,
  `order_coupon_id` int(11) DEFAULT NULL,
  `order_price` int(11) NOT NULL,
  `order_id` char(255) CHARACTER SET utf8mb4 NOT NULL
) ENGINE=InnoDB DEFAULT CHARSET=utf8;

--
-- 傾印資料表的資料 `order`
--

INSERT INTO `order` (`order_sid`, `order_time`, `order_pay`, `order_pay_info`, `order_deliver`, `order_address`, `order_member_id`, `order_coupon_id`, `order_price`, `order_id`) VALUES
(1, '2022-05-31 14:29:48', '店內取貨付款', '店內取貨付款', '店內取貨', '本店', 1, 2, 1160, '531142948'),
(2, '2022-05-31 14:50:43', 'ATM轉帳', '700-24416794519754', '郵寄', '655 雲林縣元長鄉子茂33號', 3, 7, 872, '531145043'),
(20, '2022-06-08 13:14:45', 'ATM轉帳', '700-561356135614', '郵寄', '932 屏東縣新園鄉仙鯉路19號', 1, 3, 412, '1654665285'),
(21, '2022-06-10 17:29:37', 'ATM轉帳', '700-561356135614', '郵寄', '932 屏東縣新園鄉仙鯉路19號', 1, NULL, 1110, '1654853377'),
(22, '2022-06-10 22:38:47', 'ATM轉帳', '700-54144165146541', '郵寄', '514 彰化縣溪湖鎮水源一街13號', 1, 3, 3005, '1654871927'),
(23, '2022-06-10 22:44:00', '店內取貨付款', NULL, '店內取貨', '本店', 1, NULL, 1920, '1654872240'),
(24, '2022-06-10 22:49:55', '店內取貨付款', NULL, '店內取貨', '本店', 1, NULL, 1110, '1654872595'),
(25, '2022-06-10 22:50:53', '店內取貨付款', NULL, '店內取貨', '本店', 1, NULL, 1110, '1654872653'),
(26, '2022-06-10 23:36:07', 'ATM轉帳', '700-54144165146541', '店內取貨', '本店', 1, NULL, 930, '1654875367'),
(27, '2022-06-13 08:49:58', '店內取貨付款', NULL, '店內取貨', '本店', 1, NULL, 3960, '1655081398'),
(28, '2022-06-13 10:20:21', 'ATM轉帳', '700-514561561', '郵寄', '913 屏東縣萬丹鄉維新路23號', 1, 13, 2530, '1655086821');

-- --------------------------------------------------------

--
-- 資料表結構 `points_record`
--

CREATE TABLE `points_record` (
  `sid` int(11) NOT NULL,
  `member_sid` int(11) NOT NULL,
  `type` int(11) NOT NULL,
  `points_get` int(255) DEFAULT NULL,
  `create_at` date NOT NULL
) ENGINE=InnoDB DEFAULT CHARSET=utf8mb4;

--
-- 傾印資料表的資料 `points_record`
--

INSERT INTO `points_record` (`sid`, `member_sid`, `type`, `points_get`, `create_at`) VALUES
(1, 1, 1, 10, '2022-06-02'),
(2, 2, 2, -300, '2022-06-03'),
(3, 3, 1, 10, '2022-06-03'),
(4, 1, 1, 10, '2022-06-04'),
(5, 1, 1, 10, '2022-06-05'),
(6, 3, 2, -300, '2022-06-05'),
(7, 4, 1, 10, '2022-06-03'),
(8, 4, 1, 10, '2022-06-04'),
(9, 4, 1, 10, '2022-06-05'),
(10, 7, 1, 10, '2022-06-03'),
(11, 7, 1, 10, '2022-06-04'),
(12, 7, 1, 10, '2022-06-05'),
(13, 1, 2, -300, '2022-06-05'),
(14, 1, 2, -300, '2022-06-06'),
(15, 1, 2, -300, '2022-06-07'),
(16, 1, 2, -300, '2022-06-08'),
(17, 1, 2, -300, '2022-06-08'),
(18, 1, 2, -300, '2022-06-09'),
(19, 1, 1, 10, '2022-06-07'),
(20, 1, 1, 10, '2022-06-08'),
(21, 1, 1, 10, '2022-06-10');

-- --------------------------------------------------------

--
-- 資料表結構 `points_user`
--

CREATE TABLE `points_user` (
  `sid` int(11) NOT NULL,
  `member_sid` int(11) NOT NULL,
  `total_points` int(255) DEFAULT NULL,
  `voucher_amount` int(11) DEFAULT NULL
) ENGINE=InnoDB DEFAULT CHARSET=utf8mb4;

--
-- 傾印資料表的資料 `points_user`
--

INSERT INTO `points_user` (`sid`, `member_sid`, `total_points`, `voucher_amount`) VALUES
(1, 1, 800, 1),
(2, 2, 0, 2),
(3, 3, 700, 5),
(4, 4, 2000, 3),
(5, 5, 0, 0),
(6, 6, 500, 10),
(7, 7, 600, 14),
(666, 666, 0, 0),
(1001, 1001, 0, 0),
(1006, 1005, 0, 11),
(1042, 1042, 0, 2),
(1408, 1408, 0, 12),
(1409, 1409, 0, 3),
(1412, 1412, 0, 2),
(1413, 1413, 0, 0),
(1414, 1414, 0, 1);

-- --------------------------------------------------------

--
-- 資料表結構 `post`
--

CREATE TABLE `post` (
  `sid` int(11) NOT NULL,
  `title` varchar(255) NOT NULL,
  `content` varchar(255) NOT NULL,
  `member_nickname` varchar(255) NOT NULL,
  `member_sid` int(11) NOT NULL,
  `likes` int(11) NOT NULL DEFAULT 0,
  `comments` int(11) NOT NULL DEFAULT 0,
  `topic_sid` int(11) NOT NULL,
  `created_at` datetime NOT NULL,
  `updated_at` datetime DEFAULT NULL,
  `delete_state` int(11) NOT NULL DEFAULT 0
) ENGINE=InnoDB DEFAULT CHARSET=utf8;

--
-- 傾印資料表的資料 `post`
--

INSERT INTO `post` (`sid`, `title`, `content`, `member_nickname`, `member_sid`, `likes`, `comments`, `topic_sid`, `created_at`, `updated_at`, `delete_state`) VALUES
(1, '體驗拉花', '每次看到咖啡師的拉花作品，再看看咖啡師拉花的動作看似簡單，胃痛一直很想要體驗拉花，想不到自己實際操作一遍，操作起來還真的不簡單啊。', '帥氣a小明', 1001, 12, 3, 3, '2022-05-31 04:35:39', '2022-06-13 10:11:56', 1),
(2, '狗狗拉花課程', '每次看到咖啡師的拉花作品，再看看咖啡師拉花的動作看似簡單，胃痛一直很想要體驗拉花，想不到自己實際操作一遍，操作起來還真的不簡單啊。', '帥氣a小明', 1001, 3, 2, 1, '2022-05-31 04:35:39', '2022-06-10 10:05:20', 0),
(143, '分享好喝咖啡豆', '這種事實對本人來說意義重大，相信對這個世界也是有一定意義的。蘇霍姆林斯基深信，愛，首先意味著奉獻，意味著把自己心靈的力量獻給所愛的人，為所愛的人創造幸福。這影響了我的價值觀。一般來說，列寧曾說過，患難識朋友。這句話看似簡單，卻埋藏了深遠的意義。看看別人，再想想自己，會發現問題的核心其實就在你身旁。當前最急迫的事，想必就是釐清疑惑了。在這種不可避免的衝突下，我們必須解決這個問題。咖啡豆似乎是一種巧合，但如果我們從一個更大的角度看待問題，這似乎是一種不可避免的事實。', 'Hank', 1408, 0, 0, 2, '2022-06-13 00:13:33', NULL, 0),
(144, '分享她們家的土司 超好吃的拉', ' 加里寧講過一句值得人反覆尋思的話，無論哪個時代，青年的特點總是懷抱著各種理想和幻想。這並不是什麼毛病，而是一種寶貴的品質。這影響了我的價值觀。我們不得不相信，齊秦曾經提過，令人不能自拔的，除了牙齒還有愛情。這激勵了我。想必大家都能了解吐司的重要性。回過神才發現，思考吐司的存在意義，已讓我廢寢忘食。需要考慮周詳吐司的影響及因應對策。伏契克曾講過，英雄就是這樣一個人，他在決定性關頭做了為人類社會的利益所需要的事。請諸位將這段話在心中默念三遍。', 'Hank', 1408, 2, 1, 2, '2022-06-13 00:14:52', NULL, 0),
(145, '可愛貓咪會翻跟斗', '可愛貓咪會翻跟斗', 'Hank', 1408, 3, 0, 3, '2022-06-13 00:16:19', NULL, 0),
(146, '手沖基礎班上完心得', '逸經告訴我們，不要對每一個故事都信以為真。這激勵了我。每個人都不得不面對這些問題。在面對這種問題時，務必詳細考慮手沖的各種可能。馮學峰說過一句富有哲理的話，當一個人用工作去迎接光明，光明很快就會來照耀著他。這段話對世界的改變有著深遠的影響。拉蒙納斯說過一句著名的話，良心是公正廉潔的法官。這句話幾乎解讀出了問題的根本。', 'Hank', 1408, 2, 0, 1, '2022-06-13 00:17:56', NULL, 0),
(147, '手沖基礎班讚讚', '逸經告訴我們，不要對每一個故事都信以為真。這激勵了我。每個人都不得不面對這些問題。在面對這種問題時，務必詳細考慮手沖的各種可能。馮學峰說過一句富有哲理的話，當一個人用工作去迎接光明，光明很快就會來照耀著他。這段話對世界的改變有著深遠的影響。拉蒙納斯說過一句著名的話，良心是公正廉潔的法官。這句話幾乎解讀出了問題的根本。', '新手大圓', 1005, 3, 1, 1, '2022-06-13 00:17:56', NULL, 0),
(148, '基礎班課程', '逸經告訴我們，不要對每一個故事都信以為真。這激勵了我。每個人都不得不面對這些問題。在面對這種問題時，務必詳細考慮手沖的各種可能。馮學峰說過一句富有哲理的話，當一個人用工作去迎接光明，光明很快就會來照耀著他。這段話對世界的改變有著深遠的影響。拉蒙納斯說過一句著名的話，良心是公正廉潔的法官。這句話幾乎解讀出了問題的根本。', '新手大圓', 1005, 1, 0, 1, '2022-06-13 00:17:56', NULL, 0),
(149, '拉花課程很有趣欸', '拉花課程很有趣欸', 'Hank', 1408, 0, 0, 1, '2022-06-13 00:23:26', NULL, 0),
(150, '薯條粗的不好粗 不粗的好粗', '薯條粗的不好粗 不粗的好粗<br/>好粗好粗', 'Hank', 1408, 4, 2, 2, '2022-06-13 00:31:50', NULL, 0),
(151, '跟大家分享一個很酷的東西', '我也不知道是甚麼', '新手大圓', 1005, 0, 0, 3, '2022-06-13 00:36:56', NULL, 0),
(152, '大隻法國麵包', '大隻法國麵包', '新手大圓', 1005, 0, 0, 2, '2022-06-13 00:37:27', NULL, 0),
(153, '我的拉花 就問你贊不贊', '讚嗎?', '新手大圓', 1005, 2, 0, 1, '2022-06-13 00:38:12', NULL, 0),
(154, '分享店內環境-台北店', '讚', '新手大圓', 1005, 1, 0, 3, '2022-06-13 00:41:30', NULL, 0),
(155, '分享天母店環境', '分享天母店環境', '新手大圓', 1005, 1, 0, 3, '2022-06-13 00:42:19', NULL, 0),
(156, '拿鐵拉花', '拿鐵拉花', '新手大圓', 1005, 0, 0, 1, '2022-06-13 00:43:44', NULL, 0),
(157, '第一次拉花就上手', '第一次拉花就上手', '新手大圓', 1005, 1, 0, 1, '2022-06-13 00:44:17', NULL, 0),
(158, '拉花爛', '爛', '來亂的', 999, 0, 0, 1, '2022-06-13 00:44:17', NULL, 0),
(159, '爛芭樂', '爛', '來亂的', 999, 0, 0, 1, '2022-06-13 00:44:17', NULL, 0),
(160, '爛芭樂爛爛爛', '爛', '來亂的', 999, 0, 0, 1, '2022-06-13 00:44:17', NULL, 1),
(161, '拉花好無聊', '爛', '來亂的', 999, 1, 1, 1, '2022-06-13 00:44:17', '2022-06-13 01:08:05', 0),
(162, '貓咪狗狗拉花', '貓咪狗狗拉花', '老皮', 886, 0, 0, 1, '2022-06-13 01:10:33', NULL, 0),
(164, '幽靈拉花課程', '幽靈拉花課程', '老皮', 886, 0, 0, 1, '2022-06-13 01:12:02', NULL, 0),
(165, '咖發豆課程', '咖發豆課程', '老皮', 886, 0, 0, 1, '2022-06-13 01:12:49', NULL, 0),
(166, '厲害的麵包', '厲害的麵包', '老皮', 886, 2, 0, 2, '2022-06-13 01:13:29', NULL, 0),
(167, '分享台中店環境', '分享台中店環境', '老皮', 886, 2, 0, 3, '2022-06-13 01:14:20', NULL, 0),
(168, '分享我家的可愛狗溝', '分享我家的可愛狗溝', '老皮', 886, 2, 0, 1, '2022-06-13 01:16:13', NULL, 0),
(169, '你分得出咖啡豆嗎', '分不出', '帥氣a小明', 1001, 0, 0, 1, '2022-06-13 01:29:19', NULL, 0),
(170, '拿鐵好喝的秘訣', '拿鐵好喝的秘訣', '帥氣a小明', 1001, 0, 0, 1, '2022-06-13 01:30:20', NULL, 0),
(171, '好吃的可頌值得一吃再吃', '好吃的可頌值得一吃再吃', 'Tommy', 666, 0, 0, 2, '2022-06-13 01:33:38', NULL, 0),
(172, '震驚!!', '震驚!!', '帥氣a小明', 1001, 0, 0, 2, '2022-06-13 01:35:20', NULL, 0),
(173, '看起來很好吃喔', '123', '帥氣a小明', 1001, 0, 0, 1, '2022-06-13 01:36:22', NULL, 0),
(174, '歪國人煮咖啡', '歪國人', '帥氣a小明', 1001, 0, 0, 3, '2022-06-13 01:37:06', NULL, 0),
(175, '我上一堂課就拉成這樣是不是天才', '我上一堂課就拉成這樣是不是天才', '帥氣a小明', 1001, 0, 0, 1, '2022-06-13 01:37:57', NULL, 0),
(176, '濾掛咖啡分享', '濾掛咖啡分享', 'Tommy', 666, 0, 0, 1, '2022-06-13 01:40:39', NULL, 0),
(177, 'test', 'test', '帥氣a小明', 1001, 0, 0, 1, '2022-06-13 10:09:07', NULL, 0);

-- --------------------------------------------------------

--
-- 資料表結構 `post_img`
--

CREATE TABLE `post_img` (
  `sid` int(11) NOT NULL,
  `img_name` varchar(255) NOT NULL,
  `post_sid` int(11) NOT NULL,
  `sort` int(11) NOT NULL DEFAULT 1
) ENGINE=InnoDB DEFAULT CHARSET=utf8mb4;

--
-- 傾印資料表的資料 `post_img`
--

INSERT INTO `post_img` (`sid`, `img_name`, `post_sid`, `sort`) VALUES
(0, 'default_pic.jpg', 0, 1),
(1, 'flower2.jpg', 1, 1),
(2, 'flower1.jpg', 1, 2),
(3, 'default_pic.jpg', 2, 1),
(4, 'flower4.jpg', 1, 2),
(5, 'flower3.jpg', 1, 3),
(710, '20220612_18_e05d65.jpg', 143, 1),
(711, '20220612_18_dd3783.jpg', 144, 1),
(712, '20220612_18_5b1c83.jpg', 145, 1),
(713, '20220612_18_971a6d.jpg', 146, 1),
(714, 'coffee_.jpg', 147, 1),
(715, '20220612_18_b884ba.jpg', 149, 1),
(716, '20220612_18_c7414c.jpg', 150, 1),
(717, '20220612_18_2f107d.jpg', 151, 1),
(718, '20220612_18_4afe78.png', 152, 1),
(719, '20220612_18_f4cd37.jpg', 153, 1),
(720, '20220612_18_cfa2df.jpg', 154, 1),
(721, '20220612_18_fa4998.jpg', 154, 2),
(722, '20220612_18_e3223b.jpg', 155, 1),
(723, '20220612_18_11202e.jpg', 156, 1),
(724, '20220612_18_b058f2.jpg', 157, 1),
(725, 'sss.jpg', 158, 1),
(726, 'sss.jpg', 159, 1),
(727, 'sss.jpg', 160, 1),
(728, 'sss.jpg', 161, 1),
(729, '20220612_19_15a0d5.jpg', 162, 1),
(730, '20220612_19_15a0d5.jpg', 163, 1),
(731, '20220612_19_af0abe.jpg', 164, 1),
(732, '20220612_19_3610a3.jpg', 165, 1),
(733, '20220612_19_6e9ff1.jpg', 166, 1),
(734, '20220612_19_fed80e.jpg', 167, 1),
(735, '20220612_19_ec5a18.jpg', 168, 1),
(738, '20220612_19_28ce2e.jpg', 169, 1),
(739, '20220612_19_af195a.jpg', 170, 1),
(740, '20220612_19_bb7904.jpg', 171, 1),
(741, '20220612_19_b51e8e.jpg', 172, 1),
(742, '20220612_19_998a77.jpg', 173, 1),
(743, '20220612_19_4a3ede.jpg', 174, 1),
(744, '20220612_19_cc8797.png', 175, 1),
(745, '20220612_19_779248.jpg', 176, 1),
(746, '20220613_04_454847.jpg', 177, 1),
(747, '20220613_04_3abeec.jpg', 177, 2),
(748, '20220613_04_6993d4.jpg', 177, 3);

-- --------------------------------------------------------

--
-- 資料表結構 `post_tag`
--

CREATE TABLE `post_tag` (
  `sid` int(11) NOT NULL,
  `post_sid` int(11) NOT NULL,
  `tag_sid` int(11) NOT NULL
) ENGINE=InnoDB DEFAULT CHARSET=utf8mb4;

--
-- 傾印資料表的資料 `post_tag`
--

INSERT INTO `post_tag` (`sid`, `post_sid`, `tag_sid`) VALUES
(38, 143, 16),
(39, 143, 1),
(40, 145, 17),
(41, 146, 18),
(42, 149, 4),
(43, 149, 2),
(44, 149, 19),
(45, 149, 3),
(46, 150, 20),
(47, 150, 21),
(48, 150, 22),
(49, 152, 23),
(50, 153, 2),
(51, 154, 24),
(52, 154, 25),
(53, 155, 24),
(54, 156, 1),
(55, 156, 2),
(56, 157, 2),
(57, 161, 26),
(58, 162, 27),
(59, 162, 2),
(60, 163, 27),
(61, 163, 2),
(62, 164, 27),
(63, 167, 24),
(64, 168, 17),
(65, 169, 16),
(66, 169, 28),
(67, 170, 1),
(68, 171, 22),
(69, 171, 29),
(70, 175, 18),
(71, 175, 2),
(72, 175, 27),
(73, 176, 16),
(74, 177, 30),
(75, 177, 31),
(76, 177, 26),
(77, 1, 3),
(78, 1, 32);

-- --------------------------------------------------------

--
-- 資料表結構 `products`
--

CREATE TABLE `products` (
  `products_sid` int(11) NOT NULL,
  `products_number` varchar(255) NOT NULL DEFAULT 'UNIX_TIMESTAMP()',
  `products_name` varchar(255) NOT NULL,
  `products_info` varchar(255) NOT NULL,
  `products_intro` varchar(255) NOT NULL,
  `products_spec` varchar(255) NOT NULL,
  `products_price` int(255) NOT NULL,
  `products_forsale` int(255) NOT NULL,
  `products_onsale` int(255) NOT NULL,
  `products_stack` int(255) NOT NULL,
  `products_with_products_categories_sid` int(255) NOT NULL,
  `products_pic` varchar(255) DEFAULT NULL,
  `products_picMuti` varchar(255) DEFAULT NULL
) ENGINE=InnoDB DEFAULT CHARSET=utf8mb4;

--
-- 傾印資料表的資料 `products`
--

INSERT INTO `products` (`products_sid`, `products_number`, `products_name`, `products_info`, `products_intro`, `products_spec`, `products_price`, `products_forsale`, `products_onsale`, `products_stack`, `products_with_products_categories_sid`, `products_pic`, `products_picMuti`) VALUES
(1, '1658890257', '肯亞AA TOP(十包一入)', 'AA TOP最高等級的肯亞咖啡豆其濃郁的黑梅香氣,口感豐富且尾韻悠長,轉化為肯亞特有的甜,一入口紅酒般的餘韻在口中揮之不去', '產地:非洲<br /><br />處理法:水洗<br /><br />風味:黑梅/李子/葡萄<br /><br />AA TOP最高等級的肯亞咖啡豆其濃郁的黑梅香氣,口感豐富且尾韻悠長,轉化為肯亞特有的甜,一入口紅酒般的餘韻在口中揮之不去', '成分：100% 阿拉比卡咖啡豆<br /><br />商品規格：10g x 10包 　<br /><br />製造地：台灣<br /><br />保存期限：18個月，製造日期如包裝標示<br /><br />儲存方法：咖啡豆均屬新鮮烘焙，因此我們建議您最佳賞味期間內飲用完畢<br /><br />咖啡因含量：41.1mg / 包<br /><br />', 370, 1, 0, 3000, 1, 'bag1-1.jpg', 'bag1-1.jpg,bag1-2.jpg,bag1-3.jpg'),
(2, '1658890306', '模範生(十包一入)', '具有豐富的芳香水果酸氣迷人,且帶有柑橘的明亮甜感,巧克力的餘韻油脂感特佳', '產地:哥倫比亞<br /><br />處理法:水洗<br /><br />風味:柑橘/可可/奶油<br /><br />具有豐富的芳香水果酸氣迷人,且帶有柑橘的明亮甜感,巧克力的餘韻油脂感特佳', '成分：100% 阿拉比卡咖啡豆<br /><br />商品規格：10g x 10包 　<br /><br />製造地：台灣<br /><br />保存期限：18個月，製造日期如包裝標示<br /><br />儲存方法：咖啡豆均屬新鮮烘焙，因此我們建議您最佳賞味期間內飲用完畢<br /><br />咖啡因含量：41.1mg / 包<br /><br />', 320, 1, 0, 5000, 1, 'bag2-1.jpg', 'bag2-1.jpg,bag2-2.jpg,bag2-3.jpg'),
(3, '1658890354', '征服者(十包一入)', '征服者入口可感受到濃郁的黑可克力口感,同時具有豐富且厚實的奶油風味', '產地:哥斯大黎加<br /><br />處理法:水洗<br /><br />風味:黑巧克力/可可/奶油<br /><br />征服者入口可感受到濃郁的黑可克力口感,同時具有豐富且厚實的奶油風味', '成分：100% 阿拉比卡咖啡豆<br /><br />商品規格：10g x 10包 　<br /><br />製造地：台灣<br /><br />保存期限：18個月，製造日期如包裝標示<br /><br />儲存方法：咖啡豆均屬新鮮烘焙，因此我們建議您最佳賞味期間內飲用完畢<br /><br />咖啡因含量：41.1mg / 包<br /><br />', 320, 1, 0, 4000, 1, 'bag3-1.jpg', 'bag3-1.jpg,bag3-2.jpg,bag3-3.jpg'),
(4, '1658890402', '木蘭花(十包一入)', '優雅的韻味瀰漫著蜂蜜堅果,百香果的香氣口感,同時具有宛如蔗糖般的濃郁香氣,在味蕾留下輕柔的口感', '產地:哥斯大黎加<br /><br />處理法:水洗<br /><br />風味:蜂蜜/堅果/百香果<br /><br />優雅的韻味瀰漫著蜂蜜堅果,百香果的香氣口感,同時具有宛如蔗糖般的濃郁香氣,在味蕾留下輕柔的口感', '成分：100% 阿拉比卡咖啡豆<br /><br />商品規格：10g x 10包 　<br /><br />製造地：台灣<br /><br />保存期限：18個月，製造日期如包裝標示<br /><br />儲存方法：咖啡豆均屬新鮮烘焙，因此我們建議您最佳賞味期間內飲用完畢<br /><br />咖啡因含量：41.1mg / 包<br /><br />', 320, 1, 0, 3000, 1, '', NULL),
(5, '1658890439', '瓜地馬拉花神(十包一入)', '花神具有非常愉悅優雅花香主體的風味,酸性柔和且以巧克力般的風味尾韻作結,整體口感乾淨且明亮', '產地:瓜地馬拉<br /><br />處理法:水洗<br /><br />風味:核果/可可/花香味/柑橘<br /><br />花神具有非常愉悅優雅花香主體的風味,酸性柔和且以巧克力般的風味尾韻作結,整體口感乾淨且明亮', '成分：100% 阿拉比卡咖啡豆<br /><br />商品規格：10g x 10包 　<br /><br />製造地：台灣<br /><br />保存期限：18個月，製造日期如包裝標示<br /><br />儲存方法：咖啡豆均屬新鮮烘焙，因此我們建議您最佳賞味期間內飲用完畢<br /><br />咖啡因含量：41.1mg / 包<br /><br />', 320, 1, 0, 40000, 1, '', NULL),
(6, '1658890799', '耶加雪菲(十包一入)', '日曬耶加雪菲具有濃郁奔放的水果香,柔和綿長的蜜桃莓果酸卻不刺激,風味甜度高酸度明亮且細膩', '產地:衣索比亞<br /><br />處理法:日曬<br /><br />風味:莓果/蜜桃<br /><br />日曬耶加雪菲具有濃郁奔放的水果香,柔和綿長的蜜桃莓果酸卻不刺激,風味甜度高酸度明亮且細膩', '成分：100% 阿拉比卡咖啡豆<br /><br />商品規格：10g x 10包 　<br /><br />製造地：台灣<br /><br />保存期限：18個月，製造日期如包裝標示<br /><br />儲存方法：咖啡豆均屬新鮮烘焙，因此我們建議您最佳賞味期間內飲用完畢<br /><br />咖啡因含量：41.1mg / 包<br /><br />', 320, 1, 0, 3000, 1, '', NULL),
(7, '1658890892', '黃金曼巴(十包一入)', '口感厚實甘醇的頂級黃金曼特寧搭配核果香氣絕佳的巴西咖啡豆,完美平衡呈現奶油的質感與明顯的可可味', '產地:印尼/巴西<br /><br />處理法:半水洗<br /><br />風味:可可韻味/草本香韻/奶油<br /><br />口感厚實甘醇的頂級黃金曼特寧搭配核果香氣絕佳的巴西咖啡豆,完美平衡呈現奶油的質感與明顯的可可味', '成分：100% 阿拉比卡咖啡豆<br /><br />商品規格：10g x 10包 　<br /><br />製造地：台灣<br /><br />保存期限：18個月，製造日期如包裝標示<br /><br />儲存方法：咖啡豆均屬新鮮烘焙，因此我們建議您最佳賞味期間內飲用完畢<br /><br />咖啡因含量：41.1mg / 包<br /><br />', 320, 1, 0, 3000, 1, '', NULL),
(8, '1658890929', '黃金曼特寧(十包一入)', '手選三次,挑選20目左右碩大的特優級曼特寧生豆,豆質結實緊密,豐富油脂帶出巧克力般滑順奶油般香甜', '產地:印尼<br /><br />處理法:半水洗<br /><br />風味:焦糖/草本/麥香<br /><br />手選三次,挑選20目左右碩大的特優級曼特寧生豆,豆質結實緊密,豐富油脂帶出巧克力般滑順奶油般香甜', '成分：100% 阿拉比卡咖啡豆<br /><br />商品規格：10g x 10包 　<br /><br />製造地：台灣<br /><br />保存期限：18個月，製造日期如包裝標示<br /><br />儲存方法：咖啡豆均屬新鮮烘焙，因此我們建議您最佳賞味期間內飲用完畢<br /><br />咖啡因含量：41.1mg / 包<br /><br />', 370, 1, 0, 4000, 1, '', NULL),
(9, '1658890975', '曼巴(十包一入)', '口感厚實甘醇的曼特寧搭配核果香氣絕佳的巴西咖啡豆,奶油的質感與明顯的可可味搭配後清雅的回甘口感一直會讓人回味無窮', '產地:印尼/巴西<br /><br />處理法:半水洗<br /><br />風味:可可韻/奶油/草本香韻<br /><br />口感厚實甘醇的曼特寧搭配核果香氣絕佳的巴西咖啡豆,奶油的質感與明顯的可可味搭配後清雅的回甘口感一直會讓人回味無窮', '成分：100% 阿拉比卡咖啡豆<br /><br />商品規格：10g x 10包 　<br /><br />製造地：台灣<br /><br />保存期限：18個月，製造日期如包裝標示<br /><br />儲存方法：咖啡豆均屬新鮮烘焙，因此我們建議您最佳賞味期間內飲用完畢<br /><br />咖啡因含量：41.1mg / 包<br /><br />', 320, 1, 0, 3000, 1, '', NULL),
(10, '1658891019', '義式綜合豆(十包一入)', '使用當季最新鮮100%阿拉比卡咖啡豆,經由專業烘焙來呈現濃郁口感及可可韻味,並帶有淡淡果香餘韻,非常適合調配拿鐵以及卡布奇諾', '產地:亞洲/中南美洲/非洲<br /><br />風味:可可韻味<br /><br />使用當季最新鮮100%阿拉比卡咖啡豆,經由專業烘焙來呈現濃郁口感及可可韻味,並帶有淡淡果香餘韻,非常適合調配拿鐵以及卡布奇諾', '成分：100% 阿拉比卡咖啡豆<br /><br />商品規格：10g x 10包 　<br /><br />製造地：台灣<br /><br />保存期限：18個月，製造日期如包裝標示<br /><br />儲存方法：咖啡豆均屬新鮮烘焙，因此我們建議您最佳賞味期間內飲用完畢<br /><br />咖啡因含量：41.1mg / 包<br /><br />', 270, 1, 0, 2000, 1, '', NULL),
(11, '1658891446', '肯亞AA TOP(五包一入)', 'AA TOP最高等級的肯亞咖啡豆其濃郁的黑梅香氣,口感豐富且尾韻悠長,轉化為肯亞特有的甜,一入口紅酒般的餘韻在口中揮之不去', '產地:非洲<br /><br />處理法:水洗<br /><br />風味:黑梅/李子/葡萄<br /><br />AA TOP最高等級的肯亞咖啡豆其濃郁的黑梅香氣,口感豐富且尾韻悠長,轉化為肯亞特有的甜,一入口紅酒般的餘韻在口中揮之不去', '成分：100% 阿拉比卡咖啡豆<br /><br />商品規格：10g x 5包 　<br /><br />製造地：台灣<br /><br />保存期限：18個月，製造日期如包裝標示<br /><br />儲存方法：咖啡豆均屬新鮮烘焙，因此我們建議您最佳賞味期間內飲用完畢<br /><br />咖啡因含量：41.1mg / 包<br /><br />', 190, 1, 0, 2000, 1, '', NULL),
(12, '1658891173', '模範生(五包一入)', '具有豐富的芳香水果酸氣迷人,且帶有柑橘的明亮甜感,巧克力的餘韻油脂感特佳', '產地:哥倫比亞<br /><br />處理法:水洗<br /><br />風味:柑橘/可可/奶油<br /><br />具有豐富的芳香水果酸氣迷人,且帶有柑橘的明亮甜感,巧克力的餘韻油脂感特佳', '成分：100% 阿拉比卡咖啡豆<br /><br />商品規格：10g x 5包 　<br /><br />製造地：台灣<br /><br />保存期限：18個月，製造日期如包裝標示<br /><br />儲存方法：咖啡豆均屬新鮮烘焙，因此我們建議您最佳賞味期間內飲用完畢<br /><br />咖啡因含量：41.1mg / 包<br /><br />', 170, 1, 0, 3000, 1, '', NULL),
(13, '1658891227', '征服者(五包一入)', '征服者入口可感受到濃郁的黑可克力口感,同時具有豐富且厚實的奶油風味', '產地:哥斯大黎加<br /><br />處理法:水洗<br /><br />風味:黑巧克力/可可/奶油<br /><br />征服者入口可感受到濃郁的黑可克力口感,同時具有豐富且厚實的奶油風味', '成分：100% 阿拉比卡咖啡豆<br /><br />商品規格：10g x 5包 　<br /><br />製造地：台灣<br /><br />保存期限：18個月，製造日期如包裝標示<br /><br />儲存方法：咖啡豆均屬新鮮烘焙，因此我們建議您最佳賞味期間內飲用完畢<br /><br />咖啡因含量：41.1mg / 包<br /><br />', 170, 1, 0, 2000, 1, '', NULL),
(14, '1658891433', '木蘭花(五包一入)', '優雅的韻味瀰漫著蜂蜜堅果,百香果的香氣口感,同時具有宛如蔗糖般的濃郁香氣,在味蕾留下輕柔的口感', '產地:哥斯大黎加<br /><br />處理法:水洗<br /><br />風味:蜂蜜/堅果/百香果<br /><br />優雅的韻味瀰漫著蜂蜜堅果,百香果的香氣口感,同時具有宛如蔗糖般的濃郁香氣,在味蕾留下輕柔的口感', '成分：100% 阿拉比卡咖啡豆<br /><br />商品規格：10g x 5包 　<br /><br />製造地：台灣<br /><br />保存期限：18個月，製造日期如包裝標示<br /><br />儲存方法：咖啡豆均屬新鮮烘焙，因此我們建議您最佳賞味期間內飲用完畢<br /><br />咖啡因含量：41.1mg / 包<br /><br />', 170, 1, 0, 2000, 1, '', NULL),
(15, '1658891316', '瓜地馬拉花神(五包一入)', '花神具有非常愉悅優雅花香主體的風味,酸性柔和且以巧克力般的風味尾韻作結,整體口感乾淨且明亮', '產地:瓜地馬拉<br /><br />處理法:水洗<br /><br />風味:核果/可可/花香味/柑橘<br /><br />花神具有非常愉悅優雅花香主體的風味,酸性柔和且以巧克力般的風味尾韻作結,整體口感乾淨且明亮', '成分：100% 阿拉比卡咖啡豆<br /><br />商品規格：10g x 5包 　<br /><br />製造地：台灣<br /><br />保存期限：18個月，製造日期如包裝標示<br /><br />儲存方法：咖啡豆均屬新鮮烘焙，因此我們建議您最佳賞味期間內飲用完畢<br /><br />咖啡因含量：41.1mg / 包<br /><br />', 170, 1, 0, 2000, 1, '', NULL),
(16, '1658891362', '耶加雪菲(五包一入)', '日曬耶加雪菲具有濃郁奔放的水果香,柔和綿長的蜜桃莓果酸卻不刺激,風味甜度高酸度明亮且細膩', '產地:衣索比亞<br /><br />處理法:日曬<br /><br />風味:莓果/蜜桃<br /><br />日曬耶加雪菲具有濃郁奔放的水果香,柔和綿長的蜜桃莓果酸卻不刺激,風味甜度高酸度明亮且細膩a', '成分：100% 阿拉比卡咖啡豆<br /><br />商品規格：10g x 5包 　<br /><br />製造地：台灣<br /><br />保存期限：18個月，製造日期如包裝標示<br /><br />儲存方法：咖啡豆均屬新鮮烘焙，因此我們建議您最佳賞味期間內飲用完畢<br /><br />咖啡因含量：41.1mg / 包<br /><br />', 170, 1, 0, 2000, 1, '', NULL),
(17, '1658891420', '黃金曼巴(五包一入)', '口感厚實甘醇的頂級黃金曼特寧搭配核果香氣絕佳的巴西咖啡豆,完美平衡呈現奶油的質感與明顯的可可味', '產地:印尼/巴西<br /><br />處理法:半水洗<br /><br />風味:可可韻味/草本香韻/奶油<br /><br />口感厚實甘醇的頂級黃金曼特寧搭配核果香氣絕佳的巴西咖啡豆,完美平衡呈現奶油的質感與明顯的可可味', '成分：100% 阿拉比卡咖啡豆<br /><br />商品規格：10g x 5包 　<br /><br />製造地：台灣<br /><br />保存期限：18個月，製造日期如包裝標示<br /><br />儲存方法：咖啡豆均屬新鮮烘焙，因此我們建議您最佳賞味期間內飲用完畢<br /><br />咖啡因含量：41.1mg / 包<br /><br />', 170, 1, 0, 2000, 1, '', NULL),
(18, '1658892248', '黃金曼特寧(五包一入)', '手選三次,挑選20目左右碩大的特優級曼特寧生豆,豆質結實緊密,豐富油脂帶出巧克力般滑順奶油般香甜', '產地:印尼<br /><br />處理法:半水洗<br /><br />風味:焦糖/草本/麥香<br /><br />手選三次,挑選20目左右碩大的特優級曼特寧生豆,豆質結實緊密,豐富油脂帶出巧克力般滑順奶油般香甜', '成分：100% 阿拉比卡咖啡豆<br /><br />商品規格：10g x 5包 　<br /><br />製造地：台灣<br /><br />保存期限：18個月，製造日期如包裝標示<br /><br />儲存方法：咖啡豆均屬新鮮烘焙，因此我們建議您最佳賞味期間內飲用完畢<br /><br />咖啡因含量：41.1mg / 包<br /><br />', 190, 1, 0, 3000, 1, '', NULL),
(19, '1658892248', '曼巴(五包一入)', '口感厚實甘醇的曼特寧搭配核果香氣絕佳的巴西咖啡豆,奶油的質感與明顯的可可味搭配後清雅的回甘口感一直會讓人回味無窮', '產地:印尼/巴西<br /><br />處理法:半水洗<br /><br />風味:可可韻/奶油/草本香韻<br /><br />口感厚實甘醇的曼特寧搭配核果香氣絕佳的巴西咖啡豆,奶油的質感與明顯的可可味搭配後清雅的回甘口感一直會讓人回味無窮', '成分：100% 阿拉比卡咖啡豆<br /><br />商品規格：10g x 5包 　<br /><br />製造地：台灣<br /><br />保存期限：18個月，製造日期如包裝標示<br /><br />儲存方法：咖啡豆均屬新鮮烘焙，因此我們建議您最佳賞味期間內飲用完畢<br /><br />咖啡因含量：41.1mg / 包<br /><br />', 170, 1, 0, 3000, 1, '', NULL),
(20, '1658891568', '義式綜合豆(五包一入)', '', '產地:亞洲/中南美洲/非洲<br /><br />風味:可可韻味<br /><br />使用當季最新鮮100%阿拉比卡咖啡豆,經由專業烘焙來呈現濃郁口感及可可韻味,並帶有淡淡果香餘韻,非常適合調配拿鐵以及卡布奇諾', '成分：100% 阿拉比卡咖啡豆\n商品規格：10g x 5包 　\n製造地：台灣\n保存期限：18個月，製造日期如包裝標示\n儲存方法：咖啡豆均屬新鮮烘焙，因此我們建議您最佳賞味期間內飲用完畢\n咖啡因含量：41.1mg / 包\n', 140, 1, 0, 3000, 1, '', NULL),
(21, '1658891927', '肯亞AA TOP(二十包一入)', 'AA TOP最高等級的肯亞咖啡豆其濃郁的黑梅香氣,口感豐富且尾韻悠長,轉化為肯亞特有的甜,一入口紅酒般的餘韻在口中揮之不去', '產地:非洲<br /><br />處理法:水洗<br /><br />風味:黑梅/李子/葡萄<br /><br />AA TOP最高等級的肯亞咖啡豆其濃郁的黑梅香氣,口感豐富且尾韻悠長,轉化為肯亞特有的甜,一入口紅酒般的餘韻在口中揮之不去', '成分：100% 阿拉比卡咖啡豆\n商品規格：10g x 20包 　\n製造地：台灣\n保存期限：18個月，製造日期如包裝標示\n儲存方法：咖啡豆均屬新鮮烘焙，因此我們建議您最佳賞味期間內飲用完畢\n咖啡因含量：41.1mg / 包\n', 730, 1, 0, 3000, 1, '', NULL),
(22, '1658891980', '模範生(二十包一入)', '具有豐富的芳香水果酸氣迷人,且帶有柑橘的明亮甜感,巧克力的餘韻油脂感特佳', '產地:哥倫比亞<br /><br />處理法:水洗<br /><br />風味:柑橘/可可/奶油<br /><br />具有豐富的芳香水果酸氣迷人,且帶有柑橘的明亮甜感,巧克力的餘韻油脂感特佳', '成分：100% 阿拉比卡咖啡豆\n商品規格：10g x 20包 　\n製造地：台灣\n保存期限：18個月，製造日期如包裝標示\n儲存方法：咖啡豆均屬新鮮烘焙，因此我們建議您最佳賞味期間內飲用完畢\n咖啡因含量：41.1mg / 包\n', 630, 1, 0, 3000, 1, '', NULL),
(23, '1658892028', '征服者(二十包一入)', '征服者入口可感受到濃郁的黑可克力口感,同時具有豐富且厚實的奶油風味', '產地:哥斯大黎加<br /><br />處理法:水洗<br /><br />風味:黑巧克力/可可/奶油<br /><br />征服者入口可感受到濃郁的黑可克力口感,同時具有豐富且厚實的奶油風味', '成分：100% 阿拉比卡咖啡豆\n商品規格：10g x 20包 　\n製造地：台灣\n保存期限：18個月，製造日期如包裝標示\n儲存方法：咖啡豆均屬新鮮烘焙，因此我們建議您最佳賞味期間內飲用完畢\n咖啡因含量：41.1mg / 包\n', 630, 1, 0, 3000, 1, '', NULL),
(24, '1658892079', '木蘭花(二十包一入)', '優雅的韻味瀰漫著蜂蜜堅果,百香果的香氣口感,同時具有宛如蔗糖般的濃郁香氣,在味蕾留下輕柔的口感', '產地:哥斯大黎加<br /><br />處理法:水洗<br /><br />風味:蜂蜜/堅果/百香果<br /><br />優雅的韻味瀰漫著蜂蜜堅果,百香果的香氣口感,同時具有宛如蔗糖般的濃郁香氣,在味蕾留下輕柔的口感', '成分：100% 阿拉比卡咖啡豆\n商品規格：10g x 20包 　\n製造地：台灣\n保存期限：18個月，製造日期如包裝標示\n儲存方法：咖啡豆均屬新鮮烘焙，因此我們建議您最佳賞味期間內飲用完畢\n咖啡因含量：41.1mg / 包\n', 630, 1, 0, 3000, 1, '', NULL),
(25, '1658892386', '瓜地馬拉花神(二十包一入)', '花神具有非常愉悅優雅花香主體的風味,酸性柔和且以巧克力般的風味尾韻作結,整體口感乾淨且明亮', '產地:瓜地馬拉<br /><br />處理法:水洗<br /><br />風味:核果/可可/花香味/柑橘<br /><br />花神具有非常愉悅優雅花香主體的風味,酸性柔和且以巧克力般的風味尾韻作結,整體口感乾淨且明亮', '成分：100% 阿拉比卡咖啡豆\n商品規格：10g x 20包 　\n製造地：台灣\n保存期限：18個月，製造日期如包裝標示\n儲存方法：咖啡豆均屬新鮮烘焙，因此我們建議您最佳賞味期間內飲用完畢\n咖啡因含量：41.1mg / 包\n', 630, 1, 0, 2000, 1, '', NULL),
(26, 'UNIX_TIMESTAMP()', '耶加雪菲(二十包一入)', '日曬耶加雪菲具有濃郁奔放的水果香,柔和綿長的蜜桃莓果酸卻不刺激,風味甜度高酸度明亮且細膩', '產地:衣索比亞<br /><br />處理法:日曬<br /><br />風味:莓果/蜜桃<br /><br />日曬耶加雪菲具有濃郁奔放的水果香,柔和綿長的蜜桃莓果酸卻不刺激,風味甜度高酸度明亮且細膩a', '成分：100% 阿拉比卡咖啡豆<br /><br />商品規格：10g x 20包 　<br /><br />製造地：台灣<br /><br />保存期限：18個月，製造日期如包裝標示<br /><br />儲存方法：咖啡豆均屬新鮮烘焙，因此我們建議您最佳賞味期間內飲用完畢<br /><br />咖啡因含量：41.1mg / 包', 630, 1, 0, 2000, 1, '', NULL),
(27, '1658892520', '黃金曼巴(二十包一入)', '口感厚實甘醇的頂級黃金曼特寧搭配核果香氣絕佳的巴西咖啡豆,完美平衡呈現奶油的質感與明顯的可可味', '產地:印尼/巴西<br /><br />處理法:半水洗<br /><br />風味:可可韻味/草本香韻/奶油<br /><br />口感厚實甘醇的頂級黃金曼特寧搭配核果香氣絕佳的巴西咖啡豆,完美平衡呈現奶油的質感與明顯的可可味', '成分：100% 阿拉比卡咖啡豆<br /><br />商品規格：10g x 20包 　<br /><br />製造地：台灣<br /><br />保存期限：18個月，製造日期如包裝標示<br /><br />儲存方法：咖啡豆均屬新鮮烘焙，因此我們建議您最佳賞味期間內飲用完畢<br /><br />咖啡因含量：41.1mg / 包', 630, 1, 0, 2000, 1, '', NULL),
(28, '1658892557', '黃金曼特寧(二十包一入)', '手選三次,挑選20目左右碩大的特優級曼特寧生豆,豆質結實緊密,豐富油脂帶出巧克力般滑順奶油般香甜', '產地:印尼<br /><br />處理法:半水洗<br /><br />風味:焦糖/草本/麥香<br /><br />手選三次,挑選20目左右碩大的特優級曼特寧生豆,豆質結實緊密,豐富油脂帶出巧克力般滑順奶油般香甜', '成分：100% 阿拉比卡咖啡豆\n商品規格：10g x 20包 　\n製造地：台灣\n保存期限：18個月，製造日期如包裝標示\n儲存方法：咖啡豆均屬新鮮烘焙，因此我們建議您最佳賞味期間內飲用完畢\n咖啡因含量：41.1mg / 包', 630, 1, 0, 2000, 1, '', NULL),
(29, '1658892603', '曼巴(二十包一入)', '口感厚實甘醇的曼特寧搭配核果香氣絕佳的巴西咖啡豆,奶油的質感與明顯的可可味搭配後清雅的回甘口感一直會讓人回味無窮', '產地:印尼/巴西<br /><br />處理法:半水洗<br /><br />風味:可可韻/奶油/草本香韻<br /><br />口感厚實甘醇的曼特寧搭配核果香氣絕佳的巴西咖啡豆,奶油的質感與明顯的可可味搭配後清雅的回甘口感一直會讓人回味無窮', '成分：100% 阿拉比卡咖啡豆<br /><br />商品規格：10g x 20包 　<br /><br />製造地：台灣<br /><br />保存期限：18個月，製造日期如包裝標示<br /><br />儲存方法：咖啡豆均屬新鮮烘焙，因此我們建議您最佳賞味期間內飲用完畢<br /><br />咖啡因含量：41.1mg / 包', 630, 1, 0, 2500, 1, '', NULL),
(30, '1658892655', '義式綜合豆(二十包一入)', '使用當季最新鮮100%阿拉比卡咖啡豆,經由專業烘焙來呈現濃郁口感及可可韻味,並帶有淡淡果香餘韻,非常適合調配拿鐵以及卡布奇諾', '產地:亞洲/中南美洲/非洲<br /><br />風味:可可韻味<br /><br />使用當季最新鮮100%阿拉比卡咖啡豆,經由專業烘焙來呈現濃郁口感及可可韻味,並帶有淡淡果香餘韻,非常適合調配拿鐵以及卡布奇諾', '成分：100% 阿拉比卡咖啡豆\n商品規格：10g x 20包 　\n製造地：台灣\n保存期限：18個月，製造日期如包裝標示\n儲存方法：咖啡豆均屬新鮮烘焙，因此我們建議您最佳賞味期間內飲用完畢\n咖啡因含量：41.1mg / 包\n', 530, 1, 0, 2500, 1, '', NULL),
(31, '1658892784', '肯亞AA TOP 分享包', 'AA TOP最高等級的肯亞咖啡豆其濃郁的黑梅香氣,口感豐富且尾韻悠長,轉化為肯亞特有的甜,一入口紅酒般的餘韻在口中揮之不去', '產地:非洲<br /><br />處理法:水洗<br /><br />風味:黑梅/李子/葡萄<br /><br />AA TOP最高等級的肯亞咖啡豆其濃郁的黑梅香氣,口感豐富且尾韻悠長,轉化為肯亞特有的甜,一入口紅酒般的餘韻在口中揮之不去', '成分：100% 阿拉比卡咖啡豆\n商品規格：10g x 100包 　\n製造地：台灣\n保存期限：18個月，製造日期如包裝標示\n儲存方法：咖啡豆均屬新鮮烘焙，因此我們建議您最佳賞味期間內飲用完畢\n咖啡因含量：41.1mg / 包', 3700, 1, 0, 2000, 1, '', NULL),
(32, '1658892935', '模範生 分享包', '具有豐富的芳香水果酸氣迷人,且帶有柑橘的明亮甜感,巧克力的餘韻油脂感特佳', '產地:哥倫比亞<br /><br />處理法:水洗<br /><br />風味:柑橘/可可/奶油<br /><br />具有豐富的芳香水果酸氣迷人,且帶有柑橘的明亮甜感,巧克力的餘韻油脂感特佳', '成分：100% 阿拉比卡咖啡豆<br /><br />商品規格：10g x 100包 　<br /><br />製造地：台灣<br /><br />保存期限：18個月，製造日期如包裝標示<br /><br />儲存方法：咖啡豆均屬新鮮烘焙，因此我們建議您最佳賞味期間內飲用完畢<br /><br />咖啡因含量：41.1mg / 包', 3200, 1, 0, 10, 1, '', NULL),
(33, '1658892986', '征服者 分享包', '征服者入口可感受到濃郁的黑可克力口感,同時具有豐富且厚實的奶油風味', '產地:哥斯大黎加<br /><br />處理法:水洗<br /><br />風味:黑巧克力/可可/奶油<br /><br />征服者入口可感受到濃郁的黑可克力口感,同時具有豐富且厚實的奶油風味', '成分：100% 阿拉比卡咖啡豆<br /><br />商品規格：10g x 100包 　<br /><br />製造地：台灣<br /><br />保存期限：18個月，製造日期如包裝標示<br /><br />儲存方法：咖啡豆均屬新鮮烘焙，因此我們建議您最佳賞味期間內飲用完畢<br /><br />咖啡因含量：41.1mg / 包', 3200, 1, 0, 15, 1, '', NULL),
(34, '1658893312', '木蘭花 分享包', '優雅的韻味瀰漫著蜂蜜堅果,百香果的香氣口感,同時具有宛如蔗糖般的濃郁香氣,在味蕾留下輕柔的口感', '產地:哥斯大黎加<br /><br />處理法:水洗<br /><br />風味:蜂蜜/堅果/百香果<br /><br />優雅的韻味瀰漫著蜂蜜堅果,百香果的香氣口感,同時具有宛如蔗糖般的濃郁香氣,在味蕾留下輕柔的口感', '成分：100% 阿拉比卡咖啡豆<br /><br />商品規格：10g x 100包 　<br /><br />製造地：台灣<br /><br />保存期限：18個月，製造日期如包裝標示<br /><br />儲存方法：咖啡豆均屬新鮮烘焙，因此我們建議您最佳賞味期間內飲用完畢<br /><br />咖啡因含量：41.1mg / 包', 3200, 1, 0, 15, 1, '', NULL),
(35, '1658893338', '瓜地馬拉花神 分享包', '花神具有非常愉悅優雅花香主體的風味,酸性柔和且以巧克力般的風味尾韻作結,整體口感乾淨且明亮', '產地:瓜地馬拉<br /><br />處理法:水洗<br /><br />風味:核果/可可/花香味/柑橘<br /><br />花神具有非常愉悅優雅花香主體的風味,酸性柔和且以巧克力般的風味尾韻作結,整體口感乾淨且明亮', '成分：100% 阿拉比卡咖啡豆<br /><br />商品規格：10g x 100包 　<br /><br />製造地：台灣<br /><br />保存期限：18個月，製造日期如包裝標示<br /><br />儲存方法：咖啡豆均屬新鮮烘焙，因此我們建議您最佳賞味期間內飲用完畢<br /><br />咖啡因含量：41.1mg / 包', 3200, 1, 0, 20, 1, '', NULL),
(36, '1658893114', '耶加雪菲 分享包', '日曬耶加雪菲具有濃郁奔放的水果香,柔和綿長的蜜桃莓果酸卻不刺激,風味甜度高酸度明亮且細膩', '產地:衣索比亞<br /><br />處理法:日曬<br /><br />風味:莓果/蜜桃<br /><br />日曬耶加雪菲具有濃郁奔放的水果香,柔和綿長的蜜桃莓果酸卻不刺激,風味甜度高酸度明亮且細膩a', '成分：100% 阿拉比卡咖啡豆<br /><br />商品規格：10g x 100包 　<br /><br />製造地：台灣<br /><br />保存期限：18個月，製造日期如包裝標示<br /><br />儲存方法：咖啡豆均屬新鮮烘焙，因此我們建議您最佳賞味期間內飲用完畢<br /><br />咖啡因含量：41.1mg / 包', 3200, 1, 0, 10, 1, '', NULL),
(37, '1658893167', '黃金曼巴 分享包', '口感厚實甘醇的頂級黃金曼特寧搭配核果香氣絕佳的巴西咖啡豆,完美平衡呈現奶油的質感與明顯的可可味', '產地:印尼/巴西<br /><br />處理法:半水洗<br /><br />風味:可可韻味/草本香韻/奶油<br /><br />口感厚實甘醇的頂級黃金曼特寧搭配核果香氣絕佳的巴西咖啡豆,完美平衡呈現奶油的質感與明顯的可可味', '成分：100% 阿拉比卡咖啡豆<br /><br />商品規格：10g x 100包 　<br /><br />製造地：台灣<br /><br />保存期限：18個月，製造日期如包裝標示<br /><br />儲存方法：咖啡豆均屬新鮮烘焙，因此我們建議您最佳賞味期間內飲用完畢<br /><br />咖啡因含量：41.1mg / 包', 3200, 1, 0, 15, 1, '', NULL),
(38, '1658893384', '黃金曼特寧 分享包', '手選三次,挑選20目左右碩大的特優級曼特寧生豆,豆質結實緊密,豐富油脂帶出巧克力般滑順奶油般香甜', '產地:印尼<br /><br />處理法:半水洗<br /><br />風味:焦糖/草本/麥香<br /><br />手選三次,挑選20目左右碩大的特優級曼特寧生豆,豆質結實緊密,豐富油脂帶出巧克力般滑順奶油般香甜', '成分：100% 阿拉比卡咖啡豆<br /><br />商品規格：10g x 100包 　<br /><br />製造地：台灣<br /><br />保存期限：18個月，製造日期如包裝標示<br /><br />儲存方法：咖啡豆均屬新鮮烘焙，因此我們建議您最佳賞味期間內飲用完畢<br /><br />咖啡因含量：41.1mg / 包', 3700, 1, 0, 15, 1, '', NULL),
(39, '1658893239', '曼巴 分享包', '口感厚實甘醇的曼特寧搭配核果香氣絕佳的巴西咖啡豆,奶油的質感與明顯的可可味搭配後清雅的回甘口感一直會讓人回味無窮', '產地:印尼/巴西<br /><br />處理法:半水洗<br /><br />風味:可可韻/奶油/草本香韻<br /><br />口感厚實甘醇的曼特寧搭配核果香氣絕佳的巴西咖啡豆,奶油的質感與明顯的可可味搭配後清雅的回甘口感一直會讓人回味無窮', '成分：100% 阿拉比卡咖啡豆<br /><br />商品規格：10g x 100包 　<br /><br />製造地：台灣<br /><br />保存期限：18個月，製造日期如包裝標示<br /><br />儲存方法：咖啡豆均屬新鮮烘焙，因此我們建議您最佳賞味期間內飲用完畢<br /><br />咖啡因含量：41.1mg / 包', 3200, 1, 0, 4000, 1, '', NULL),
(40, '1658893278', '義式綜合豆(十包一入)', '使用當季最新鮮100%阿拉比卡咖啡豆,經由專業烘焙來呈現濃郁口感及可可韻味,並帶有淡淡果香餘韻,非常適合調配拿鐵以及卡布奇諾', '產地:亞洲/中南美洲/非洲<br /><br />風味:可可韻味<br /><br />使用當季最新鮮100%阿拉比卡咖啡豆,經由專業烘焙來呈現濃郁口感及可可韻味,並帶有淡淡果香餘韻,非常適合調配拿鐵以及卡布奇諾', '成分：100% 阿拉比卡咖啡豆<br /><br />商品規格：10g x 100包 　<br /><br />製造地：台灣<br /><br />保存期限：18個月，製造日期如包裝標示<br /><br />儲存方法：咖啡豆均屬新鮮烘焙，因此我們建議您最佳賞味期間內飲用完畢<br /><br />咖啡因含量：41.1mg / 包', 2700, 1, 0, 200, 1, '', NULL),
(41, '1658893463', '肯亞AA TOP(半磅)', 'AA TOP最高等級的肯亞咖啡豆其濃郁的黑梅香氣,口感豐富且尾韻悠長,轉化為肯亞特有的甜,一入口紅酒般的餘韻在口中揮之不去', '產地:非洲<br /><br />處理法:水洗<br /><br />風味:黑梅/李子/葡萄<br /><br />AA TOP最高等級的肯亞咖啡豆其濃郁的黑梅香氣,口感豐富且尾韻悠長,轉化為肯亞特有的甜,一入口紅酒般的餘韻在口中揮之不去', '成分：100% 阿拉比卡咖啡豆<br /><br />商品規格：227g±2g<br /><br />製造地：台灣<br /><br />保存期限：6個月，製造日期如包裝標示<br /><br />儲存方法：咖啡豆均屬新鮮烘焙，因此我們建議您在一個月的最佳賞味期間內飲用完畢完，並盡量保存在陰（暗）涼處,保存容器以單向排氣咖啡袋、儲豆罐或其它具單向排氣功能之容器為宜<br /><br />咖啡因含量：每10g含45±5mg（咖啡豆屬天然農產品，會因季節、產地及沖泡時間而影響咖啡因含量）<br /><br />出貨須知：接獲訂單後為您新鮮現烘，預定寄出日為5~7天。', 470, 1, 0, 200, 2, '', NULL),
(42, '1658893522', '模範生(半磅)', '具有豐富的芳香水果酸氣迷人,且帶有柑橘的明亮甜感,巧克力的餘韻油脂感特佳', '產地:哥倫比亞<br /><br />處理法:水洗<br /><br />風味:柑橘/可可/奶油<br /><br />具有豐富的芳香水果酸氣迷人,且帶有柑橘的明亮甜感,巧克力的餘韻油脂感特佳 ', '成分：100% 阿拉比卡咖啡豆<br /><br />商品規格：227g±2g<br /><br />製造地：台灣<br /><br />保存期限：12個月，製造日期如包裝標示<br /><br />儲存方法：咖啡豆均屬新鮮烘焙，因此我們建議您在一個月的最佳賞味期間內飲用完畢完，並盡量保存在陰（暗）涼處,保存容器以單向排氣咖啡袋、儲豆罐或其它具單向排氣功能之容器為宜<br /><br />咖啡因含量：每10g含45±5mg（咖啡豆屬天然農產品，會因季節、產地及沖泡時間而影響咖啡因含量）<br /><br />出貨須知：接獲訂單後為您新鮮現烘，預定寄出日為5~7天。', 440, 1, 0, 200, 2, '', NULL),
(43, '1658893561', '征服者(半磅)', '征服者入口可感受到濃郁的黑可克力口感,同時具有豐富且厚實的奶油風味', '產地:哥斯大黎加<br /><br />處理法:水洗<br /><br />風味:黑巧克力/可可/奶油<br /><br />征服者入口可感受到濃郁的黑可克力口感,同時具有豐富且厚實的奶油風味', '成分：100% 阿拉比卡咖啡豆<br /><br />商品規格：227g±2g<br /><br />製造地：台灣<br /><br />保存期限：6個月，製造日期如包裝標示<br /><br />儲存方法：咖啡豆均屬新鮮烘焙，因此我們建議您在一個月的最佳賞味期間內飲用完畢完，並盡量保存在陰（暗）涼處,保存容器以單向排氣咖啡袋、儲豆罐或其它具單向排氣功能之容器為宜<br /><br />咖啡因含量：每10g含45±5mg（咖啡豆屬天然農產品，會因季節、產地及沖泡時間而影響咖啡因含量）<br /><br />出貨須知：接獲訂單後為您新鮮現烘，預定寄出日為5~7天。', 440, 1, 0, 200, 2, '', NULL),
(44, '1658893611', '木蘭花(半磅)', '優雅的韻味瀰漫著蜂蜜堅果,百香果的香氣口感,同時具有宛如蔗糖般的濃郁香氣,在味蕾留下輕柔的口感', '產地:哥斯大黎加<br /><br />處理法:水洗<br /><br />風味:蜂蜜/堅果/百香果<br /><br />優雅的韻味瀰漫著蜂蜜堅果,百香果的香氣口感,同時具有宛如蔗糖般的濃郁香氣,在味蕾留下輕柔的口感', '成分：100% 阿拉比卡咖啡豆<br /><br />商品規格：227g±2g<br /><br />製造地：台灣<br /><br />保存期限：6個月，製造日期如包裝標示<br /><br />儲存方法：咖啡豆均屬新鮮烘焙，因此我們建議您在一個月的最佳賞味期間內飲用完畢完，並盡量保存在陰（暗）涼處,保存容器以單向排氣咖啡袋、儲豆罐或其它具單向排氣功能之容器為宜<br /><br />咖啡因含量：每10g含45±5mg（咖啡豆屬天然農產品，會因季節、產地及沖泡時間而影響咖啡因含量）<br /><br />出貨須知：接獲訂單後為您新鮮現烘，預定寄出日為5~7天。', 440, 1, 0, 200, 2, '', NULL),
(45, '1658893641', '瓜地馬拉花神(半磅)', '花神具有非常愉悅優雅花香主體的風味,酸性柔和且以巧克力般的風味尾韻作結,整體口感乾淨且明亮', '產地:瓜地馬拉<br /><br />處理法:水洗<br /><br />風味:核果/可可/花香味/柑橘<br /><br />花神具有非常愉悅優雅花香主體的風味,酸性柔和且以巧克力般的風味尾韻作結,整體口感乾淨且明亮', '成分：100% 阿拉比卡咖啡豆<br /><br />商品規格：227g±2g<br /><br />製造地：台灣<br /><br />保存期限：6個月，製造日期如包裝標示<br /><br />儲存方法：咖啡豆均屬新鮮烘焙，因此我們建議您在一個月的最佳賞味期間內飲用完畢完，並盡量保存在陰（暗）涼處,保存容器以單向排氣咖啡袋、儲豆罐或其它具單向排氣功能之容器為宜<br /><br />咖啡因含量：每10g含45±5mg（咖啡豆屬天然農產品，會因季節、產地及沖泡時間而影響咖啡因含量）<br /><br />出貨須知：接獲訂單後為您新鮮現烘，預定寄出日為5~7天。', 400, 1, 0, 200, 2, '', NULL),
(46, '1658893686', '耶加雪菲(半磅)', '日曬耶加雪菲具有濃郁奔放的水果香,柔和綿長的蜜桃莓果酸卻不刺激,風味甜度高酸度明亮且細膩', '產地:衣索比亞<br /><br />處理法:日曬<br /><br />風味:莓果/蜜桃<br /><br />日曬耶加雪菲具有濃郁奔放的水果香,柔和綿長的蜜桃莓果酸卻不刺激,風味甜度高酸度明亮且細膩', '成分：100% 阿拉比卡咖啡豆<br /><br />商品規格：227g±2g<br /><br />製造地：台灣<br /><br />保存期限：6個月，製造日期如包裝標示<br /><br />儲存方法：咖啡豆均屬新鮮烘焙，因此我們建議您在一個月的最佳賞味期間內飲用完畢完，並盡量保存在陰（暗）涼處,保存容器以單向排氣咖啡袋、儲豆罐或其它具單向排氣功能之容器為宜<br /><br />咖啡因含量：每10g含45±5mg（咖啡豆屬天然農產品，會因季節、產地及沖泡時間而影響咖啡因含量）<br /><br />出貨須知：接獲訂單後為您新鮮現烘，預定寄出日為5~7天。', 420, 1, 0, 200, 2, '', NULL),
(47, '1658893723', '黃金曼巴(半磅)', '口感厚實甘醇的頂級黃金曼特寧搭配核果香氣絕佳的巴西咖啡豆,完美平衡呈現奶油的質感與明顯的可可味', '產地:印尼/巴西<br /><br />處理法:半水洗<br /><br />風味:可可韻味/草本香韻/奶油<br /><br />口感厚實甘醇的頂級黃金曼特寧搭配核果香氣絕佳的巴西咖啡豆,完美平衡呈現奶油的質感與明顯的可可味', '成分：100% 阿拉比卡咖啡豆<br /><br />商品規格：227g±2g<br /><br />製造地：台灣<br /><br />保存期限：6個月，製造日期如包裝標示<br /><br />儲存方法：咖啡豆均屬新鮮烘焙，因此我們建議您在一個月的最佳賞味期間內飲用完畢完，並盡量保存在陰（暗）涼處,保存容器以單向排氣咖啡袋、儲豆罐或其它具單向排氣功能之容器為宜<br /><br />咖啡因含量：每10g含45±5mg（咖啡豆屬天然農產品，會因季節、產地及沖泡時間而影響咖啡因含量）<br /><br />出貨須知：接獲訂單後為您新鮮現烘，預定寄出日為5~7天。', 400, 1, 0, 200, 2, '', NULL),
(48, '1658893761', '黃金曼特寧(半磅)', '手選三次,挑選20目左右碩大的特優級曼特寧生豆,豆質結實緊密,豐富油脂帶出巧克力般滑順奶油般香甜', '產地:印尼<br /><br />處理法:半水洗<br /><br />風味:焦糖/草本/麥香<br /><br />手選三次,挑選20目左右碩大的特優級曼特寧生豆,豆質結實緊密,豐富油脂帶出巧克力般滑順奶油般香甜', '成分：100% 阿拉比卡咖啡豆<br /><br />商品規格：227g±2g<br /><br />製造地：台灣<br /><br />保存期限：6個月，製造日期如包裝標示<br /><br />儲存方法：咖啡豆均屬新鮮烘焙，因此我們建議您在一個月的最佳賞味期間內飲用完畢完，並盡量保存在陰（暗）涼處,保存容器以單向排氣咖啡袋、儲豆罐或其它具單向排氣功能之容器為宜<br /><br />咖啡因含量：每10g含45±5mg（咖啡豆屬天然農產品，會因季節、產地及沖泡時間而影響咖啡因含量）<br /><br />出貨須知：接獲訂單後為您新鮮現烘，預定寄出日為5~7天。', 470, 1, 0, 200, 2, '', NULL),
(49, '1658893794', '曼巴(半磅)', '口感厚實甘醇的曼特寧搭配核果香氣絕佳的巴西咖啡豆,奶油的質感與明顯的可可味搭配後清雅的回甘口感一直會讓人回味無窮', '產地:印尼/巴西<br /><br />處理法:半水洗<br /><br />風味:可可韻/奶油/草本香韻<br /><br />口感厚實甘醇的曼特寧搭配核果香氣絕佳的巴西咖啡豆,奶油的質感與明顯的可可味搭配後清雅的回甘口感一直會讓人回味無窮', '成分：100% 阿拉比卡咖啡豆<br /><br />商品規格：227g±2g<br /><br />製造地：台灣<br /><br />保存期限：6個月，製造日期如包裝標示<br /><br />儲存方法：咖啡豆均屬新鮮烘焙，因此我們建議您在一個月的最佳賞味期間內飲用完畢完，並盡量保存在陰（暗）涼處,保存容器以單向排氣咖啡袋、儲豆罐或其它具單向排氣功能之容器為宜<br /><br />咖啡因含量：每10g含45±5mg（咖啡豆屬天然農產品，會因季節、產地及沖泡時間而影響咖啡因含量）<br /><br />出貨須知：接獲訂單後為您新鮮現烘，預定寄出日為5~7天。', 320, 1, 0, 200, 2, '', NULL),
(50, '1658893832', '曼特寧(半磅)', '為蘇門答臘最具代表的咖啡豆,其草本風味質感濃郁芳香度特強,口感厚實的甘甜味是它的獨到之處,對於度喜歡酸味的人的最佳選擇', '產地:印尼<br /><br />處理法:半水洗<br /><br />風味:奶油/草本香韻<br /><br />為蘇門答臘最具代表的咖啡豆,其草本風味質感濃郁芳香度特強,口感厚實的甘甜味是它的獨到之處,對於度喜歡酸味的人的最佳選擇', '成分：100% 阿拉比卡咖啡豆<br /><br />商品規格：227g±2g<br /><br />製造地：台灣<br /><br />保存期限：12個月，製造日期如包裝標示<br /><br />儲存方法：咖啡豆均屬新鮮烘焙，因此我們建議您在一個月的最佳賞味期間內飲用完畢完，並盡量保存在陰（暗）涼處,保存容器以單向排氣咖啡袋、儲豆罐或其它具單向排氣功能之容器為宜<br /><br />咖啡因含量：每10g含45±5mg（咖啡豆屬天然農產品，會因季節、產地及沖泡時間而影響咖啡因含量）<br /><br />出貨須知：接獲訂單後為您新鮮現烘，預定寄出日為5~7天。', 320, 1, 0, 200, 2, '', NULL),
(51, '1658893864', '義式綜合豆(半磅)', '使用當季最新鮮100%阿拉比卡咖啡豆,經由專業烘焙來呈現濃郁口感及可可韻味,並帶有淡淡果香餘韻,非常適合調配拿鐵以及卡布奇諾', '產地:亞洲/中南美洲/非洲<br /><br />風味:可可韻味<br /><br />使用當季最新鮮100%阿拉比卡咖啡豆,經由專業烘焙來呈現濃郁口感及可可韻味,並帶有淡淡果香餘韻,非常適合調配拿鐵以及卡布奇諾', '成分：100% 阿拉比卡咖啡豆<br /><br />商品規格：227g±2g<br /><br />製造地：台灣<br /><br />保存期限：12個月，製造日期如包裝標示<br /><br />儲存方法：咖啡豆均屬新鮮烘焙，因此我們建議您在一個月的最佳賞味期間內飲用完畢完，並盡量保存在陰（暗）涼處,保存容器以單向排氣咖啡袋、儲豆罐或其它具單向排氣功能之容器為宜<br /><br />咖啡因含量：每10g含45±5mg（咖啡豆屬天然農產品，會因季節、產地及沖泡時間而影響咖啡因含量）<br /><br />出貨須知：接獲訂單後為您新鮮現烘，預定寄出日為5~7天。', 300, 1, 0, 200, 2, '', NULL),
(52, '1658894013', '肯亞AA TOP(一磅)', 'AA TOP最高等級的肯亞咖啡豆其濃郁的黑梅香氣,口感豐富且尾韻悠長,轉化為肯亞特有的甜,一入口紅酒般的餘韻在口中揮之不去', '產地:非洲<br /><br />處理法:水洗<br /><br />風味:黑梅/李子/葡萄<br /><br />AA TOP最高等級的肯亞咖啡豆其濃郁的黑梅香氣,口感豐富且尾韻悠長,轉化為肯亞特有的甜,一入口紅酒般的餘韻在口中揮之不去', '成分：100% 阿拉比卡咖啡豆<br /><br />商品規格：454g±4g<br /><br />製造地：台灣<br /><br />保存期限：6個月，製造日期如包裝標示<br /><br />儲存方法：咖啡豆均屬新鮮烘焙，因此我們建議您在一個月的最佳賞味期間內飲用完畢完，並盡量保存在陰（暗）涼處,保存容器以單向排氣咖啡袋、儲豆罐或其它具單向排氣功能之容器為宜<br /><br />咖啡因含量：每10g含45±5mg（咖啡豆屬天然農產品，會因季節、產地及沖泡時間而影響咖啡因含量）<br /><br />出貨須知：接獲訂單後為您新鮮現烘，預定寄出日為5~7天。', 940, 1, 0, 20, 2, '', NULL),
(53, '1658894067', '模範生(一磅)', '具有豐富的芳香水果酸氣迷人,且帶有柑橘的明亮甜感,巧克力的餘韻油脂感特佳', '產地:哥倫比亞<br /><br />處理法:水洗<br /><br />風味:柑橘/可可/奶油<br /><br />具有豐富的芳香水果酸氣迷人,且帶有柑橘的明亮甜感,巧克力的餘韻油脂感特佳 ', '成分：100% 阿拉比卡咖啡豆<br /><br />商品規格：454g±4g<br /><br />製造地：台灣<br /><br />保存期限：12個月，製造日期如包裝標示<br /><br />儲存方法：咖啡豆均屬新鮮烘焙，因此我們建議您在一個月的最佳賞味期間內飲用完畢完，並盡量保存在陰（暗）涼處,保存容器以單向排氣咖啡袋、儲豆罐或其它具單向排氣功能之容器為宜<br /><br />咖啡因含量：每10g含45±5mg（咖啡豆屬天然農產品，會因季節、產地及沖泡時間而影響咖啡因含量）<br /><br />出貨須知：接獲訂單後為您新鮮現烘，預定寄出日為5~7天。', 880, 1, 0, 20, 2, '', NULL),
(54, '1658894127', '征服者(一磅)', '征服者入口可感受到濃郁的黑可克力口感,同時具有豐富且厚實的奶油風味', '產地:哥斯大黎加<br /><br />處理法:水洗<br /><br />風味:黑巧克力/可可/奶油<br /><br />征服者入口可感受到濃郁的黑可克力口感,同時具有豐富且厚實的奶油風味', '成分：100% 阿拉比卡咖啡豆<br /><br />商品規格：454g±4g<br /><br />製造地：台灣<br /><br />保存期限：6個月，製造日期如包裝標示<br /><br />儲存方法：咖啡豆均屬新鮮烘焙，因此我們建議您在一個月的最佳賞味期間內飲用完畢完，並盡量保存在陰（暗）涼處,保存容器以單向排氣咖啡袋、儲豆罐或其它具單向排氣功能之容器為宜<br /><br />咖啡因含量：每10g含45±5mg（咖啡豆屬天然農產品，會因季節、產地及沖泡時間而影響咖啡因含量）<br /><br />出貨須知：接獲訂單後為您新鮮現烘，預定寄出日為5~7天。', 880, 1, 0, 20, 2, '', NULL),
(55, '1658894218', '木蘭花(一磅)', '優雅的韻味瀰漫著蜂蜜堅果,百香果的香氣口感,同時具有宛如蔗糖般的濃郁香氣,在味蕾留下輕柔的口感', '產地:哥斯大黎加<br /><br />處理法:水洗<br /><br />風味:蜂蜜/堅果/百香果<br /><br />優雅的韻味瀰漫著蜂蜜堅果,百香果的香氣口感,同時具有宛如蔗糖般的濃郁香氣,在味蕾留下輕柔的口感', '成分：100% 阿拉比卡咖啡豆<br /><br />商品規格：454g±4g<br /><br />製造地：台灣<br /><br />保存期限：6個月，製造日期如包裝標示<br /><br />儲存方法：咖啡豆均屬新鮮烘焙，因此我們建議您在一個月的最佳賞味期間內飲用完畢完，並盡量保存在陰（暗）涼處,保存容器以單向排氣咖啡袋、儲豆罐或其它具單向排氣功能之容器為宜<br /><br />咖啡因含量：每10g含45±5mg（咖啡豆屬天然農產品，會因季節、產地及沖泡時間而影響咖啡因含量）<br /><br />出貨須知：接獲訂單後為您新鮮現烘，預定寄出日為5~7天。', 880, 1, 0, 200, 2, '', NULL),
(56, '1658894268', '瓜地馬拉花神(一磅)', '花神具有非常愉悅優雅花香主體的風味,酸性柔和且以巧克力般的風味尾韻作結,整體口感乾淨且明亮', '產地:瓜地馬拉<br /><br />處理法:水洗<br /><br />風味:核果/可可/花香味/柑橘<br /><br />花神具有非常愉悅優雅花香主體的風味,酸性柔和且以巧克力般的風味尾韻作結,整體口感乾淨且明亮', '成分：100% 阿拉比卡咖啡豆<br /><br />商品規格：454g±4g<br /><br />製造地：台灣<br /><br />保存期限：6個月，製造日期如包裝標示<br /><br />儲存方法：咖啡豆均屬新鮮烘焙，因此我們建議您在一個月的最佳賞味期間內飲用完畢完，並盡量保存在陰（暗）涼處,保存容器以單向排氣咖啡袋、儲豆罐或其它具單向排氣功能之容器為宜<br /><br />咖啡因含量：每10g含45±5mg（咖啡豆屬天然農產品，會因季節、產地及沖泡時間而影響咖啡因含量）<br /><br />出貨須知：接獲訂單後為您新鮮現烘，預定寄出日為5~7天。', 800, 1, 0, 200, 2, '', NULL),
(57, 'UNIX_TIMESTAMP()', '耶加雪菲(一磅)', '日曬耶加雪菲具有濃郁奔放的水果香,柔和綿長的蜜桃莓果酸卻不刺激,風味甜度高酸度明亮且細膩', '產地:衣索比亞<br /><br />處理法:日曬<br /><br />風味:莓果/蜜桃<br /><br />日曬耶加雪菲具有濃郁奔放的水果香,柔和綿長的蜜桃莓果酸卻不刺激,風味甜度高酸度明亮且細膩', '成分：100% 阿拉比卡咖啡豆<br /><br />商品規格：454g±4g<br /><br />製造地：台灣<br /><br />保存期限：6個月，製造日期如包裝標示<br /><br />儲存方法：咖啡豆均屬新鮮烘焙，因此我們建議您在一個月的最佳賞味期間內飲用完畢完，並盡量保存在陰（暗）涼處,保存容器以單向排氣咖啡袋、儲豆罐或其它具單向排氣功能之容器為宜<br /><br />咖啡因含量：每10g含45±5mg（咖啡豆屬天然農產品，會因季節、產地及沖泡時間而影響咖啡因含量）<br /><br />出貨須知：接獲訂單後為您新鮮現烘，預定寄出日為5~7天。', 840, 1, 0, 20, 2, '', NULL),
(58, '1658894347', '黃金曼巴(一磅)', '口感厚實甘醇的頂級黃金曼特寧搭配核果香氣絕佳的巴西咖啡豆,完美平衡呈現奶油的質感與明顯的可可味', '產地:印尼/巴西<br /><br />處理法:半水洗<br /><br />風味:可可韻味/草本香韻/奶油<br /><br />口感厚實甘醇的頂級黃金曼特寧搭配核果香氣絕佳的巴西咖啡豆,完美平衡呈現奶油的質感與明顯的可可味', '成分：100% 阿拉比卡咖啡豆<br /><br />商品規格：454g±4g<br /><br />製造地：台灣<br /><br />保存期限：6個月，製造日期如包裝標示<br /><br />儲存方法：咖啡豆均屬新鮮烘焙，因此我們建議您在一個月的最佳賞味期間內飲用完畢完，並盡量保存在陰（暗）涼處,保存容器以單向排氣咖啡袋、儲豆罐或其它具單向排氣功能之容器為宜<br /><br />咖啡因含量：每10g含45±5mg（咖啡豆屬天然農產品，會因季節、產地及沖泡時間而影響咖啡因含量）<br /><br />出貨須知：接獲訂單後為您新鮮現烘，預定寄出日為5~7天。', 800, 1, 2, 20, 2, '', NULL),
(59, '1658894397', '黃金曼特寧(一磅)', '手選三次,挑選20目左右碩大的特優級曼特寧生豆,豆質結實緊密,豐富油脂帶出巧克力般滑順奶油般香甜', '產地:印尼<br /><br />處理法:半水洗<br /><br />風味:焦糖/草本/麥香<br /><br />手選三次,挑選20目左右碩大的特優級曼特寧生豆,豆質結實緊密,豐富油脂帶出巧克力般滑順奶油般香甜', '成分：100% 阿拉比卡咖啡豆<br /><br />商品規格：454g±4g<br /><br />製造地：台灣<br /><br />保存期限：6個月，製造日期如包裝標示<br /><br />儲存方法：咖啡豆均屬新鮮烘焙，因此我們建議您在一個月的最佳賞味期間內飲用完畢完，並盡量保存在陰（暗）涼處,保存容器以單向排氣咖啡袋、儲豆罐或其它具單向排氣功能之容器為宜<br /><br />咖啡因含量：每10g含45±5mg（咖啡豆屬天然農產品，會因季節、產地及沖泡時間而影響咖啡因含量）<br /><br />出貨須知：接獲訂單後為您新鮮現烘，預定寄出日為5~7天。', 940, 1, 0, 240, 2, '', NULL),
(60, '1658894442', '曼巴(一磅)', '口感厚實甘醇的曼特寧搭配核果香氣絕佳的巴西咖啡豆,奶油的質感與明顯的可可味搭配後清雅的回甘口感一直會讓人回味無窮', '產地:印尼/巴西<br /><br />處理法:半水洗<br /><br />風味:可可韻/奶油/草本香韻<br /><br />口感厚實甘醇的曼特寧搭配核果香氣絕佳的巴西咖啡豆,奶油的質感與明顯的可可味搭配後清雅的回甘口感一直會讓人回味無窮', '成分：100% 阿拉比卡咖啡豆<br /><br />商品規格：454g±4g<br /><br />製造地：台灣<br /><br />保存期限：6個月，製造日期如包裝標示<br /><br />儲存方法：咖啡豆均屬新鮮烘焙，因此我們建議您在一個月的最佳賞味期間內飲用完畢完，並盡量保存在陰（暗）涼處,保存容器以單向排氣咖啡袋、儲豆罐或其它具單向排氣功能之容器為宜<br /><br />咖啡因含量：每10g含45±5mg（咖啡豆屬天然農產品，會因季節、產地及沖泡時間而影響咖啡因含量）<br /><br />出貨須知：接獲訂單後為您新鮮現烘，預定寄出日為5~7天。', 640, 1, 0, 200, 2, '', NULL),
(61, '1658894482', '曼特寧(一磅)', '為蘇門答臘最具代表的咖啡豆,其草本風味質感濃郁芳香度特強,口感厚實的甘甜味是它的獨到之處,對於度喜歡酸味的人的最佳選擇', '產地:印尼<br /><br />處理法:半水洗<br /><br />風味:奶油/草本香韻<br /><br />為蘇門答臘最具代表的咖啡豆,其草本風味質感濃郁芳香度特強,口感厚實的甘甜味是它的獨到之處,對於度喜歡酸味的人的最佳選擇', '成分：100% 阿拉比卡咖啡豆<br /><br />商品規格：454g±4g<br /><br />製造地：台灣<br /><br />保存期限：12個月，製造日期如包裝標示<br /><br />儲存方法：咖啡豆均屬新鮮烘焙，因此我們建議您在一個月的最佳賞味期間內飲用完畢完，並盡量保存在陰（暗）涼處,保存容器以單向排氣咖啡袋、儲豆罐或其它具單向排氣功能之容器為宜<br /><br />咖啡因含量：每10g含45±5mg（咖啡豆屬天然農產品，會因季節、產地及沖泡時間而影響咖啡因含量）<br /><br />出貨須知：接獲訂單後為您新鮮現烘，預定寄出日為5~7天。', 640, 1, 0, 200, 2, '', NULL),
(62, '1658894535', '義式綜合豆(一磅)', '使用當季最新鮮100%阿拉比卡咖啡豆,經由專業烘焙來呈現濃郁口感及可可韻味,並帶有淡淡果香餘韻,非常適合調配拿鐵以及卡布奇諾', '產地:亞洲/中南美洲/非洲<br /><br />風味:可可韻味<br /><br />使用當季最新鮮100%阿拉比卡咖啡豆,經由專業烘焙來呈現濃郁口感及可可韻味,並帶有淡淡果香餘韻,非常適合調配拿鐵以及卡布奇諾', '成分：100% 阿拉比卡咖啡豆<br /><br />商品規格：454g±4g<br /><br />製造地：台灣<br /><br />保存期限：12個月，製造日期如包裝標示<br /><br />儲存方法：咖啡豆均屬新鮮烘焙，因此我們建議您在一個月的最佳賞味期間內飲用完畢完，並盡量保存在陰（暗）涼處,保存容器以單向排氣咖啡袋、儲豆罐或其它具單向排氣功能之容器為宜<br /><br />咖啡因含量：每10g含45±5mg（咖啡豆屬天然農產品，會因季節、產地及沖泡時間而影響咖啡因含量）<br /><br />出貨須知：接獲訂單後為您新鮮現烘，預定寄出日為5~7天。', 600, 1, 0, 200, 2, '', NULL);

-- --------------------------------------------------------

--
-- 資料表結構 `productsold`
--

CREATE TABLE `productsold` (
  `products_sid` int(11) NOT NULL,
  `products_number` varchar(255) DEFAULT 'UNIX_TIMESTAMP()',
  `products_name` varchar(255) NOT NULL,
  `products_introduction` varchar(255) DEFAULT NULL,
  `products_detail_introduction` varchar(511) DEFAULT NULL,
  `products_price` int(11) DEFAULT NULL,
  `products_forsale` int(11) DEFAULT NULL,
  `products_onsale` int(11) DEFAULT NULL,
  `products_stocks` int(11) DEFAULT NULL,
  `products_with_products_categories_sid` int(11) DEFAULT NULL,
  `products_with_products_style_filter_sid` int(11) DEFAULT NULL
) ENGINE=InnoDB DEFAULT CHARSET=utf8mb4;

--
-- 傾印資料表的資料 `productsold`
--

INSERT INTO `productsold` (`products_sid`, `products_number`, `products_name`, `products_introduction`, `products_detail_introduction`, `products_price`, `products_forsale`, `products_onsale`, `products_stocks`, `products_with_products_categories_sid`, `products_with_products_style_filter_sid`) VALUES
(1, '1655026660', '曼巴咖啡(一包十入)', '濾掛式曼巴咖啡, 一包十入', '捨去曼特寧的濃烈與巴西的酸味，將曼特寧圓潤厚重的苦味與巴西微甜融合成溫順的曼巴，散發出自然甘甜的清香，集優雅的清爽與強勁香醇於一杯。', 320, 0, 1, 3500, 2, 2),
(2, '1655027037', '瓜地馬拉花神(一包十入)', '瓜地馬拉花神(十包一入)', '花神具有非常愉悅優雅花香主體的風味,酸性柔和且以巧克力般的風味尾韻作結,整體口感乾淨且明亮', 320, 0, 1, 5000, 2, 1),
(3, '1655027132', '耶加雪菲(一包十入)', '耶加雪菲(一包十入)', '日曬耶加雪菲具有濃郁奔放的水果香,柔和綿長的蜜桃莓果酸卻不刺激,風味甜度高酸度明亮且細膩', 320, 1, 1, 5000, 2, 1),
(4, '1655027187', '黃金曼特寧(一包十入)', '黃金曼特寧(一包十入)', '手選三次,挑選20目左右碩大的特優級曼特寧生豆,豆質結實緊密,豐富油脂帶出巧克力般滑順奶油般香甜', 370, 1, 1, 4997, 2, 2),
(5, '1655027252', '曼特寧(十包一入)', '曼特寧(十包一入)', '為蘇門答臘最具代表的咖啡豆,其草本風味質感濃郁芳香度特強,口感厚實的甘甜味是它的獨到之處,對於度喜歡酸味的人的最佳選擇', 320, 1, 1, 1000, 2, 1),
(6, '1655027314', '義式綜合豆(十包一入)', '義式綜合豆(十包一入)', '使用當季最新鮮100%阿拉比卡咖啡豆,經由專業烘焙來呈現濃郁口感及可可韻味,並帶有淡淡果香餘韻,非常適合調配拿鐵以及卡布奇諾', 270, 1, 1, 5000, 2, 1),
(7, '1655027409', '肯亞 (半磅)', '肯亞 (半磅)', 'AA TOP最高等級的肯亞咖啡豆其濃郁的黑梅香氣,口感豐富且尾韻悠長,轉化為肯亞特有的甜,一入口紅酒般的餘韻在口中揮之不去', 470, 1, 1, 2000, 3, 2),
(8, '1655027457', '瓜地馬拉花神(半磅)', '瓜地馬拉花神(半磅)', '花神具有非常愉悅優雅花香主體的風味,酸性柔和且以巧克力般的風味尾韻作結,整體口感乾淨且明亮', 440, 1, 1, 3000, 3, 1),
(9, '1655027524', '黃金曼特寧(半磅)', '黃金曼特寧(半磅)', '手選三次,挑選20目左右碩大的特優級曼特寧生豆,豆質結實緊密,豐富油脂帶出巧克力般滑順奶油般香甜', 470, 1, 1, 2000, 3, 1),
(10, '1655027593', '濾紙(大)', '濾紙(大)', '濾紙(大)', 150, 1, 1, 5000, 4, 4),
(11, '1655027640', '濾紙(小)', '濾紙(小)', '濾紙(小)', 100, 1, 1, 3000, 4, 4),
(12, '1655027811', '電動慢磨機', '電動慢磨機', '「全世界研磨速度最慢」的電動咖啡磨豆機，以「最慢磨」呈現「最完整」的咖啡風味', 2800, 1, 1, 500, 4, 3),
(13, '1655085380', '曼巴咖啡', '曼巴咖啡(一包十入)', '曼巴咖啡(一包十入)', 500, 1, 1, 3000, 3, 1);

-- --------------------------------------------------------

--
-- 資料表結構 `products_categories`
--

CREATE TABLE `products_categories` (
  `products_categories_sid` int(11) NOT NULL,
  `products_categories_name` varchar(255) NOT NULL
) ENGINE=InnoDB DEFAULT CHARSET=utf8mb4;

--
-- 傾印資料表的資料 `products_categories`
--

INSERT INTO `products_categories` (`products_categories_sid`, `products_categories_name`) VALUES
(1, '濾掛式咖啡'),
(2, '咖啡豆'),
(3, '咖啡周邊器具'),
(4, '禮盒'),
(5, '電子禮物卡');

-- --------------------------------------------------------

--
-- 資料表結構 `products_pic`
--

CREATE TABLE `products_pic` (
  `products_pic_sid` int(11) NOT NULL,
  `products_pic_one` varchar(255) DEFAULT NULL,
  `products_pic_multi` varchar(255) DEFAULT NULL
) ENGINE=InnoDB DEFAULT CHARSET=utf8mb4;

--
-- 傾印資料表的資料 `products_pic`
--

INSERT INTO `products_pic` (`products_pic_sid`, `products_pic_one`, `products_pic_multi`) VALUES
(1, '001.jpg', '001.jpg,1bc549de4d520b1e765047a986212ae5.jpg,002.jpg'),
(2, 'bag-coffee2.jpg', 'bag-coffee2.jpg,black-g0ea50eca3_1280.png,bread-g89f67674b_1920.jpg'),
(3, 'manba_bean.jfif', 'caffeine-gf6a927184_1920.jpg,cappuccino-g6d10d7112_1920.jpg,coffee-g3b12ecac6_1920.jpg'),
(4, 'filter.jpg', 'filter.jpg,filter2.jpg,filter3.jpg'),
(5, 'filter.jpg', 'coffee-g44d7e5c82_1920.jpg,filter2.jpg,filter3.jpg'),
(6, 'bag-coffee.jpg', 'bag-coffee2.jpg,coffee-g8ca4ec8b4_1920.jpg,coffee-g138b683d2_1920.jpg'),
(7, 'bag-coffee.jpg', 'bag-coffee2.jpg,coffee-g8ca4ec8b4_1920.jpg,coffee-g94f7ab5a8_1920.jpg'),
(8, 'manba_bean.jfif', 'black-g0ea50eca3_1280.png,coffee-gb0b4b4db0_1920.jpg,drip-bag.jpg'),
(9, 'manba_bean.jfif', 'coffee-g75832e31d_1920.jpg,coffee-gede84c1ac_1280.png,drip-bag.jpg'),
(10, 'manba_bean.jfif', 'coffee-gede84c1ac_1280.png,drip-bag.jpg,fresh-g771eed6be_1920.jpg'),
(11, 'bread-g643eb7d6e_1920.jpg', 'bag-coffee2.jpg,black-g0ea50eca3_1280.png,bread-g89f67674b_1920.jpg'),
(12, 'coffee-beans-g9399da144_1920.jpg', 'coffee-g3b12ecac6_1920.jpg,coffee-g4c1b28f2f_1920.jpg,coffee-g7a056ccf3_1920.jpg'),
(13, 'bag-coffee2.jpg', 'bread-gd15cddef5_1920.jpg,bread-ge911522ba_1920.jpg,breakfast-g6d1290702_1280.png'),
(14, 'bag-coffee.jpg', 'coffee-g94f7ab5a8_1920.jpg,coffee-g138b683d2_1920.jpg,coffee-gb0b4b4db0_1920.jpg'),
(15, 'bag-coffee2.jpg', 'coffee-g3b12ecac6_1920.jpg,coffee-g4c1b28f2f_1920.jpg,coffee-g7a056ccf3_1920.jpg'),
(16, 'manba_bean.jfif', 'coffee-g0d5529a14_1920.jpg,coffee-g94f7ab5a8_1920.jpg,drip-bag.jpg'),
(17, 'manba_bean.jfif', 'caffeine-gf6a927184_1920.jpg,cappuccino-g6d10d7112_1920.jpg,coffee-g94f7ab5a8_1920.jpg'),
(18, 'manba_bean.jfif', 'caffeine-gf6a927184_1920.jpg,coffee-g0d5529a14_1920.jpg,coffee-g4c1b28f2f_1920.jpg'),
(19, 'manba_bean.jfif', 'coffee-g3b12ecac6_1920.jpg,coffee-g4c1b28f2f_1920.jpg,coffee-g75832e31d_1920.jpg'),
(20, 'manba_bean.jfif', 'cappuccino-g6d10d7112_1920.jpg,coffee-g4c1b28f2f_1920.jpg,coffee-g7a056ccf3_1920.jpg'),
(21, 'manba_bean.jfif', 'caffeine-gf6a927184_1920.jpg,cappuccino-g6d10d7112_1920.jpg,coffee-g4c1b28f2f_1920.jpg'),
(22, 'bag-coffee2.jpg', 'coffee-g0d5529a14_1920.jpg,coffee-g4c1b28f2f_1920.jpg,coffee-gb0b4b4db0_1920.jpg'),
(23, 'bag-coffee2.jpg', 'coffee-g4c1b28f2f_1920.jpg,coffee-g8ca4ec8b4_1920.jpg,coffee-gb0b4b4db0_1920.jpg'),
(24, 'bag-coffee2.jpg', 'cappuccino-g6d10d7112_1920.jpg,coffee-g3b12ecac6_1920.jpg,coffee-g4c1b28f2f_1920.jpg'),
(25, 'filter.jpg', 'filter.jpg,filter2.jpg,filter3.jpg'),
(26, 'filter.jpg', 'filter.jpg,filter2.jpg,filter3.jpg'),
(27, 'grider.png', 'coffee-g138b683d2_1920.jpg,coffee-g850f645ff_1920.jpg,coffee-g75832e31d_1920.jpg'),
(28, 'cappuccino-g6d10d7112_1920.jpg', 'caffeine-gf6a927184_1920.jpg,cappuccino-g6d10d7112_1920.jpg,caviar-sandwich-gf30000537_1920.jpg,coffee-beans-g093f8a9bc_1920.jpg');

-- --------------------------------------------------------

--
-- 資料表結構 `products_style_filter`
--

CREATE TABLE `products_style_filter` (
  `products_style_filter_sid` int(11) NOT NULL,
  `products_style_filter_categories` varchar(255) NOT NULL
) ENGINE=InnoDB DEFAULT CHARSET=utf8mb4;

--
-- 傾印資料表的資料 `products_style_filter`
--

INSERT INTO `products_style_filter` (`products_style_filter_sid`, `products_style_filter_categories`) VALUES
(1, '偏酸'),
(2, '偏苦'),
(3, '器材'),
(4, '耗材'),
(5, '咖啡禮盒'),
(6, '食品禮盒'),
(7, '電子卡');

-- --------------------------------------------------------

--
-- 資料表結構 `reply`
--

CREATE TABLE `reply` (
  `sid` int(11) NOT NULL,
  `content` varchar(255) NOT NULL,
  `comment_sid` int(11) NOT NULL,
  `created_at` date NOT NULL,
  `member_sid` int(11) NOT NULL
) ENGINE=InnoDB DEFAULT CHARSET=utf8;

--
-- 傾印資料表的資料 `reply`
--

INSERT INTO `reply` (`sid`, `content`, `comment_sid`, `created_at`, `member_sid`) VALUES
(1, '這邊的老師都很會教，別擔心', 1, '2022-06-04', 1001);

-- --------------------------------------------------------

--
-- 資料表結構 `review`
--

CREATE TABLE `review` (
  `sid` int(11) NOT NULL,
  `score` int(11) NOT NULL,
  `content` varchar(255) NOT NULL,
  `likes` int(11) NOT NULL,
  `created_at` date NOT NULL,
  `uploaded_at` date DEFAULT NULL,
  `member_sid` int(11) NOT NULL,
  `member_nickname` varchar(255) NOT NULL
) ENGINE=InnoDB DEFAULT CHARSET=utf8;

-- --------------------------------------------------------

--
-- 資料表結構 `review_likes`
--

CREATE TABLE `review_likes` (
  `sid` int(11) NOT NULL,
  `review_sid` int(11) NOT NULL,
  `member_sid` int(11) NOT NULL
) ENGINE=InnoDB DEFAULT CHARSET=utf8mb4;

-- --------------------------------------------------------

--
-- 資料表結構 `sessions`
--

CREATE TABLE `sessions` (
  `session_id` varchar(128) CHARACTER SET utf8mb4 COLLATE utf8mb4_bin NOT NULL,
  `expires` int(11) UNSIGNED NOT NULL,
  `data` mediumtext CHARACTER SET utf8mb4 COLLATE utf8mb4_bin DEFAULT NULL
) ENGINE=InnoDB DEFAULT CHARSET=utf8mb4;

-- --------------------------------------------------------

--
-- 資料表結構 `tag`
--

CREATE TABLE `tag` (
  `sid` int(11) NOT NULL,
  `name` varchar(255) NOT NULL,
  `times` int(11) NOT NULL DEFAULT 1
) ENGINE=InnoDB DEFAULT CHARSET=utf8mb4;

--
-- 傾印資料表的資料 `tag`
--

INSERT INTO `tag` (`sid`, `name`, `times`) VALUES
(1, '拿鐵', 3),
(2, '拉花', 8),
(3, '好有趣阿', 3),
(4, '拉花好好玩', 2),
(16, '咖啡', 3),
(17, '可愛', 2),
(18, '課程', 2),
(19, '有趣', 1),
(20, '漢堡', 1),
(21, '薯條', 1),
(22, '好粗', 2),
(23, '法棍', 1),
(24, '環境', 3),
(25, '超美', 1),
(26, '拉花好無聊', 2),
(27, '拉花課程', 4),
(28, '咖啡豆', 1),
(29, 'cp值', 12),
(30, '1234', 1),
(31, '12345', 1),
(32, '無聊', 1);

--
-- 已傾印資料表的索引
--

--
-- 資料表索引 `admin`
--
ALTER TABLE `admin`
  ADD PRIMARY KEY (`admin_sid`);

--
-- 資料表索引 `cart`
--
ALTER TABLE `cart`
  ADD PRIMARY KEY (`cart_sid`);

--
-- 資料表索引 `comment`
--
ALTER TABLE `comment`
  ADD PRIMARY KEY (`sid`);

--
-- 資料表索引 `coupon`
--
ALTER TABLE `coupon`
  ADD PRIMARY KEY (`sid`);

--
-- 資料表索引 `coupon_logs`
--
ALTER TABLE `coupon_logs`
  ADD PRIMARY KEY (`sid`);

--
-- 資料表索引 `coupon_receive`
--
ALTER TABLE `coupon_receive`
  ADD PRIMARY KEY (`sid`);

--
-- 資料表索引 `course`
--
ALTER TABLE `course`
  ADD PRIMARY KEY (`course_sid`);

--
-- 資料表索引 `course_backup`
--
ALTER TABLE `course_backup`
  ADD PRIMARY KEY (`course_sid`);

--
-- 資料表索引 `course_related`
--
ALTER TABLE `course_related`
  ADD PRIMARY KEY (`sid`);

--
-- 資料表索引 `food_choice`
--
ALTER TABLE `food_choice`
  ADD PRIMARY KEY (`food_choice_sid`);

--
-- 資料表索引 `food_icesugar`
--
ALTER TABLE `food_icesugar`
  ADD PRIMARY KEY (`food_icesugar_sid`);

--
-- 資料表索引 `lastest_news`
--
ALTER TABLE `lastest_news`
  ADD PRIMARY KEY (`news_sid`);

--
-- 資料表索引 `mapapi`
--
ALTER TABLE `mapapi`
  ADD PRIMARY KEY (`mapapi_sid`);

--
-- 資料表索引 `member`
--
ALTER TABLE `member`
  ADD PRIMARY KEY (`member_sid`),
  ADD UNIQUE KEY `member_account` (`member_account`);

--
-- 資料表索引 `member_likes`
--
ALTER TABLE `member_likes`
  ADD PRIMARY KEY (`sid`);

--
-- 資料表索引 `menu`
--
ALTER TABLE `menu`
  ADD PRIMARY KEY (`menu_sid`);

--
-- 資料表索引 `menu1`
--
ALTER TABLE `menu1`
  ADD PRIMARY KEY (`menu_sid`);

--
-- 資料表索引 `order`
--
ALTER TABLE `order`
  ADD PRIMARY KEY (`order_sid`);

--
-- 資料表索引 `points_record`
--
ALTER TABLE `points_record`
  ADD PRIMARY KEY (`sid`);

--
-- 資料表索引 `points_user`
--
ALTER TABLE `points_user`
  ADD PRIMARY KEY (`sid`);

--
-- 資料表索引 `post`
--
ALTER TABLE `post`
  ADD PRIMARY KEY (`sid`);

--
-- 資料表索引 `post_img`
--
ALTER TABLE `post_img`
  ADD PRIMARY KEY (`sid`);

--
-- 資料表索引 `post_tag`
--
ALTER TABLE `post_tag`
  ADD PRIMARY KEY (`sid`);

--
-- 資料表索引 `products`
--
ALTER TABLE `products`
  ADD PRIMARY KEY (`products_sid`);

--
-- 資料表索引 `productsold`
--
ALTER TABLE `productsold`
  ADD PRIMARY KEY (`products_sid`);

--
-- 資料表索引 `products_categories`
--
ALTER TABLE `products_categories`
  ADD PRIMARY KEY (`products_categories_sid`);

--
-- 資料表索引 `products_pic`
--
ALTER TABLE `products_pic`
  ADD PRIMARY KEY (`products_pic_sid`);

--
-- 資料表索引 `products_style_filter`
--
ALTER TABLE `products_style_filter`
  ADD PRIMARY KEY (`products_style_filter_sid`);

--
-- 資料表索引 `reply`
--
ALTER TABLE `reply`
  ADD PRIMARY KEY (`sid`);

--
-- 資料表索引 `review`
--
ALTER TABLE `review`
  ADD PRIMARY KEY (`sid`);

--
-- 資料表索引 `review_likes`
--
ALTER TABLE `review_likes`
  ADD PRIMARY KEY (`sid`);

--
-- 資料表索引 `sessions`
--
ALTER TABLE `sessions`
  ADD PRIMARY KEY (`session_id`);

--
-- 資料表索引 `tag`
--
ALTER TABLE `tag`
  ADD PRIMARY KEY (`sid`);

--
-- 在傾印的資料表使用自動遞增(AUTO_INCREMENT)
--

--
-- 使用資料表自動遞增(AUTO_INCREMENT) `admin`
--
ALTER TABLE `admin`
  MODIFY `admin_sid` int(11) NOT NULL AUTO_INCREMENT, AUTO_INCREMENT=4;

--
-- 使用資料表自動遞增(AUTO_INCREMENT) `cart`
--
ALTER TABLE `cart`
  MODIFY `cart_sid` int(10) NOT NULL AUTO_INCREMENT, AUTO_INCREMENT=47;

--
-- 使用資料表自動遞增(AUTO_INCREMENT) `comment`
--
ALTER TABLE `comment`
  MODIFY `sid` int(11) NOT NULL AUTO_INCREMENT, AUTO_INCREMENT=23;

--
-- 使用資料表自動遞增(AUTO_INCREMENT) `coupon`
--
ALTER TABLE `coupon`
  MODIFY `sid` int(11) NOT NULL AUTO_INCREMENT, AUTO_INCREMENT=12;

--
-- 使用資料表自動遞增(AUTO_INCREMENT) `coupon_logs`
--
ALTER TABLE `coupon_logs`
  MODIFY `sid` int(11) NOT NULL AUTO_INCREMENT, AUTO_INCREMENT=7;

--
-- 使用資料表自動遞增(AUTO_INCREMENT) `coupon_receive`
--
ALTER TABLE `coupon_receive`
  MODIFY `sid` int(11) NOT NULL AUTO_INCREMENT, AUTO_INCREMENT=18;

--
-- 使用資料表自動遞增(AUTO_INCREMENT) `course`
--
ALTER TABLE `course`
  MODIFY `course_sid` int(11) NOT NULL AUTO_INCREMENT, AUTO_INCREMENT=100;

--
-- 使用資料表自動遞增(AUTO_INCREMENT) `course_backup`
--
ALTER TABLE `course_backup`
  MODIFY `course_sid` int(11) NOT NULL AUTO_INCREMENT, AUTO_INCREMENT=8;

--
-- 使用資料表自動遞增(AUTO_INCREMENT) `course_related`
--
ALTER TABLE `course_related`
  MODIFY `sid` int(11) NOT NULL AUTO_INCREMENT, AUTO_INCREMENT=4;

--
-- 使用資料表自動遞增(AUTO_INCREMENT) `food_choice`
--
ALTER TABLE `food_choice`
  MODIFY `food_choice_sid` int(11) NOT NULL AUTO_INCREMENT, AUTO_INCREMENT=30;

--
-- 使用資料表自動遞增(AUTO_INCREMENT) `food_icesugar`
--
ALTER TABLE `food_icesugar`
  MODIFY `food_icesugar_sid` int(11) NOT NULL AUTO_INCREMENT, AUTO_INCREMENT=19;

--
-- 使用資料表自動遞增(AUTO_INCREMENT) `lastest_news`
--
ALTER TABLE `lastest_news`
  MODIFY `news_sid` int(11) NOT NULL AUTO_INCREMENT, AUTO_INCREMENT=26;

--
-- 使用資料表自動遞增(AUTO_INCREMENT) `mapapi`
--
ALTER TABLE `mapapi`
  MODIFY `mapapi_sid` int(11) NOT NULL AUTO_INCREMENT, AUTO_INCREMENT=2;

--
-- 使用資料表自動遞增(AUTO_INCREMENT) `member`
--
ALTER TABLE `member`
  MODIFY `member_sid` int(11) NOT NULL AUTO_INCREMENT, AUTO_INCREMENT=42;

--
-- 使用資料表自動遞增(AUTO_INCREMENT) `member_likes`
--
ALTER TABLE `member_likes`
  MODIFY `sid` int(11) NOT NULL AUTO_INCREMENT, AUTO_INCREMENT=379;

--
-- 使用資料表自動遞增(AUTO_INCREMENT) `menu`
--
ALTER TABLE `menu`
  MODIFY `menu_sid` int(11) NOT NULL AUTO_INCREMENT, AUTO_INCREMENT=36;

--
-- 使用資料表自動遞增(AUTO_INCREMENT) `menu1`
--
ALTER TABLE `menu1`
  MODIFY `menu_sid` int(11) NOT NULL AUTO_INCREMENT, AUTO_INCREMENT=84;

--
-- 使用資料表自動遞增(AUTO_INCREMENT) `order`
--
ALTER TABLE `order`
  MODIFY `order_sid` int(11) NOT NULL AUTO_INCREMENT, AUTO_INCREMENT=29;

--
-- 使用資料表自動遞增(AUTO_INCREMENT) `points_record`
--
ALTER TABLE `points_record`
  MODIFY `sid` int(11) NOT NULL AUTO_INCREMENT, AUTO_INCREMENT=22;

--
-- 使用資料表自動遞增(AUTO_INCREMENT) `points_user`
--
ALTER TABLE `points_user`
  MODIFY `sid` int(11) NOT NULL AUTO_INCREMENT, AUTO_INCREMENT=1415;

--
-- 使用資料表自動遞增(AUTO_INCREMENT) `post`
--
ALTER TABLE `post`
  MODIFY `sid` int(11) NOT NULL AUTO_INCREMENT, AUTO_INCREMENT=178;

--
-- 使用資料表自動遞增(AUTO_INCREMENT) `post_img`
--
ALTER TABLE `post_img`
  MODIFY `sid` int(11) NOT NULL AUTO_INCREMENT, AUTO_INCREMENT=749;

--
-- 使用資料表自動遞增(AUTO_INCREMENT) `post_tag`
--
ALTER TABLE `post_tag`
  MODIFY `sid` int(11) NOT NULL AUTO_INCREMENT, AUTO_INCREMENT=79;

--
-- 使用資料表自動遞增(AUTO_INCREMENT) `products`
--
ALTER TABLE `products`
  MODIFY `products_sid` int(11) NOT NULL AUTO_INCREMENT, AUTO_INCREMENT=63;

--
-- 使用資料表自動遞增(AUTO_INCREMENT) `productsold`
--
ALTER TABLE `productsold`
  MODIFY `products_sid` int(11) NOT NULL AUTO_INCREMENT, AUTO_INCREMENT=14;

--
-- 使用資料表自動遞增(AUTO_INCREMENT) `products_categories`
--
ALTER TABLE `products_categories`
  MODIFY `products_categories_sid` int(11) NOT NULL AUTO_INCREMENT, AUTO_INCREMENT=7;

--
-- 使用資料表自動遞增(AUTO_INCREMENT) `products_pic`
--
ALTER TABLE `products_pic`
  MODIFY `products_pic_sid` int(11) NOT NULL AUTO_INCREMENT, AUTO_INCREMENT=29;

--
-- 使用資料表自動遞增(AUTO_INCREMENT) `products_style_filter`
--
ALTER TABLE `products_style_filter`
  MODIFY `products_style_filter_sid` int(11) NOT NULL AUTO_INCREMENT, AUTO_INCREMENT=8;

--
-- 使用資料表自動遞增(AUTO_INCREMENT) `reply`
--
ALTER TABLE `reply`
  MODIFY `sid` int(11) NOT NULL AUTO_INCREMENT, AUTO_INCREMENT=8;

--
-- 使用資料表自動遞增(AUTO_INCREMENT) `review`
--
ALTER TABLE `review`
  MODIFY `sid` int(11) NOT NULL AUTO_INCREMENT;

--
-- 使用資料表自動遞增(AUTO_INCREMENT) `review_likes`
--
ALTER TABLE `review_likes`
  MODIFY `sid` int(11) NOT NULL AUTO_INCREMENT;

--
-- 使用資料表自動遞增(AUTO_INCREMENT) `tag`
--
ALTER TABLE `tag`
  MODIFY `sid` int(11) NOT NULL AUTO_INCREMENT, AUTO_INCREMENT=33;
COMMIT;
